part_index,name,collection,group,sub,part,material,material_key,instance_of,ox,oy,oz,rx,ry,rz,sx,sy,sz,assembled,notes
1,ALTIMA2000_BODY_Side_Body_R,Body_Panels,BD,Side,Side_R,MAT_Paint_Gold_Metallic,paint_gold,,0.087558,-0.782162,0.687952,0.0,0.0,0.0,1.0,1.0,1.0,true,unibody side outer panel (rocker to belt line)
2,ALTIMA2000_BODY_Side_Body_L,Body_Panels,BD,Side,Side_L,MAT_Paint_Gold_Metallic,paint_gold,,0.087558,0.782162,0.687952,0.0,0.0,0.0,1.0,1.0,1.0,true,unibody side outer panel (rocker to belt line)
3,ALTIMA2000_SHEL_Floor_Underbody,Body_Structure,SH,Floor,Floor,MAT_Underseal,underbody,,0.0,0.0,0.22,0.0,0.0,0.0,1.0,1.0,1.0,true,underbody floor pressing with seam sealer
4,ALTIMA2000_BODY_Rocker_Sill_R,Body_Panels,BD,Rocker,Sill_R,MAT_Paint_Gold_Metallic,paint_gold,,-0.134994,-0.368433,0.219697,0.0,0.0,0.0,1.0,1.0,1.0,true,rocker sill panel
5,ALTIMA2000_BODY_Rocker_Sill_L,Body_Panels,BD,Rocker,Sill_L,MAT_Paint_Gold_Metallic,paint_gold,,-0.134994,0.368433,0.219697,0.0,0.0,0.0,1.0,1.0,1.0,true,rocker sill panel
6,ALTIMA2000_BODY_Hood_Outer,Body_Panels,BD,Hood,Hood,MAT_Paint_Gold_Metallic,paint_gold,,1.351188,-0.0,0.975283,0.0,0.0,0.0,1.0,1.0,1.0,true,hood outer skin
7,ALTIMA2000_BODY_Hood_Inner,Body_Panels,BD,Hood,Hood,MAT_Underbody_SeamSealer,paint_under,,1.348733,-0.0,0.930881,0.0,0.0,0.0,1.0,1.0,1.0,true,hood inner panel (structural)
8,ALTIMA2000_BODY_HoodRib_Cross_A,Body_Panels,BD,Hood,HoodRib,MAT_Underbody_SeamSealer,paint_under,,1.05,0.0,0.955205,0.0,0.0,0.0,1.0,1.0,1.0,true,hood inner rib
9,ALTIMA2000_BODY_HoodRib_Cross_B,Body_Panels,BD,Hood,HoodRib,MAT_Underbody_SeamSealer,paint_under,,1.5,0.0,0.938449,0.0,0.0,0.0,1.0,1.0,1.0,true,hood inner rib
10,ALTIMA2000_BODY_Roof_Outer,Body_Panels,BD,Roof,Roof,MAT_Paint_Gold_Metallic,paint_gold,,-0.400121,-0.00233,1.386145,0.0,0.0,0.0,1.0,1.0,1.0,true,roof panel
11,ALTIMA2000_SHEL_RoofBow_001,Body_Structure,SH,Roof,RoofBow,MAT_Underbody_SeamSealer,paint_under,,0.0,0.0,0.0,0.0,0.0,0.0,1.0,1.0,1.0,true,roof bow reinforcement
12,ALTIMA2000_SHEL_RoofBow_002,Body_Structure,SH,Roof,RoofBow,MAT_Underbody_SeamSealer,paint_under,,0.0,0.0,0.0,0.0,0.0,0.0,1.0,1.0,1.0,true,roof bow reinforcement
13,ALTIMA2000_SHEL_RoofBow_003,Body_Structure,SH,Roof,RoofBow,MAT_Underbody_SeamSealer,paint_under,,0.0,0.0,0.0,0.0,0.0,0.0,1.0,1.0,1.0,true,roof bow reinforcement
14,ALTIMA2000_SHEL_RoofBow_004,Body_Structure,SH,Roof,RoofBow,MAT_Underbody_SeamSealer,paint_under,,0.0,0.0,0.0,0.0,0.0,0.0,1.0,1.0,1.0,true,roof bow reinforcement
15,ALTIMA2000_BODY_Fender_Front_R,Body_Panels,BD,Fender,Fender_R,MAT_Paint_Gold_Metallic,paint_gold,,1.632165,-0.839745,0.75974,0.0,0.0,0.0,1.0,1.0,1.0,true,front fender skin with wheel-arch cut
16,ALTIMA2000_BODY_FenderLiner_Front_R,Body_Panels,BD,Fender,Liner_R,MAT_Plastic_Black_Matte,plastic_blk_m,,1.632014,-0.650027,0.628133,0.0,0.0,0.0,1.0,1.0,1.0,true,front wheel-arch splash liner
17,ALTIMA2000_BODY_Fender_Front_L,Body_Panels,BD,Fender,Fender_L,MAT_Paint_Gold_Metallic,paint_gold,,1.632165,0.839745,0.75974,0.0,0.0,0.0,1.0,1.0,1.0,true,front fender skin with wheel-arch cut
18,ALTIMA2000_BODY_FenderLiner_Front_L,Body_Panels,BD,Fender,Liner_L,MAT_Plastic_Black_Matte,plastic_blk_m,,1.632014,0.650027,0.628133,0.0,0.0,0.0,1.0,1.0,1.0,true,front wheel-arch splash liner
19,ALTIMA2000_BODY_Quarter_Rear_R,Body_Panels,BD,Quarter,Quarter_R,MAT_Paint_Gold_Metallic,paint_gold,,-1.47049,-0.813362,0.814348,0.0,0.0,0.0,1.0,1.0,1.0,true,rear quarter panel
20,ALTIMA2000_BODY_QuarterInner_Rear_R,Body_Structure,SH,Quarter,QuarterInner_R,MAT_Underbody_SeamSealer,paint_under,,-1.092543,-0.694072,0.729497,0.0,0.0,0.0,1.0,1.0,1.0,true,quarter inner structure
21,ALTIMA2000_BODY_Quarter_Rear_L,Body_Panels,BD,Quarter,Quarter_L,MAT_Paint_Gold_Metallic,paint_gold,,-1.47049,0.813362,0.814348,0.0,0.0,0.0,1.0,1.0,1.0,true,rear quarter panel
22,ALTIMA2000_BODY_QuarterInner_Rear_L,Body_Structure,SH,Quarter,QuarterInner_L,MAT_Underbody_SeamSealer,paint_under,,-1.092543,0.694072,0.729497,0.0,0.0,0.0,1.0,1.0,1.0,true,quarter inner structure
23,ALTIMA2000_BODY_TrunkLid_Outer,Body_Panels,BD,Trunk,TrunkLid,MAT_Paint_Gold_Metallic,paint_gold,,-1.81284,2e-06,1.068487,0.0,0.0,0.0,1.0,1.0,1.0,true,trunk lid outer skin
24,ALTIMA2000_BODY_TrunkLid_Inner,Body_Panels,BD,Trunk,TrunkLid,MAT_Underbody_SeamSealer,paint_under,,-1.80532,2.3e-05,1.017554,0.0,0.0,0.0,1.0,1.0,1.0,true,trunk lid inner panel
25,ALTIMA2000_BODY_BumperCover_Front,Body_Panels,BD,Bumper,BumperCover_Front,MAT_Paint_Gold_Metallic,paint_gold,,2.627506,-1e-06,0.484796,0.0,0.0,0.0,1.0,1.0,1.0,true,front bumper cover (thermoplastic olefin)
26,ALTIMA2000_BODY_Valance_Front,Body_Panels,BD,Bumper,Valance_Front,MAT_Plastic_Black_Matte,plastic_blk_m,,2.587594,-0.0,0.133367,0.0,0.0,0.0,1.0,1.0,1.0,true,front lower valance / air dam
27,ALTIMA2000_BODY_BumperBeam_Front,Body_Structure,SH,Bumper,BumperBeam_Front,MAT_Steel_Structural,steel,,0.0,0.0,0.0,0.0,0.0,0.0,1.0,1.0,1.0,true,front bumper reinforcement beam
28,ALTIMA2000_BODY_BumperAbsorber_Front,Body_Panels,BD,Bumper,Absorber_Front,MAT_Seat_Foam_PU,foam,,0.0,0.0,0.0,0.0,0.0,0.0,1.0,1.0,1.0,true,front bumper energy absorber (EA foam)
29,ALTIMA2000_BODY_BumperBracket_Front_001,Body_Structure,SH,Bumper,BumperBracket_Front,MAT_Steel_Structural,steel,,0.0,0.0,0.0,0.0,0.0,0.0,1.0,1.0,1.0,true,bumper mounting bracket
30,ALTIMA2000_BODY_BumperBracket_Front_002,Body_Structure,SH,Bumper,BumperBracket_Front,MAT_Steel_Structural,steel,,0.0,0.0,0.0,0.0,0.0,0.0,1.0,1.0,1.0,true,bumper mounting bracket
31,ALTIMA2000_BODY_Grille_Assembly,Body_Panels,BD,Grille,Grille,MAT_Plastic_Black_Gloss,plastic_blk_g,,2.976127,-0.0,0.835892,0.0,0.0,0.0,1.0,1.0,1.0,true,front grille surround and bars
32,ALTIMA2000_MLDG_GrilleBar_Chrome_001,Trim_Exterior,MD,Grille,GrilleBar,MAT_Chrome_Trim,chrome,,0.0,0.0,0.0,0.0,0.0,0.0,1.0,1.0,1.0,true,chrome grille bar
33,ALTIMA2000_MLDG_GrilleBar_Chrome_002,Trim_Exterior,MD,Grille,GrilleBar,MAT_Chrome_Trim,chrome,,0.0,0.0,0.0,0.0,0.0,0.0,1.0,1.0,1.0,true,chrome grille bar
34,ALTIMA2000_MLDG_GrilleBar_Chrome_003,Trim_Exterior,MD,Grille,GrilleBar,MAT_Chrome_Trim,chrome,,0.0,0.0,0.0,0.0,0.0,0.0,1.0,1.0,1.0,true,chrome grille bar
35,ALTIMA2000_MLDG_GrilleBar_Chrome_004,Trim_Exterior,MD,Grille,GrilleBar,MAT_Chrome_Trim,chrome,,0.0,0.0,0.0,0.0,0.0,0.0,1.0,1.0,1.0,true,chrome grille bar
36,ALTIMA2000_BODY_BumperCover_Rear,Body_Panels,BD,Bumper,BumperCover_Rear,MAT_Paint_Gold_Metallic,paint_gold,,-2.49428,-1e-06,0.484797,0.0,0.0,0.0,1.0,1.0,1.0,true,rear bumper cover (thermoplastic olefin)
37,ALTIMA2000_BODY_Valance_Rear,Body_Panels,BD,Bumper,Valance_Rear,MAT_Plastic_Black_Matte,plastic_blk_m,,-2.50661,-0.0,0.131563,0.0,0.0,0.0,1.0,1.0,1.0,true,rear lower valance / air dam
38,ALTIMA2000_BODY_BumperBeam_Rear,Body_Structure,SH,Bumper,BumperBeam_Rear,MAT_Steel_Structural,steel,,0.0,0.0,0.0,0.0,0.0,0.0,1.0,1.0,1.0,true,rear bumper reinforcement beam
39,ALTIMA2000_BODY_BumperAbsorber_Rear,Body_Panels,BD,Bumper,Absorber_Rear,MAT_Seat_Foam_PU,foam,,0.0,0.0,0.0,0.0,0.0,0.0,1.0,1.0,1.0,true,rear bumper energy absorber (EA foam)
40,ALTIMA2000_BODY_BumperBracket_Rear_001,Body_Structure,SH,Bumper,BumperBracket_Rear,MAT_Steel_Structural,steel,,0.0,0.0,0.0,0.0,0.0,0.0,1.0,1.0,1.0,true,bumper mounting bracket
41,ALTIMA2000_BODY_BumperBracket_Rear_002,Body_Structure,SH,Bumper,BumperBracket_Rear,MAT_Steel_Structural,steel,,0.0,0.0,0.0,0.0,0.0,0.0,1.0,1.0,1.0,true,bumper mounting bracket
42,ALTIMA2000_BODY_Cowl_Panel,Body_Panels,BD,Cowl,Cowl,MAT_Plastic_Black_Matte,plastic_blk_m,,0.0,0.0,0.0,0.0,0.0,0.0,1.0,1.0,1.0,true,cowl top panel
43,ALTIMA2000_SHEL_RadiatorSupport_Panel,Body_Structure,SH,FrontEnd,RadiatorSupport,MAT_Steel_Structural,steel,,0.0,0.0,0.0,0.0,0.0,0.0,1.0,1.0,1.0,true,radiator core support panel
44,ALTIMA2000_SHEL_HeadlampPanel_Side,Body_Structure,SH,FrontEnd,HeadlampPanel,MAT_Steel_Structural,steel,,0.0,0.0,0.0,0.0,0.0,0.0,1.0,1.0,1.0,true,headlamp mounting panel
45,ALTIMA2000_SHEL_HeadlampPanel_Side_001,Body_Structure,SH,FrontEnd,HeadlampPanel,MAT_Steel_Structural,steel,,0.0,0.0,0.0,0.0,0.0,0.0,1.0,1.0,1.0,true,headlamp mounting panel
46,ALTIMA2000_SHEL_HeadlampPanel_Side_002,Body_Structure,SH,FrontEnd,HeadlampPanel,MAT_Steel_Structural,steel,,0.0,0.0,0.0,0.0,0.0,0.0,1.0,1.0,1.0,true,headlamp mounting panel
47,ALTIMA2000_SHEL_LatchPanel_Upper,Body_Structure,SH,FrontEnd,LatchPanel,MAT_Steel_Structural,steel,,0.0,0.0,0.0,0.0,0.0,0.0,1.0,1.0,1.0,true,hood latch striker panel
48,ALTIMA2000_SHEL_WheelHouse_Front_R,Body_Structure,SH,WheelHouse,WheelHouse_F_R,MAT_Underseal,underbody,,1.545781,0.642139,0.426599,0.0,0.0,0.0,1.0,1.0,1.0,true,front wheel house (strut tower side)
49,ALTIMA2000_SHEL_WheelHouse_Front_L,Body_Structure,SH,WheelHouse,WheelHouse_F_L,MAT_Underseal,underbody,,1.545781,-0.642139,0.426599,0.0,0.0,0.0,1.0,1.0,1.0,true,front wheel house (strut tower side)
50,ALTIMA2000_SHEL_StrutTower_Front_R,Body_Structure,SH,StrutTower,StrutTower_R,MAT_Steel_Structural,steel,,1.397917,0.519556,0.95,0.0,0.0,0.0,1.0,1.0,1.0,true,front suspension strut tower
51,ALTIMA2000_SHEL_StrutTower_Front_L,Body_Structure,SH,StrutTower,StrutTower_L,MAT_Steel_Structural,steel,,1.397917,-0.519556,0.95,0.0,0.0,0.0,1.0,1.0,1.0,true,front suspension strut tower
52,ALTIMA2000_SHEL_RearPanel_Assembly,Body_Structure,SH,RearEnd,RearPanel,MAT_Steel_Structural,steel,,0.0,0.0,0.0,0.0,0.0,0.0,1.0,1.0,1.0,true,rear body panel / tail panel
53,ALTIMA2000_SHEL_WheelHouse_Rear_R,Body_Structure,SH,WheelHouse,WheelHouse_R_R,MAT_Underseal,underbody,,-1.636877,0.637195,0.38355,0.0,0.0,0.0,1.0,1.0,1.0,true,rear wheel house
54,ALTIMA2000_SHEL_WheelHouse_Rear_L,Body_Structure,SH,WheelHouse,WheelHouse_R_L,MAT_Underseal,underbody,,-1.636877,-0.637195,0.38355,0.0,0.0,0.0,1.0,1.0,1.0,true,rear wheel house
55,ALTIMA2000_SHEL_ParcelShelf_Panel,Body_Structure,SH,ParcelShelf,ParcelShelf,MAT_Steel_Structural,steel,,-1.23,0.0,0.778492,0.0,0.0,0.0,1.0,1.0,1.0,true,rear parcel shelf panel
56,ALTIMA2000_SHEL_SpareWell_Pan,Body_Structure,SH,SpareWell,SpareWell,MAT_Steel_Structural,steel,,-1.58,0.0,0.338662,0.0,0.0,0.0,1.0,1.0,1.0,true,spare wheel well pressing
57,ALTIMA2000_BODY_FuelDoor_Side_001,Body_Panels,BD,Fuel,FuelDoor,MAT_Paint_Gold_Metallic,paint_gold,,-1.74,-0.851792,0.9,0.0,0.0,0.0,1.0,1.0,1.0,true,fuel filler door (R)
58,ALTIMA2000_BODY_FuelFiller_Neck_001,Body_Panels,BD,Fuel,FuelFiller,MAT_Steel_Structural,steel,,-1.74,-0.845792,0.9,0.0,0.0,0.0,1.0,1.0,1.0,true,fuel filler neck sealing disc (R)
59,ALTIMA2000_BODY_FuelDoor_Side_002,Body_Panels,BD,Fuel,FuelDoor,MAT_Paint_Gold_Metallic,paint_gold,,-1.74,0.851792,0.9,0.0,0.0,0.0,1.0,1.0,1.0,true,fuel filler door (L)
60,ALTIMA2000_BODY_FuelFiller_Neck_002,Body_Panels,BD,Fuel,FuelFiller,MAT_Steel_Structural,steel,,-1.74,0.845792,0.9,0.0,0.0,0.0,1.0,1.0,1.0,true,fuel filler neck sealing disc (L)
61,ALTIMA2000_DRM_Skin_FL,Door_Module_Skin,DRM,Skin,Skin_FL,MAT_Paint_Gold_Metallic,paint_gold,,0.180113,0.815935,0.738667,0.0,0.0,0.0,1.0,1.0,1.0,true,front door loose outer skin (removable)
62,ALTIMA2000_DOOR_InnerPanel_FL,Door_FL,DR,FL,InnerPanel_FL,MAT_Underbody_SeamSealer,paint_under,,0.180902,0.709414,0.641097,0.0,0.0,0.0,1.0,1.0,1.0,true,front door inner panel
63,ALTIMA2000_DRM_Frame_FL,Door_Module_Frame,DRM,Frame,Frame_FL,MAT_Paint_Gold_Metallic,paint_gold,,0.180485,0.789268,1.092037,0.0,0.0,0.0,1.0,1.0,1.0,true,front door frame (window frame + belt reinforcement)
64,ALTIMA2000_DOOR_ImpactBeam_FL,Door_FL,DR,FL,ImpactBeam_FL,MAT_Steel_Structural,steel,,0.18,0.794342,0.945,0.0,0.0,0.0,1.0,1.0,1.0,true,side impact beam
65,ALTIMA2000_DRM_Hinge_FL_001,Door_Module_Hardware,DRM,Hinge,Hinge_FL,MAT_Steel_Structural,steel,,0.0,0.0,0.0,0.0,0.0,0.0,1.0,1.0,1.0,true,door hinge
66,ALTIMA2000_DRM_Hinge_FL_002,Door_Module_Hardware,DRM,Hinge,Hinge_FL,MAT_Steel_Structural,steel,,0.0,0.0,0.0,0.0,0.0,0.0,1.0,1.0,1.0,true,door hinge
67,ALTIMA2000_DOOR_CheckStrap_FL,Door_FL,DR,FL,CheckStrap_FL,MAT_Steel_Structural,steel,,0.0,0.0,0.0,0.0,0.0,0.0,1.0,1.0,1.0,true,door check strap
68,ALTIMA2000_DRM_Latch_FL,Door_Module_Hardware,DRM,Latch,Latch_FL,MAT_Zinc_Plated,zinc,,0.0,0.0,0.0,0.0,0.0,0.0,1.0,1.0,1.0,true,door latch assembly
69,ALTIMA2000_DOOR_Handle_FL,Door_FL,DR,FL,Handle_FL,MAT_Chrome_Trim,chrome,,0.4925,0.850959,0.93,0.0,0.0,0.0,1.0,1.0,1.0,true,exterior door handle
70,ALTIMA2000_DOOR_KeyCylinder_FL,Door_FL,DR,FL,KeyCylinder_FL,MAT_Chrome_Trim,chrome,,0.41,0.850959,0.93,0.0,0.0,0.0,1.0,1.0,1.0,true,front door lock cylinder
71,ALTIMA2000_DRM_WindowRegulator_FL,Door_Module_Hardware,DRM,Regulator,WindowRegulator_FL,MAT_Zinc_Plated,zinc,,0.0,0.0,0.0,0.0,0.0,0.0,1.0,1.0,1.0,true,window regulator mechanism
72,ALTIMA2000_DOOR_WindowMotor_FL,Door_FL,DR,FL,WindowMotor_FL,MAT_Zinc_Plated,zinc,,0.18,0.6,0.66,0.0,0.0,0.0,1.0,1.0,1.0,true,power window motor
73,ALTIMA2000_INTR_DoorTrimPanel_FL,Door_FL,IN,FL,DoorTrim_FL,MAT_Plastic_DarkGrey,plastic_dk,,0.180086,0.760856,0.673064,0.0,0.0,0.0,1.0,1.0,1.0,true,interior door trim panel
74,ALTIMA2000_GLAZ_DoorGlass_FL,Glass_Glazing,GL,FL,DoorGlass_FL,MAT_Glass_SolarTint,glass_tint,,0.175286,0.78688,1.094198,0.0,0.0,0.0,1.0,1.0,1.0,true,door window glass
75,ALTIMA2000_SEAL_BeltSeal_FL,Door_FL,SL,FL,BeltSealOuter_FL,MAT_Rubber_EPDM_Seal,rubber,,0.175,0.808738,0.9535,0.0,0.0,0.0,1.0,1.0,1.0,true,outer belt line weatherstrip
76,ALTIMA2000_DRM_GlassRun_FL,Door_Module_Glazing,DRM,GlassRun,GlassRun_FL,MAT_Rubber_EPDM_Seal,rubber,,0.306,0.796539,1.107702,0.0,0.0,0.0,1.0,1.0,1.0,true,window glass run channel (bailey channel)
77,ALTIMA2000_DRM_Skin_FR,Door_Module_Skin,DRM,Skin,Skin_FR,MAT_Paint_Gold_Metallic,paint_gold,,0.180113,-0.815935,0.738667,0.0,0.0,0.0,1.0,1.0,1.0,true,front door loose outer skin (removable)
78,ALTIMA2000_DOOR_InnerPanel_FR,Door_FR,DR,FR,InnerPanel_FR,MAT_Underbody_SeamSealer,paint_under,,0.180902,-0.709414,0.641097,0.0,0.0,0.0,1.0,1.0,1.0,true,front door inner panel
79,ALTIMA2000_DRM_Frame_FR,Door_Module_Frame,DRM,Frame,Frame_FR,MAT_Paint_Gold_Metallic,paint_gold,,0.180485,-0.789268,1.092037,0.0,0.0,0.0,1.0,1.0,1.0,true,front door frame (window frame + belt reinforcement)
80,ALTIMA2000_DOOR_ImpactBeam_FR,Door_FR,DR,FR,ImpactBeam_FR,MAT_Steel_Structural,steel,,0.18,-0.794342,0.945,0.0,0.0,0.0,1.0,1.0,1.0,true,side impact beam
81,ALTIMA2000_DRM_Hinge_FR_001,Door_Module_Hardware,DRM,Hinge,Hinge_FR,MAT_Steel_Structural,steel,,0.0,0.0,0.0,0.0,0.0,0.0,1.0,1.0,1.0,true,door hinge
82,ALTIMA2000_DRM_Hinge_FR_002,Door_Module_Hardware,DRM,Hinge,Hinge_FR,MAT_Steel_Structural,steel,,0.0,0.0,0.0,0.0,0.0,0.0,1.0,1.0,1.0,true,door hinge
83,ALTIMA2000_DOOR_CheckStrap_FR,Door_FR,DR,FR,CheckStrap_FR,MAT_Steel_Structural,steel,,0.0,0.0,0.0,0.0,0.0,0.0,1.0,1.0,1.0,true,door check strap
84,ALTIMA2000_DRM_Latch_FR,Door_Module_Hardware,DRM,Latch,Latch_FR,MAT_Zinc_Plated,zinc,,0.0,0.0,0.0,0.0,0.0,0.0,1.0,1.0,1.0,true,door latch assembly
85,ALTIMA2000_DOOR_Handle_FR,Door_FR,DR,FR,Handle_FR,MAT_Chrome_Trim,chrome,,0.4925,-0.850959,0.93,0.0,0.0,0.0,1.0,1.0,1.0,true,exterior door handle
86,ALTIMA2000_DOOR_KeyCylinder_FR,Door_FR,DR,FR,KeyCylinder_FR,MAT_Chrome_Trim,chrome,,0.41,-0.850959,0.93,0.0,0.0,0.0,1.0,1.0,1.0,true,front door lock cylinder
87,ALTIMA2000_DRM_WindowRegulator_FR,Door_Module_Hardware,DRM,Regulator,WindowRegulator_FR,MAT_Zinc_Plated,zinc,,0.0,0.0,0.0,0.0,0.0,0.0,1.0,1.0,1.0,true,window regulator mechanism
88,ALTIMA2000_DOOR_WindowMotor_FR,Door_FR,DR,FR,WindowMotor_FR,MAT_Zinc_Plated,zinc,,0.18,-0.6,0.66,0.0,0.0,0.0,1.0,1.0,1.0,true,power window motor
89,ALTIMA2000_INTR_DoorTrimPanel_FR,Door_FR,IN,FR,DoorTrim_FR,MAT_Plastic_DarkGrey,plastic_dk,,0.180086,-0.760856,0.673064,0.0,0.0,0.0,1.0,1.0,1.0,true,interior door trim panel
90,ALTIMA2000_GLAZ_DoorGlass_FR,Glass_Glazing,GL,FR,DoorGlass_FR,MAT_Glass_SolarTint,glass_tint,,0.175286,-0.78688,1.094198,0.0,0.0,0.0,1.0,1.0,1.0,true,door window glass
91,ALTIMA2000_SEAL_BeltSeal_FR,Door_FR,SL,FR,BeltSealOuter_FR,MAT_Rubber_EPDM_Seal,rubber,,0.175,-0.808738,0.9535,0.0,0.0,0.0,1.0,1.0,1.0,true,outer belt line weatherstrip
92,ALTIMA2000_DRM_GlassRun_FR,Door_Module_Glazing,DRM,GlassRun,GlassRun_FR,MAT_Rubber_EPDM_Seal,rubber,,0.306,-0.796539,1.107702,0.0,0.0,0.0,1.0,1.0,1.0,true,window glass run channel (bailey channel)
93,ALTIMA2000_DRM_Skin_RL,Door_Module_Skin,DRM,Skin,Skin_RL,MAT_Paint_Gold_Metallic,paint_gold,,-0.582487,0.792738,0.740835,0.0,0.0,0.0,1.0,1.0,1.0,true,rear door loose outer skin (removable)
94,ALTIMA2000_DOOR_InnerPanel_RL,Door_RL,DR,RL,InnerPanel_RL,MAT_Underbody_SeamSealer,paint_under,,-0.582341,0.695409,0.637092,0.0,0.0,0.0,1.0,1.0,1.0,true,rear door inner panel
95,ALTIMA2000_DRM_Frame_RL,Door_Module_Frame,DRM,Frame,Frame_RL,MAT_Paint_Gold_Metallic,paint_gold,,-0.58243,0.725066,1.17632,0.0,0.0,0.0,1.0,1.0,1.0,true,rear door frame (window frame + belt reinforcement)
96,ALTIMA2000_DOOR_ImpactBeam_RL,Door_RL,DR,RL,ImpactBeam_RL,MAT_Steel_Structural,steel,,-0.5825,0.739966,0.945,0.0,0.0,0.0,1.0,1.0,1.0,true,side impact beam
97,ALTIMA2000_DRM_Hinge_RL_001,Door_Module_Hardware,DRM,Hinge,Hinge_RL,MAT_Steel_Structural,steel,,0.0,0.0,0.0,0.0,0.0,0.0,1.0,1.0,1.0,true,door hinge
98,ALTIMA2000_DRM_Hinge_RL_002,Door_Module_Hardware,DRM,Hinge,Hinge_RL,MAT_Steel_Structural,steel,,0.0,0.0,0.0,0.0,0.0,0.0,1.0,1.0,1.0,true,door hinge
99,ALTIMA2000_DOOR_CheckStrap_RL,Door_RL,DR,RL,CheckStrap_RL,MAT_Steel_Structural,steel,,0.0,0.0,0.0,0.0,0.0,0.0,1.0,1.0,1.0,true,door check strap
100,ALTIMA2000_DRM_Latch_RL,Door_Module_Hardware,DRM,Latch,Latch_RL,MAT_Zinc_Plated,zinc,,0.0,0.0,0.0,0.0,0.0,0.0,1.0,1.0,1.0,true,door latch assembly
101,ALTIMA2000_DOOR_Handle_RL,Door_RL,DR,RL,Handle_RL,MAT_Chrome_Trim,chrome,,-0.3975,0.763335,0.93,0.0,0.0,0.0,1.0,1.0,1.0,true,exterior door handle
102,ALTIMA2000_DRM_WindowRegulator_RL,Door_Module_Hardware,DRM,Regulator,WindowRegulator_RL,MAT_Zinc_Plated,zinc,,0.0,0.0,0.0,0.0,0.0,0.0,1.0,1.0,1.0,true,window regulator mechanism
103,ALTIMA2000_DOOR_WindowMotor_RL,Door_RL,DR,RL,WindowMotor_RL,MAT_Zinc_Plated,zinc,,-0.71,0.6,0.66,0.0,0.0,0.0,1.0,1.0,1.0,true,power window motor
104,ALTIMA2000_INTR_DoorTrimPanel_RL,Door_RL,IN,RL,DoorTrim_RL,MAT_Plastic_DarkGrey,plastic_dk,,-0.58249,0.753403,0.678257,0.0,0.0,0.0,1.0,1.0,1.0,true,interior door trim panel
105,ALTIMA2000_GLAZ_DoorGlass_RL,Glass_Glazing,GL,RL,DoorGlass_RL,MAT_Glass_SolarTint,glass_tint,,-0.587449,0.722951,1.183915,0.0,0.0,0.0,1.0,1.0,1.0,true,door window glass
106,ALTIMA2000_SEAL_BeltSeal_RL,Door_RL,SL,RL,BeltSealOuter_RL,MAT_Rubber_EPDM_Seal,rubber,,-0.5875,0.752544,0.9535,0.0,0.0,0.0,1.0,1.0,1.0,true,outer belt line weatherstrip
107,ALTIMA2000_DRM_GlassRun_RL,Door_Module_Glazing,DRM,GlassRun,GlassRun_RL,MAT_Rubber_EPDM_Seal,rubber,,-0.49475,0.718619,1.251967,0.0,0.0,0.0,1.0,1.0,1.0,true,window glass run channel (bailey channel)
108,ALTIMA2000_DRM_Skin_RR,Door_Module_Skin,DRM,Skin,Skin_RR,MAT_Paint_Gold_Metallic,paint_gold,,-0.582487,-0.792738,0.740835,0.0,0.0,0.0,1.0,1.0,1.0,true,rear door loose outer skin (removable)
109,ALTIMA2000_DOOR_InnerPanel_RR,Door_RR,DR,RR,InnerPanel_RR,MAT_Underbody_SeamSealer,paint_under,,-0.582341,-0.695409,0.637092,0.0,0.0,0.0,1.0,1.0,1.0,true,rear door inner panel
110,ALTIMA2000_DRM_Frame_RR,Door_Module_Frame,DRM,Frame,Frame_RR,MAT_Paint_Gold_Metallic,paint_gold,,-0.58243,-0.725066,1.17632,0.0,0.0,0.0,1.0,1.0,1.0,true,rear door frame (window frame + belt reinforcement)
111,ALTIMA2000_DOOR_ImpactBeam_RR,Door_RR,DR,RR,ImpactBeam_RR,MAT_Steel_Structural,steel,,-0.5825,-0.739966,0.945,0.0,0.0,0.0,1.0,1.0,1.0,true,side impact beam
112,ALTIMA2000_DRM_Hinge_RR_001,Door_Module_Hardware,DRM,Hinge,Hinge_RR,MAT_Steel_Structural,steel,,0.0,0.0,0.0,0.0,0.0,0.0,1.0,1.0,1.0,true,door hinge
113,ALTIMA2000_DRM_Hinge_RR_002,Door_Module_Hardware,DRM,Hinge,Hinge_RR,MAT_Steel_Structural,steel,,0.0,0.0,0.0,0.0,0.0,0.0,1.0,1.0,1.0,true,door hinge
114,ALTIMA2000_DOOR_CheckStrap_RR,Door_RR,DR,RR,CheckStrap_RR,MAT_Steel_Structural,steel,,0.0,0.0,0.0,0.0,0.0,0.0,1.0,1.0,1.0,true,door check strap
115,ALTIMA2000_DRM_Latch_RR,Door_Module_Hardware,DRM,Latch,Latch_RR,MAT_Zinc_Plated,zinc,,0.0,0.0,0.0,0.0,0.0,0.0,1.0,1.0,1.0,true,door latch assembly
116,ALTIMA2000_DOOR_Handle_RR,Door_RR,DR,RR,Handle_RR,MAT_Chrome_Trim,chrome,,-0.3975,-0.763335,0.93,0.0,0.0,0.0,1.0,1.0,1.0,true,exterior door handle
117,ALTIMA2000_DRM_WindowRegulator_RR,Door_Module_Hardware,DRM,Regulator,WindowRegulator_RR,MAT_Zinc_Plated,zinc,,0.0,0.0,0.0,0.0,0.0,0.0,1.0,1.0,1.0,true,window regulator mechanism
118,ALTIMA2000_DOOR_WindowMotor_RR,Door_RR,DR,RR,WindowMotor_RR,MAT_Zinc_Plated,zinc,,-0.71,-0.6,0.66,0.0,0.0,0.0,1.0,1.0,1.0,true,power window motor
119,ALTIMA2000_INTR_DoorTrimPanel_RR,Door_RR,IN,RR,DoorTrim_RR,MAT_Plastic_DarkGrey,plastic_dk,,-0.58249,-0.753403,0.678257,0.0,0.0,0.0,1.0,1.0,1.0,true,interior door trim panel
120,ALTIMA2000_GLAZ_DoorGlass_RR,Glass_Glazing,GL,RR,DoorGlass_RR,MAT_Glass_SolarTint,glass_tint,,-0.587449,-0.722951,1.183915,0.0,0.0,0.0,1.0,1.0,1.0,true,door window glass
121,ALTIMA2000_SEAL_BeltSeal_RR,Door_RR,SL,RR,BeltSealOuter_RR,MAT_Rubber_EPDM_Seal,rubber,,-0.5875,-0.752544,0.9535,0.0,0.0,0.0,1.0,1.0,1.0,true,outer belt line weatherstrip
122,ALTIMA2000_DRM_GlassRun_RR,Door_Module_Glazing,DRM,GlassRun,GlassRun_RR,MAT_Rubber_EPDM_Seal,rubber,,-0.49475,-0.718619,1.251967,0.0,0.0,0.0,1.0,1.0,1.0,true,window glass run channel (bailey channel)
123,ALTIMA2000_GLZ_Windshield_Laminated,Glass_Glazing,GL,Windshield,Windshield,MAT_Glass_Clear_HT,glass_clear,,0.340872,0.0,1.170232,0.0,0.0,0.0,1.0,1.0,1.0,true,"laminated windscreen, DOT shade band"
124,ALTIMA2000_GLZ_Backlight_Tempered,Glass_Glazing,GL,Backlight,Backlight,MAT_Glass_SolarTint,glass_tint,,-1.189326,0.0,1.338123,0.0,0.0,0.0,1.0,1.0,1.0,true,rear window glass
125,ALTIMA2000_GLAZ_QuarterGlass_Rear_R,Glass_Glazing,GL,Quarter,QuarterGlass_R,MAT_Glass_SolarTint,glass_tint,,-1.190099,-0.750714,1.001901,0.0,0.0,0.0,1.0,1.0,1.0,true,rear quarter window
126,ALTIMA2000_GLAZ_QuarterGlass_Rear_L,Glass_Glazing,GL,Quarter,QuarterGlass_L,MAT_Glass_SolarTint,glass_tint,,-1.190099,0.750714,1.001901,0.0,0.0,0.0,1.0,1.0,1.0,true,rear quarter window
127,ALTIMA2000_LAMP_HeadlampHousing_R,Electrical_Lighting,LM,Headlamp,Housing_R,MAT_Plastic_Black_Matte,plastic_blk_m,,0.0,0.0,0.0,0.0,0.0,0.0,1.0,1.0,1.0,true,headlamp housing
128,ALTIMA2000_LAMP_HeadlampLens_R,Electrical_Lighting,LM,Headlamp,Lens_R,MAT_Lamp_Lens_PC,lamp_clear,,0.0,0.0,0.0,0.0,0.0,0.0,1.0,1.0,1.0,true,headlamp lens
129,ALTIMA2000_LAMP_HeadlampReflector_R_001,Electrical_Lighting,LM,Headlamp,Reflector_R,MAT_Reflector_Chrome,lamp_reflect,,2.69,-0.58,0.8,0.0,0.0,0.0,1.0,1.0,1.0,true,headlamp reflector bowl
130,ALTIMA2000_LAMP_HeadlampBulb_R_001,Electrical_Lighting,LM,Headlamp,Bulb_R,MAT_Bulb_Glass,lamp_bulb,,2.672,-0.58,0.8,0.0,0.0,0.0,1.0,1.0,1.0,true,H4 halogen bulb
131,ALTIMA2000_LAMP_HeadlampReflector_R_002,Electrical_Lighting,LM,Headlamp,Reflector_R,MAT_Reflector_Chrome,lamp_reflect,,2.69,-0.42,0.8,0.0,0.0,0.0,1.0,1.0,1.0,true,headlamp reflector bowl
132,ALTIMA2000_LAMP_HeadlampBulb_R_002,Electrical_Lighting,LM,Headlamp,Bulb_R,MAT_Bulb_Glass,lamp_bulb,,2.672,-0.42,0.8,0.0,0.0,0.0,1.0,1.0,1.0,true,H4 halogen bulb
133,ALTIMA2000_LAMP_TurnLens_R,Electrical_Lighting,LM,Headlamp,Turn_R,MAT_Signal_Amber,lamp_amber,,0.0,0.0,0.0,0.0,0.0,0.0,1.0,1.0,1.0,true,front turn signal lens
134,ALTIMA2000_LAMP_TailLens_R,Electrical_Lighting,LM,Taillamp,Tail_R,MAT_Tail_Red,lamp_red,,0.0,0.0,0.0,0.0,0.0,0.0,1.0,1.0,1.0,true,tail lamp lens
135,ALTIMA2000_LAMP_TurnRearLens_R,Electrical_Lighting,LM,Taillamp,TurnRear_R,MAT_Signal_Amber,lamp_amber,,0.0,0.0,0.0,0.0,0.0,0.0,1.0,1.0,1.0,true,rear turn signal lens
136,ALTIMA2000_LAMP_ReverseLens_R,Electrical_Lighting,LM,Taillamp,Reverse_R,MAT_Reverse_White,lamp_white,,0.0,0.0,0.0,0.0,0.0,0.0,1.0,1.0,1.0,true,reverse lamp lens
137,ALTIMA2000_LAMP_TaillampHousing_R,Electrical_Lighting,LM,Taillamp,HousingT_R,MAT_Plastic_Black_Matte,plastic_blk_m,,0.0,0.0,0.0,0.0,0.0,0.0,1.0,1.0,1.0,true,tail lamp housing
138,ALTIMA2000_LAMP_TaillampBulb_R_001,Electrical_Lighting,LM,Taillamp,BulbT_R,MAT_Bulb_Glass,lamp_bulb,,-2.145426,-0.47,0.76,0.0,0.0,0.0,1.0,1.0,1.0,true,tail lamp bulb
139,ALTIMA2000_LAMP_TaillampBulb_R_002,Electrical_Lighting,LM,Taillamp,BulbT_R,MAT_Bulb_Glass,lamp_bulb,,-2.145426,-0.62,0.76,0.0,0.0,0.0,1.0,1.0,1.0,true,tail lamp bulb
140,ALTIMA2000_LAMP_PlateLamp_R_001,Electrical_Lighting,LM,Plate,PlateLamp,MAT_Lamp_Lens_PC,lamp_clear,,-2.189787,0.085,0.62,0.0,0.0,0.0,1.0,1.0,1.0,true,license plate lamp
141,ALTIMA2000_LAMP_PlateLamp_R_002,Electrical_Lighting,LM,Plate,PlateLamp,MAT_Lamp_Lens_PC,lamp_clear,,-2.189787,-0.085,0.62,0.0,0.0,0.0,1.0,1.0,1.0,true,license plate lamp
142,ALTIMA2000_LAMP_HeadlampHousing_L,Electrical_Lighting,LM,Headlamp,Housing_L,MAT_Plastic_Black_Matte,plastic_blk_m,,0.0,0.0,0.0,0.0,0.0,0.0,1.0,1.0,1.0,true,headlamp housing
143,ALTIMA2000_LAMP_HeadlampLens_L,Electrical_Lighting,LM,Headlamp,Lens_L,MAT_Lamp_Lens_PC,lamp_clear,,0.0,0.0,0.0,0.0,0.0,0.0,1.0,1.0,1.0,true,headlamp lens
144,ALTIMA2000_LAMP_HeadlampReflector_L_001,Electrical_Lighting,LM,Headlamp,Reflector_L,MAT_Reflector_Chrome,lamp_reflect,,2.69,0.42,0.8,0.0,0.0,0.0,1.0,1.0,1.0,true,headlamp reflector bowl
145,ALTIMA2000_LAMP_HeadlampBulb_L_001,Electrical_Lighting,LM,Headlamp,Bulb_L,MAT_Bulb_Glass,lamp_bulb,,2.672,0.42,0.8,0.0,0.0,0.0,1.0,1.0,1.0,true,H4 halogen bulb
146,ALTIMA2000_LAMP_HeadlampReflector_L_002,Electrical_Lighting,LM,Headlamp,Reflector_L,MAT_Reflector_Chrome,lamp_reflect,,2.69,0.58,0.8,0.0,0.0,0.0,1.0,1.0,1.0,true,headlamp reflector bowl
147,ALTIMA2000_LAMP_HeadlampBulb_L_002,Electrical_Lighting,LM,Headlamp,Bulb_L,MAT_Bulb_Glass,lamp_bulb,,2.672,0.58,0.8,0.0,0.0,0.0,1.0,1.0,1.0,true,H4 halogen bulb
148,ALTIMA2000_LAMP_TurnLens_L,Electrical_Lighting,LM,Headlamp,Turn_L,MAT_Signal_Amber,lamp_amber,,0.0,0.0,0.0,0.0,0.0,0.0,1.0,1.0,1.0,true,front turn signal lens
149,ALTIMA2000_LAMP_TailLens_L,Electrical_Lighting,LM,Taillamp,Tail_L,MAT_Tail_Red,lamp_red,,0.0,0.0,0.0,0.0,0.0,0.0,1.0,1.0,1.0,true,tail lamp lens
150,ALTIMA2000_LAMP_TurnRearLens_L,Electrical_Lighting,LM,Taillamp,TurnRear_L,MAT_Signal_Amber,lamp_amber,,0.0,0.0,0.0,0.0,0.0,0.0,1.0,1.0,1.0,true,rear turn signal lens
151,ALTIMA2000_LAMP_ReverseLens_L,Electrical_Lighting,LM,Taillamp,Reverse_L,MAT_Reverse_White,lamp_white,,0.0,0.0,0.0,0.0,0.0,0.0,1.0,1.0,1.0,true,reverse lamp lens
152,ALTIMA2000_LAMP_TaillampHousing_L,Electrical_Lighting,LM,Taillamp,HousingT_L,MAT_Plastic_Black_Matte,plastic_blk_m,,0.0,0.0,0.0,0.0,0.0,0.0,1.0,1.0,1.0,true,tail lamp housing
153,ALTIMA2000_LAMP_TaillampBulb_L_001,Electrical_Lighting,LM,Taillamp,BulbT_L,MAT_Bulb_Glass,lamp_bulb,,-2.145426,0.62,0.76,0.0,0.0,0.0,1.0,1.0,1.0,true,tail lamp bulb
154,ALTIMA2000_LAMP_TaillampBulb_L_002,Electrical_Lighting,LM,Taillamp,BulbT_L,MAT_Bulb_Glass,lamp_bulb,,-2.145426,0.47,0.76,0.0,0.0,0.0,1.0,1.0,1.0,true,tail lamp bulb
155,ALTIMA2000_LAMP_PlateLamp_L_001,Electrical_Lighting,LM,Plate,PlateLamp,MAT_Lamp_Lens_PC,lamp_clear,,-2.189787,0.085,0.62,0.0,0.0,0.0,1.0,1.0,1.0,true,license plate lamp
156,ALTIMA2000_LAMP_PlateLamp_L_002,Electrical_Lighting,LM,Plate,PlateLamp,MAT_Lamp_Lens_PC,lamp_clear,,-2.189787,-0.085,0.62,0.0,0.0,0.0,1.0,1.0,1.0,true,license plate lamp
157,ALTIMA2000_MIRR_MirrorBase_R,Glass_Mirrors,MI,R,MirrorBase_R,MAT_Plastic_Black_Gloss,plastic_blk_g,,0.56,-0.855276,0.905,0.0,0.0,0.0,1.0,1.0,1.0,true,mirror mounting base
158,ALTIMA2000_MIRR_MirrorArm_R,Glass_Mirrors,MI,R,MirrorArm_R,MAT_Plastic_Black_Matte,plastic_blk_m,,0.53,-0.910276,0.915,0.0,0.0,0.0,1.0,1.0,1.0,true,mirror arm
159,ALTIMA2000_MIRR_MirrorHousing_R,Glass_Mirrors,MI,R,MirrorHousing_R,MAT_Paint_Gold_Metallic,paint_gold,,0.0,0.0,0.0,0.0,0.0,0.0,1.0,1.0,1.0,true,mirror housing shell
160,ALTIMA2000_MIRR_MirrorGlass_R,Glass_Mirrors,MI,R,MirrorGlass_R,MAT_Reflector_Chrome,lamp_reflect,,0.0,0.0,0.0,0.0,0.0,0.0,1.0,1.0,1.0,true,mirror glass
161,ALTIMA2000_MIRR_MirrorBase_L,Glass_Mirrors,MI,L,MirrorBase_L,MAT_Plastic_Black_Gloss,plastic_blk_g,,0.56,0.855276,0.905,0.0,0.0,0.0,1.0,1.0,1.0,true,mirror mounting base
162,ALTIMA2000_MIRR_MirrorArm_L,Glass_Mirrors,MI,L,MirrorArm_L,MAT_Plastic_Black_Matte,plastic_blk_m,,0.53,0.910276,0.915,0.0,0.0,0.0,1.0,1.0,1.0,true,mirror arm
163,ALTIMA2000_MIRR_MirrorHousing_L,Glass_Mirrors,MI,L,MirrorHousing_L,MAT_Paint_Gold_Metallic,paint_gold,,0.0,0.0,0.0,0.0,0.0,0.0,1.0,1.0,1.0,true,mirror housing shell
164,ALTIMA2000_MIRR_MirrorGlass_L,Glass_Mirrors,MI,L,MirrorGlass_L,MAT_Reflector_Chrome,lamp_reflect,,0.0,0.0,0.0,0.0,0.0,0.0,1.0,1.0,1.0,true,mirror glass
165,ALTIMA2000_MIRR_MirrorStem_Interior,Glass_Mirrors,MI,Interior,MirrorStem,MAT_Plastic_Black_Matte,plastic_blk_m,,0.0,0.0,0.0,0.0,0.0,0.0,1.0,1.0,1.0,true,interior mirror stem
166,ALTIMA2000_MIRR_MirrorGlass_Interior,Glass_Mirrors,MI,Interior,MirrorGlassInt,MAT_Reflector_Chrome,lamp_reflect,,0.0,0.0,0.0,0.0,0.0,0.0,1.0,1.0,1.0,true,interior day/night mirror
167,ALTIMA2000_MLDG_SideMolding_Body_R,Trim_Exterior,MD,Side,SideMolding_R,MAT_Plastic_DarkGrey,plastic_dk,,-0.137484,-0.845398,0.71666,0.0,0.0,0.0,1.0,1.0,1.0,true,body side molding
168,ALTIMA2000_MLDG_SideMolding_Body_L,Trim_Exterior,MD,Side,SideMolding_L,MAT_Plastic_DarkGrey,plastic_dk,,-0.137484,0.845398,0.71666,0.0,0.0,0.0,1.0,1.0,1.0,true,body side molding
169,ALTIMA2000_SEAL_WindshieldSeal_Side_R,Trim_Seals,SL,Windshield,WSeal_R,MAT_Rubber_EPDM_Seal,rubber,,0.0425,-0.629,1.252958,0.0,0.0,0.0,1.0,1.0,1.0,true,windscreen surround weatherstrip
170,ALTIMA2000_SEAL_ApertureSeal_F_R,Trim_Seals,SL,F,APSeal_FR,MAT_Rubber_EPDM_Seal,rubber,,0.073333,-0.71901,0.901889,0.0,0.0,0.0,1.0,1.0,1.0,true,door aperture seal
171,ALTIMA2000_SEAL_ApertureSeal_R_R,Trim_Seals,SL,R,APSeal_RR,MAT_Rubber_EPDM_Seal,rubber,,-0.59,-0.692877,0.901889,0.0,0.0,0.0,1.0,1.0,1.0,true,door aperture seal
172,ALTIMA2000_SEAL_DripMolding_Side_R,Trim_Exterior,MD,Drip,DripMolding_R,MAT_Plastic_DarkGrey,plastic_dk,,-0.4,-0.682615,1.41,0.0,0.0,0.0,1.0,1.0,1.0,true,roof drip rail molding
173,ALTIMA2000_SEAL_WindshieldSeal_Side_L,Trim_Seals,SL,Windshield,WSeal_L,MAT_Rubber_EPDM_Seal,rubber,,0.0425,0.629,1.252958,0.0,0.0,0.0,1.0,1.0,1.0,true,windscreen surround weatherstrip
174,ALTIMA2000_SEAL_ApertureSeal_F_L,Trim_Seals,SL,F,APSeal_FL,MAT_Rubber_EPDM_Seal,rubber,,0.073333,0.71901,0.901889,0.0,0.0,0.0,1.0,1.0,1.0,true,door aperture seal
175,ALTIMA2000_SEAL_ApertureSeal_R_L,Trim_Seals,SL,R,APSeal_RL,MAT_Rubber_EPDM_Seal,rubber,,-0.59,0.692877,0.901889,0.0,0.0,0.0,1.0,1.0,1.0,true,door aperture seal
176,ALTIMA2000_SEAL_DripMolding_Side_L,Trim_Exterior,MD,Drip,DripMolding_L,MAT_Plastic_DarkGrey,plastic_dk,,-0.4,0.682615,1.41,0.0,0.0,0.0,1.0,1.0,1.0,true,roof drip rail molding
177,ALTIMA2000_MD_Badge_Trunk_Nissan,Trim_Exterior,MD,Badge,BadgeTrunk,MAT_Chrome_Trim,chrome,,0.0,0.0,0.0,0.0,0.0,0.0,1.0,1.0,1.0,true,NISSAN trunk badge
178,ALTIMA2000_MD_Badge_Trunk_Altima,Trim_Exterior,MD,Badge,BadgeAltima,MAT_Chrome_Trim,chrome,,0.0,0.0,0.0,0.0,0.0,0.0,1.0,1.0,1.0,true,ALTIMA trunk badge
179,ALTIMA2000_MD_Badge_Hood_Nissan,Trim_Exterior,MD,Badge,BadgeHood,MAT_Chrome_Trim,chrome,,0.0,0.0,0.0,0.0,0.0,0.0,1.0,1.0,1.0,true,NISSAN hood badge
180,ALTIMA2000_MD_Emblem_GXE_Side,Trim_Exterior,MD,Badge,EmblemGXE,MAT_Chrome_Trim,chrome,,0.0,0.0,0.0,0.0,0.0,0.0,1.0,1.0,1.0,true,GXE front fender emblem
181,ALTIMA2000_MD_Emblem_ABS_Side,Trim_Exterior,MD,Badge,EmblemABS,MAT_Chrome_Trim,chrome,,0.0,0.0,0.0,0.0,0.0,0.0,1.0,1.0,1.0,true,rear ABS emblem
182,ALTIMA2000_MLDG_WasherNozzle_R,Trim_Exterior,MD,Washer,WasherNozzle_R,MAT_Plastic_Black_Matte,plastic_blk_m,,0.7,-0.34,0.935,0.0,0.0,0.0,1.0,1.0,1.0,true,windshield washer nozzle
183,ALTIMA2000_MLDG_WasherNozzle_L,Trim_Exterior,MD,Washer,WasherNozzle_L,MAT_Plastic_Black_Matte,plastic_blk_m,,0.7,0.34,0.935,0.0,0.0,0.0,1.0,1.0,1.0,true,windshield washer nozzle
184,ALTIMA2000_EL_Antenna_Power,Electrical_Modules,EL,Audio,Antenna,MAT_Plastic_Black_Matte,plastic_blk_m,,-0.96,0.74,1.03,0.0,0.0,0.0,1.0,1.0,1.0,true,power antenna mast
185,ALTIMA2000_ENG_Block_Cylinder,Engine,EN,LongBlock,Block,MAT_Engine_BlockIron,,,1.02,0.0,0.485,0.0,0.0,0.0,1.0,1.0,1.0,true,"cylinder block - cast iron, 2.4 L KA24DE"
186,ALTIMA2000_ENG_Crankcase_Lower,Engine,EN,LongBlock,Crankcase,MAT_Engine_BlockIron,,,1.02,0.0,0.31,0.0,0.0,0.0,1.0,1.0,1.0,true,lower crankcase / main bearing girdle
187,ALTIMA2000_ENG_OilPan_Sump,Engine,EN,LongBlock,OilPan,MAT_Steel_Structural,,,1.02,0.0,0.21,0.0,0.0,0.0,1.0,1.0,1.0,true,oil pan / sump
188,ALTIMA2000_ENG_OilDrain_Plug,Engine,EN,LongBlock,DrainPlug,MAT_Zinc_Plated,,,1.02,-0.14,0.145,0.0,0.0,0.0,1.0,1.0,1.0,true,oil drain plug
189,ALTIMA2000_ENG_Head_Cylinder,Engine,EN,Head,Head,MAT_Engine_CastAlu,,,1.02,0.0,0.735,0.0,0.0,0.0,1.0,1.0,1.0,true,cylinder head - aluminium DOHC 16v
190,ALTIMA2000_ENG_ValveCover_Cam,Engine,EN,Head,ValveCover,MAT_Engine_CastAlu_Worn,,,1.02,0.0,0.835,0.0,0.0,0.0,1.0,1.0,1.0,true,camshaft valve cover
191,ALTIMA2000_ENG_CoverBolt_Perimeter_001,Engine,EN,Head,CoverBolt,MAT_Steel_Phosphate_Fastener,,,0.85,-0.185,0.875,0.0,0.0,0.0,1.0,1.0,1.0,true,valve cover bolt
192,ALTIMA2000_ENG_CoverBolt_Perimeter_002,Engine,EN,Head,CoverBolt,MAT_Steel_Phosphate_Fastener,,,0.963,-0.185,0.875,0.0,0.0,0.0,1.0,1.0,1.0,true,valve cover bolt
193,ALTIMA2000_ENG_CoverBolt_Perimeter_003,Engine,EN,Head,CoverBolt,MAT_Steel_Phosphate_Fastener,,,1.076,-0.185,0.875,0.0,0.0,0.0,1.0,1.0,1.0,true,valve cover bolt
194,ALTIMA2000_ENG_CoverBolt_Perimeter_004,Engine,EN,Head,CoverBolt,MAT_Steel_Phosphate_Fastener,,,1.189,-0.185,0.875,0.0,0.0,0.0,1.0,1.0,1.0,true,valve cover bolt
195,ALTIMA2000_ENG_Gasket_Head,Engine,EN,Head,HeadGasket,MAT_Steel_Structural,,,1.02,0.0,0.677,0.0,0.0,0.0,1.0,1.0,1.0,true,multi-layer steel head gasket
196,ALTIMA2000_ENG_SparkPlug_NGK,Engine,EN,Head,SparkPlug,MAT_Steel_Structural,,,1.07,-0.15,0.79,0.0,0.0,0.0,1.0,1.0,1.0,true,spark plug
197,ALTIMA2000_ENG_SparkPlug_NGK_001,Engine,EN,Head,SparkPlug,MAT_Steel_Structural,,,0.87,0.14,0.795,0.0,0.0,0.0,1.0,1.0,1.0,true,spark plug 1-4 (firing order 1-3-4-2)
198,ALTIMA2000_ENG_SparkPlug_NGK_002,Engine,EN,Head,SparkPlug,MAT_Steel_Structural,,,0.97,0.14,0.795,0.0,0.0,0.0,1.0,1.0,1.0,true,spark plug 1-4 (firing order 1-3-4-2)
199,ALTIMA2000_ENG_SparkPlug_NGK_003,Engine,EN,Head,SparkPlug,MAT_Steel_Structural,,,1.07,0.14,0.795,0.0,0.0,0.0,1.0,1.0,1.0,true,spark plug 1-4 (firing order 1-3-4-2)
200,ALTIMA2000_ENG_SparkPlug_NGK_004,Engine,EN,Head,SparkPlug,MAT_Steel_Structural,,,1.17,0.14,0.795,0.0,0.0,0.0,1.0,1.0,1.0,true,spark plug 1-4 (firing order 1-3-4-2)
201,ALTIMA2000_ENG_Cylinder_BoreSleeve_001,Engine,EN,LongBlock,Cylinder_1,MAT_Engine_BlockIron,engine_blk,,0.87,0.0,0.485,0.0,0.0,0.0,1.0,1.0,1.0,true,cylinder bore / piston assembly
202,ALTIMA2000_ENG_Cylinder_BoreSleeve_002,Engine,EN,LongBlock,Cylinder_2,MAT_Engine_BlockIron,engine_blk,,0.97,0.0,0.485,0.0,0.0,0.0,1.0,1.0,1.0,true,cylinder bore / piston assembly
203,ALTIMA2000_ENG_Cylinder_BoreSleeve_003,Engine,EN,LongBlock,Cylinder_3,MAT_Engine_BlockIron,engine_blk,,1.07,0.0,0.485,0.0,0.0,0.0,1.0,1.0,1.0,true,cylinder bore / piston assembly
204,ALTIMA2000_ENG_Cylinder_BoreSleeve_004,Engine,EN,LongBlock,Cylinder_4,MAT_Engine_BlockIron,engine_blk,,1.17,0.0,0.485,0.0,0.0,0.0,1.0,1.0,1.0,true,cylinder bore / piston assembly
205,ALTIMA2000_ENG_TimingCover_Front,Engine,EN,LongBlock,TimingCover,MAT_Engine_CastAlu,,,0.77,0.0,0.525,0.0,0.0,0.0,1.0,1.0,1.0,true,timing chain cover
206,ALTIMA2000_ENG_TimingGear_Crank,Engine,EN,LongBlock,CrankGear,MAT_Steel_Structural,,,0.745,0.0,0.415,0.0,0.0,0.0,1.0,1.0,1.0,true,crankshaft timing sprocket
207,ALTIMA2000_ENG_TimingGear_Cam,Engine,EN,Head,CamGear,MAT_Steel_Structural,,,0.745,0.0,0.735,0.0,0.0,0.0,1.0,1.0,1.0,true,camshaft timing sprocket
208,ALTIMA2000_ENG_TimingChain_Roller,Engine,EN,LongBlock,TimingChain,MAT_Steel_Structural,,,-0.0,0.0,-0.0,0.0,0.0,0.0,1.0,1.0,1.0,true,timing chain run
209,ALTIMA2000_ENG_Tensioner_Chain,Engine,EN,LongBlock,Tensioner,MAT_Steel_Structural,,,0.84,-0.16,0.635,0.0,0.0,0.0,1.0,1.0,1.0,true,timing chain tensioner
210,ALTIMA2000_ENG_Crankshaft_Forged,Engine,EN,LongBlock,Crankshaft,MAT_Steel_Structural,,,1.02,0.0,0.395,0.0,0.0,0.0,1.0,1.0,1.0,true,crankshaft
211,ALTIMA2000_ENG_Camshaft_DOHC_001,Engine,EN,Head,Camshaft,MAT_Steel_Structural,,,1.02,-0.056,0.757,0.0,0.0,0.0,1.0,1.0,1.0,true,camshaft (DOHC)
212,ALTIMA2000_ENG_Camshaft_DOHC_002,Engine,EN,Head,Camshaft,MAT_Steel_Structural,,,1.02,0.056,0.757,0.0,0.0,0.0,1.0,1.0,1.0,true,camshaft (DOHC)
213,ALTIMA2000_ENG_Flywheel_Driveplate,Engine,EN,LongBlock,Driveplate,MAT_Steel_Structural,,,0.72,0.0,0.525,0.0,0.0,0.0,1.0,1.0,1.0,true,flex plate / drive plate
214,ALTIMA2000_ENG_Dipstick_Tube,Engine,EN,LongBlock,Dipstick,MAT_Steel_Structural,,,1.17,-0.19,0.425,0.0,0.0,0.0,1.0,1.0,1.0,true,oil level dipstick and tube
215,ALTIMA2000_ENG_IntakeManifold_Alu,Engine,EN,Intake,IntakeManifold,MAT_Engine_CastAlu,,,1.02,0.29,0.695,0.0,0.0,0.0,1.0,1.0,1.0,true,intake manifold (aluminium)
216,ALTIMA2000_ENG_IntakeRunner_Primary_001,Engine,EN,Intake,IntakeRunner,MAT_Engine_CastAlu,,,0.87,0.195,0.695,0.0,0.0,0.0,1.0,1.0,1.0,true,intake runner
217,ALTIMA2000_ENG_IntakeRunner_Primary_002,Engine,EN,Intake,IntakeRunner,MAT_Engine_CastAlu,,,0.97,0.195,0.695,0.0,0.0,0.0,1.0,1.0,1.0,true,intake runner
218,ALTIMA2000_ENG_IntakeRunner_Primary_003,Engine,EN,Intake,IntakeRunner,MAT_Engine_CastAlu,,,1.07,0.195,0.695,0.0,0.0,0.0,1.0,1.0,1.0,true,intake runner
219,ALTIMA2000_ENG_IntakeRunner_Primary_004,Engine,EN,Intake,IntakeRunner,MAT_Engine_CastAlu,,,1.17,0.195,0.695,0.0,0.0,0.0,1.0,1.0,1.0,true,intake runner
220,ALTIMA2000_ENG_ThrottleBody_Assembly,Engine,EN,Intake,ThrottleBody,MAT_Engine_CastAlu,,,0.975,0.395,0.695,0.0,0.0,0.0,1.0,1.0,1.0,true,throttle body
221,ALTIMA2000_ENG_ThrottlePosition_Sensor,Engine,EN,Intake,TPSSensor,MAT_Plastic_Black_Matte,,,0.94,0.43,0.73,0.0,0.0,0.0,1.0,1.0,1.0,true,throttle position sensor
222,ALTIMA2000_ENG_IdleControl_Valve,Engine,EN,Intake,IACValve,MAT_Aluminium_Cast,,,1.08,0.43,0.73,0.0,0.0,0.0,1.0,1.0,1.0,true,idle air control valve
223,ALTIMA2000_ENG_AirIntakeDuct_Rubber,Engine,EN,Intake,IntakeDuct,MAT_Rubber_Hose,rubber_hose,,1.196667,0.3,0.765,0.0,0.0,0.0,1.0,1.0,1.0,true,air intake duct
224,ALTIMA2000_ENG_AirBox_Lower,Engine,EN,Intake,AirBox,MAT_Plastic_Black_Matte,,,1.38,0.05,0.745,0.0,0.0,0.0,1.0,1.0,1.0,true,air cleaner housing lower
225,ALTIMA2000_ENG_AirBox_Upper,Engine,EN,Intake,AirBoxUpper,MAT_Plastic_Black_Matte,,,1.38,0.05,0.88,0.0,0.0,0.0,1.0,1.0,1.0,true,air cleaner housing upper
226,ALTIMA2000_ENG_AirFilter_Element,Engine,EN,Intake,AirFilter,MAT_Filter_Element,,,1.38,0.05,0.83,0.0,0.0,0.0,1.0,1.0,1.0,true,panel air filter element
227,ALTIMA2000_ENG_MassAirFlow_Sensor,Engine,EN,Intake,MAFSensor,MAT_Plastic_Black_Matte,,,1.32,0.18,0.845,0.0,0.0,0.0,1.0,1.0,1.0,true,mass air flow sensor
228,ALTIMA2000_ENG_Resonator_Intake,Engine,EN,Intake,Resonator,MAT_Plastic_Black_Matte,,,1.2,0.29,0.785,0.0,0.0,0.0,1.0,1.0,1.0,true,intake resonator
229,ALTIMA2000_ENG_FuelRail_Stainless,Engine,EN,Intake,FuelRail,MAT_Stainless_Exhaust,,,1.03,0.12,0.78,0.0,0.0,0.0,1.0,1.0,1.0,true,fuel rail
230,ALTIMA2000_ENG_Injector_Fuel_001,Engine,EN,Intake,Injector,MAT_Plastic_Black_Matte,,,0.87,0.12,0.76,0.0,0.0,0.0,1.0,1.0,1.0,true,port fuel injector
231,ALTIMA2000_ENG_Injector_Fuel_002,Engine,EN,Intake,Injector,MAT_Plastic_Black_Matte,,,0.97,0.12,0.76,0.0,0.0,0.0,1.0,1.0,1.0,true,port fuel injector
232,ALTIMA2000_ENG_Injector_Fuel_003,Engine,EN,Intake,Injector,MAT_Plastic_Black_Matte,,,1.07,0.12,0.76,0.0,0.0,0.0,1.0,1.0,1.0,true,port fuel injector
233,ALTIMA2000_ENG_Injector_Fuel_004,Engine,EN,Intake,Injector,MAT_Plastic_Black_Matte,,,1.17,0.12,0.76,0.0,0.0,0.0,1.0,1.0,1.0,true,port fuel injector
234,ALTIMA2000_ENG_WaterPump_Assembly,Engine,EN,Cooling,WaterPump,MAT_Aluminium_Cast,,,0.79,0.15,0.495,0.0,0.0,0.0,1.0,1.0,1.0,true,coolant pump
235,ALTIMA2000_ENG_Thermostat_Housing,Engine,EN,Cooling,Thermostat,MAT_Aluminium_Cast,,,1.15,0.16,0.605,0.0,0.0,0.0,1.0,1.0,1.0,true,thermostat housing
236,ALTIMA2000_ENG_Radiator_Core,Engine,EN,Cooling,Radiator,MAT_Aluminium_Cast,,,1.54,0.0,0.735,0.0,0.0,0.0,1.0,1.0,1.0,true,radiator core
237,ALTIMA2000_ENG_RadiatorTank_Plastic_001,Engine,EN,Cooling,RadiatorTank,MAT_Plastic_Black_Matte,,,1.54,-0.34,0.735,0.0,0.0,0.0,1.0,1.0,1.0,true,radiator end tank
238,ALTIMA2000_ENG_RadiatorTank_Plastic_002,Engine,EN,Cooling,RadiatorTank,MAT_Plastic_Black_Matte,,,1.54,0.34,0.735,0.0,0.0,0.0,1.0,1.0,1.0,true,radiator end tank
239,ALTIMA2000_ENG_RadiatorCap_Pressure,Engine,EN,Cooling,RadiatorCap,MAT_Zinc_Plated,,,1.54,0.27,0.945,0.0,0.0,0.0,1.0,1.0,1.0,true,pressure cap
240,ALTIMA2000_ENG_RadiatorHose_Upper,Engine,EN,Cooling,HoseUpper,MAT_Rubber_Hose,rubber_hose,,1.346667,0.226667,0.928333,0.0,0.0,0.0,1.0,1.0,1.0,true,upper radiator hose
241,ALTIMA2000_ENG_RadiatorHose_Lower,Engine,EN,Cooling,HoseLower,MAT_Rubber_Hose,rubber_hose,,1.326667,-0.213333,0.513333,0.0,0.0,0.0,1.0,1.0,1.0,true,lower radiator hose
242,ALTIMA2000_ENG_CoolantReservoir_Tank,Engine,EN,Cooling,CoolantTank,MAT_Plastic_Ivory,,,1.54,0.4,0.76,0.0,0.0,0.0,1.0,1.0,1.0,true,coolant overflow reservoir
243,ALTIMA2000_ENG_FanShroud_Plastic,Engine,EN,Cooling,FanShroud,MAT_Plastic_Black_Matte,,,1.45,0.0,0.7,0.0,0.0,0.0,1.0,1.0,1.0,true,cooling fan shroud
244,ALTIMA2000_ENG_CoolingFan_Blade_001,Engine,EN,Cooling,FanBlade,MAT_Plastic_Black_Matte,,,1.415,0.0,0.7,0.0,0.0,0.0,1.0,1.0,1.0,true,cooling fan blade
245,ALTIMA2000_ENG_CoolingFan_Blade_002,Engine,EN,Cooling,FanBlade,MAT_Plastic_Black_Matte,,,1.45,0.0,0.7,0.0,0.0,0.0,1.0,1.0,1.0,true,cooling fan blade
246,ALTIMA2000_ENG_FanMotor_Electric,Engine,EN,Cooling,FanMotor,MAT_Steel_Structural,,,1.49,0.0,0.7,0.0,0.0,0.0,1.0,1.0,1.0,true,fan drive motor
247,ALTIMA2000_ENG_ExhaustManifold_Cast,Exhaust_Manifold,EX,Manifold,ExhaustManifold,MAT_CastIron_Exhaust,,,-0.0,-0.0,-0.0,0.0,0.0,0.0,1.0,1.0,1.0,true,exhaust manifold (cast iron)
248,ALTIMA2000_ENG_ManifoldRunner_Cast_001,Exhaust_Manifold,EX,Manifold,ManifoldRunner,MAT_CastIron_Exhaust,,,0.87,-0.165,0.555,0.0,0.0,0.0,1.0,1.0,1.0,true,exhaust manifold runner
249,ALTIMA2000_ENG_ManifoldRunner_Cast_002,Exhaust_Manifold,EX,Manifold,ManifoldRunner,MAT_CastIron_Exhaust,,,0.97,-0.165,0.555,0.0,0.0,0.0,1.0,1.0,1.0,true,exhaust manifold runner
250,ALTIMA2000_ENG_ManifoldRunner_Cast_003,Exhaust_Manifold,EX,Manifold,ManifoldRunner,MAT_CastIron_Exhaust,,,1.07,-0.165,0.555,0.0,0.0,0.0,1.0,1.0,1.0,true,exhaust manifold runner
251,ALTIMA2000_ENG_ManifoldRunner_Cast_004,Exhaust_Manifold,EX,Manifold,ManifoldRunner,MAT_CastIron_Exhaust,,,1.17,-0.165,0.555,0.0,0.0,0.0,1.0,1.0,1.0,true,exhaust manifold runner
252,ALTIMA2000_ENG_HeatShield_Manifold,Exhaust_Manifold,EX,Manifold,HeatShield,MAT_Steel_Structural,,,1.02,-0.215,0.575,0.0,0.0,0.0,1.0,1.0,1.0,true,manifold heat shield
253,ALTIMA2000_ENG_OxygenSensor_Upstream,Exhaust_Manifold,EX,Manifold,O2Sensor,MAT_Zinc_Plated,,,1.04,-0.19,0.605,0.0,0.0,0.0,1.0,1.0,1.0,true,upstream heated oxygen sensor
254,ALTIMA2000_ENG_Alternator_Assembly,Engine,EN,Accessory,Alternator,MAT_Aluminium_Cast,,,0.89,-0.235,0.405,0.0,0.0,0.0,1.0,1.0,1.0,true,alternator
255,ALTIMA2000_ENG_PowerSteeringPump_Assembly,Engine,EN,Accessory,PSPump,MAT_Aluminium_Cast,,,1.15,-0.235,0.425,0.0,0.0,0.0,1.0,1.0,1.0,true,power steering pump
256,ALTIMA2000_ENG_ACCompressor_Assembly,Engine,EN,Accessory,ACCompressor,MAT_Engine_CastAlu,,,1.03,-0.29,0.315,0.0,0.0,0.0,1.0,1.0,1.0,true,air conditioning compressor
257,ALTIMA2000_ENG_Tensioner_Belt,Engine,EN,Accessory,BeltTensioner,MAT_Steel_Structural,,,1.19,-0.15,0.355,0.0,0.0,0.0,1.0,1.0,1.0,true,drive belt tensioner
258,ALTIMA2000_ENG_IdlerPulley_Belt,Engine,EN,Accessory,IdlerPulley,MAT_Steel_Structural,,,0.82,-0.1,0.445,0.0,0.0,0.0,1.0,1.0,1.0,true,idler pulley
259,ALTIMA2000_ENG_SerpentineBelt_WaterPump,Engine,EN,Accessory,Belt,MAT_Belt_Ribbed_Rubber,,,0.98,-0.06,0.355,0.0,0.0,0.0,1.0,1.0,1.0,true,serpentine accessory drive belt
260,ALTIMA2000_ENG_SerpentineBelt_Alternator,Engine,EN,Accessory,Belt,MAT_Belt_Ribbed_Rubber,,,1.0,-0.12,0.355,0.0,0.0,0.0,1.0,1.0,1.0,true,serpentine accessory drive belt
261,ALTIMA2000_ENG_SerpentineBelt_PS,Engine,EN,Accessory,Belt,MAT_Belt_Ribbed_Rubber,,,1.02,-0.18,0.355,0.0,0.0,0.0,1.0,1.0,1.0,true,serpentine accessory drive belt
262,ALTIMA2000_ENG_SerpentineBelt_AC,Engine,EN,Accessory,Belt,MAT_Belt_Ribbed_Rubber,,,1.04,-0.24,0.355,0.0,0.0,0.0,1.0,1.0,1.0,true,serpentine accessory drive belt
263,ALTIMA2000_ENG_EngineMount_Bracket_001,Drivetrain_Mount,TR,Mount,EngineMount,MAT_Steel_Structural,,,1.02,-0.28,0.375,0.0,0.0,0.0,1.0,1.0,1.0,true,engine mount bracket
264,ALTIMA2000_ENG_EngineMount_Insulator_001,Drivetrain_Mount,TR,Mount,EngineMountIns,MAT_Suspension_Bushing,,,1.02,-0.29,0.29,0.0,0.0,0.0,1.0,1.0,1.0,true,engine mount insulator
265,ALTIMA2000_ENG_EngineMount_Bracket_002,Drivetrain_Mount,TR,Mount,EngineMount,MAT_Steel_Structural,,,1.02,0.33,0.375,0.0,0.0,0.0,1.0,1.0,1.0,true,engine mount bracket
266,ALTIMA2000_ENG_EngineMount_Insulator_002,Drivetrain_Mount,TR,Mount,EngineMountIns,MAT_Suspension_Bushing,,,1.02,0.34,0.29,0.0,0.0,0.0,1.0,1.0,1.0,true,engine mount insulator
267,ALTIMA2000_ENG_EngineCover_Plastic,Engine,EN,Head,EngineCover,MAT_Engine_Cover_ABS,,,1.02,0.0,0.895,0.0,0.0,0.0,1.0,1.0,1.0,true,decorative engine cover
268,ALTIMA2000_ENG_Emission_EGRValve,Engine_Emission,EM,EGR,EGRValve,MAT_Aluminium_Cast,,,1.09,0.3,0.655,0.0,0.0,0.0,1.0,1.0,1.0,true,EGR valve
269,ALTIMA2000_ENG_Emission_CharcoalCanister,Engine_Emission,EM,EVAP,Canister,MAT_Plastic_Black_Matte,,,1.47,-0.3,0.495,0.0,0.0,0.0,1.0,1.0,1.0,true,EVAP charcoal canister
270,ALTIMA2000_TRN_Transaxle_Case,Drivetrain_Transaxle,TR,Transaxle,Case,MAT_Aluminium_Cast,,,0.13,0.0,0.4,0.0,0.0,0.0,1.0,1.0,1.0,true,transaxle case - 4-speed automatic (RE4F04A)
271,ALTIMA2000_TRN_TorqueConverter_Housing,Drivetrain_Transaxle,TR,Transaxle,Bellhousing,MAT_Aluminium_Cast,,,0.32,0.0,0.4,0.0,0.0,0.0,1.0,1.0,1.0,true,torque converter housing / bellhousing
272,ALTIMA2000_TRN_TorqueConverter_Assembly,Drivetrain_Transaxle,TR,Transaxle,TorqueConverter,MAT_Steel_Structural,,,0.28,0.0,0.4,0.0,0.0,0.0,1.0,1.0,1.0,true,torque converter
273,ALTIMA2000_TRN_ValveBody_Assembly,Drivetrain_Transaxle,TR,Transaxle,ValveBody,MAT_Aluminium_Cast,,,0.13,0.0,0.23,0.0,0.0,0.0,1.0,1.0,1.0,true,valve body
274,ALTIMA2000_TRN_Transaxle_OilPan,Drivetrain_Transaxle,TR,Transaxle,OilPan,MAT_Steel_Structural,,,0.13,0.0,0.17,0.0,0.0,0.0,1.0,1.0,1.0,true,transaxle oil pan
275,ALTIMA2000_TRN_Transaxle_Filter,Drivetrain_Transaxle,TR,Transaxle,Filter,MAT_Filter_Element,,,0.13,0.0,0.2,0.0,0.0,0.0,1.0,1.0,1.0,true,transmission fluid filter
276,ALTIMA2000_TRN_Transaxle_Dipstick,Drivetrain_Transaxle,TR,Transaxle,Dipstick,MAT_Steel_Structural,,,0.56,-0.13,0.7,0.0,0.0,0.0,1.0,1.0,1.0,true,automatic transaxle dipstick
277,ALTIMA2000_TRN_Differential_Carrier,Drivetrain_Transaxle,TR,Transaxle,Differential,MAT_Steel_Structural,,,0.07,0.0,0.29,0.0,0.0,0.0,1.0,1.0,1.0,true,final drive / differential assembly
278,ALTIMA2000_TRN_Output_SpeedSensor,Drivetrain_Transaxle,TR,Transaxle,VSS,MAT_Plastic_Black_Matte,,,0.07,0.14,0.29,0.0,0.0,0.0,1.0,1.0,1.0,true,vehicle speed sensor
279,ALTIMA2000_TRN_DriveShaft_Axle_001,Drivetrain_Drive,TR,Drive,Axle,MAT_Steel_Structural,,,0.07,0.36,0.29,0.0,0.0,0.0,1.0,1.0,1.0,true,front drive axle shaft
280,ALTIMA2000_TRN_CVJoint_ConstantVelocity_001,Drivetrain_Drive,TR,Drive,CVJoint,MAT_Steel_Structural,,,0.07,0.135,0.29,0.0,0.0,0.0,1.0,1.0,1.0,true,constant velocity joint
281,ALTIMA2000_TRN_CVBoot_Rubber_001,Drivetrain_Drive,TR,Drive,CVBoot,MAT_Rubber_Hose,,,0.07,0.19,0.29,0.0,0.0,0.0,1.0,1.0,1.0,true,CV joint rubber boot
282,ALTIMA2000_TRN_CVJoint_ConstantVelocity_002,Drivetrain_Drive,TR,Drive,CVJoint,MAT_Steel_Structural,,,0.07,0.58,0.29,0.0,0.0,0.0,1.0,1.0,1.0,true,constant velocity joint
283,ALTIMA2000_TRN_CVBoot_Rubber_002,Drivetrain_Drive,TR,Drive,CVBoot,MAT_Rubber_Hose,,,0.07,0.63,0.29,0.0,0.0,0.0,1.0,1.0,1.0,true,CV joint rubber boot
284,ALTIMA2000_TRN_DriveShaft_Axle_002,Drivetrain_Drive,TR,Drive,Axle,MAT_Steel_Structural,,,0.07,-0.36,0.29,0.0,0.0,0.0,1.0,1.0,1.0,true,front drive axle shaft
285,ALTIMA2000_TRN_CVJoint_ConstantVelocity_003,Drivetrain_Drive,TR,Drive,CVJoint,MAT_Steel_Structural,,,0.07,-0.135,0.29,0.0,0.0,0.0,1.0,1.0,1.0,true,constant velocity joint
286,ALTIMA2000_TRN_CVBoot_Rubber_003,Drivetrain_Drive,TR,Drive,CVBoot,MAT_Rubber_Hose,,,0.07,-0.19,0.29,0.0,0.0,0.0,1.0,1.0,1.0,true,CV joint rubber boot
287,ALTIMA2000_TRN_CVJoint_ConstantVelocity_004,Drivetrain_Drive,TR,Drive,CVJoint,MAT_Steel_Structural,,,0.07,-0.58,0.29,0.0,0.0,0.0,1.0,1.0,1.0,true,constant velocity joint
288,ALTIMA2000_TRN_CVBoot_Rubber_004,Drivetrain_Drive,TR,Drive,CVBoot,MAT_Rubber_Hose,,,0.07,-0.63,0.29,0.0,0.0,0.0,1.0,1.0,1.0,true,CV joint rubber boot
289,ALTIMA2000_TRN_TransaxleMount_Insulator_001,Drivetrain_Mount,TR,Mount,TransMount,MAT_Suspension_Bushing,,,0.13,-0.27,0.18,0.0,0.0,0.0,1.0,1.0,1.0,true,transaxle mount insulator
290,ALTIMA2000_TRN_TransaxleMount_Insulator_002,Drivetrain_Mount,TR,Mount,TransMount,MAT_Suspension_Bushing,,,0.13,0.3,0.18,0.0,0.0,0.0,1.0,1.0,1.0,true,transaxle mount insulator
291,ALTIMA2000_TRN_ShiftCable_Selector,Drivetrain_Drive,TR,Drive,ShiftCable,MAT_Wire_Loom_Black,,,0.3,-0.06,0.56,0.0,0.0,0.0,1.0,1.0,1.0,true,shift selector cable
292,ALTIMA2000_SUSP_StrutDamper_Front_R,Suspension_Front,SU,Front,StrutDamper,MAT_Shock_Absorber_Body,,,1.38,-0.72288,0.52,0.0,0.0,0.0,1.0,1.0,1.0,true,front strut damper body
293,ALTIMA2000_SUSP_StrutRod_Front_R,Suspension_Front,SU,Front,StrutRod,MAT_Shock_Piston_Rod,,,1.38,-0.72288,0.72,0.0,0.0,0.0,1.0,1.0,1.0,true,front strut piston rod
294,ALTIMA2000_SUSP_CoilSpring_Front_R,Suspension_Front,SU,Front,CoilSpring,MAT_Suspension_Spring,,,1.38,-0.72288,0.6,0.0,0.0,0.0,1.0,1.0,1.0,true,front coil spring
295,ALTIMA2000_SUSP_StrutMount_Upper_R,Suspension_Front,SU,Front,StrutMount,MAT_Steel_Structural,,,1.38,-0.72288,0.88,0.0,0.0,0.0,1.0,1.0,1.0,true,upper strut mount bearing
296,ALTIMA2000_SUSP_BumpStop_Front_R,Suspension_Front,SU,Front,BumpStop,MAT_Suspension_Bushing,,,1.38,-0.72288,0.79,0.0,0.0,0.0,1.0,1.0,1.0,true,strut bump stop
297,ALTIMA2000_SUSP_DustBoot_Front_R,Suspension_Front,SU,Front,DustBoot,MAT_Rubber_Hose,,,1.38,-0.72288,0.7,0.0,0.0,0.0,1.0,1.0,1.0,true,strut dust boot
298,ALTIMA2000_SUSP_LowerControlArm_Front_R,Suspension_Front,SU,Front,LowerControlArm,MAT_Steel_Structural,,,1.42,-0.4518,0.26,0.0,0.0,0.0,1.0,1.0,1.0,true,front lower control arm (transverse link)
299,ALTIMA2000_SUSP_BallJoint_Front_R,Suspension_Front,SU,Front,BallJoint,MAT_Steel_Structural,,,1.42,-0.73794,0.25,0.0,0.0,0.0,1.0,1.0,1.0,true,lower ball joint
300,ALTIMA2000_SUSP_SteeringKnuckle_Front_R,Suspension_Front,SU,Front,Knuckle,MAT_CastIron_Exhaust,,,1.38,-0.749235,0.32,0.0,0.0,0.0,1.0,1.0,1.0,true,front steering knuckle
301,ALTIMA2000_SUSP_HubBearing_Front_R,Suspension_Front,SU,Front,HubBearing,MAT_Steel_Structural,,,1.38,-0.753,0.3135,0.0,0.0,0.0,1.0,1.0,1.0,true,front hub bearing assembly
302,ALTIMA2000_SUSP_StabilizerBar_Front_R,Suspension_Front,SU,Front,StabilizerBar_R,MAT_Suspension_Spring,,,1.76,-1.06926,0.42,0.0,0.0,0.0,1.0,1.0,1.0,true,front stabiliser (anti-roll) bar
303,ALTIMA2000_SUSP_StabilizerLink_Front_R,Suspension_Front,SU,Front,StabilizerLink_R,MAT_Steel_Structural,,,1.7,-0.69276,0.36,0.0,0.0,0.0,1.0,1.0,1.0,true,stabiliser link rod
304,ALTIMA2000_SUSP_StabilizerBushing_Front_R,Suspension_Front,SU,Front,StabilizerBush_R,MAT_Suspension_Bushing,,,1.56,-0.2259,0.41,0.0,0.0,0.0,1.0,1.0,1.0,true,stabiliser bar bushing
305,ALTIMA2000_SUSP_StrutDamper_Front_L,Suspension_Front,SU,Front,StrutDamper,MAT_Shock_Absorber_Body,,,1.38,0.72288,0.52,0.0,0.0,0.0,1.0,1.0,1.0,true,front strut damper body
306,ALTIMA2000_SUSP_StrutRod_Front_L,Suspension_Front,SU,Front,StrutRod,MAT_Shock_Piston_Rod,,,1.38,0.72288,0.72,0.0,0.0,0.0,1.0,1.0,1.0,true,front strut piston rod
307,ALTIMA2000_SUSP_CoilSpring_Front_L,Suspension_Front,SU,Front,CoilSpring,MAT_Suspension_Spring,,,1.38,0.72288,0.6,0.0,0.0,0.0,1.0,1.0,1.0,true,front coil spring
308,ALTIMA2000_SUSP_StrutMount_Upper_L,Suspension_Front,SU,Front,StrutMount,MAT_Steel_Structural,,,1.38,0.72288,0.88,0.0,0.0,0.0,1.0,1.0,1.0,true,upper strut mount bearing
309,ALTIMA2000_SUSP_BumpStop_Front_L,Suspension_Front,SU,Front,BumpStop,MAT_Suspension_Bushing,,,1.38,0.72288,0.79,0.0,0.0,0.0,1.0,1.0,1.0,true,strut bump stop
310,ALTIMA2000_SUSP_DustBoot_Front_L,Suspension_Front,SU,Front,DustBoot,MAT_Rubber_Hose,,,1.38,0.72288,0.7,0.0,0.0,0.0,1.0,1.0,1.0,true,strut dust boot
311,ALTIMA2000_SUSP_LowerControlArm_Front_L,Suspension_Front,SU,Front,LowerControlArm,MAT_Steel_Structural,,,1.42,0.4518,0.26,0.0,0.0,0.0,1.0,1.0,1.0,true,front lower control arm (transverse link)
312,ALTIMA2000_SUSP_BallJoint_Front_L,Suspension_Front,SU,Front,BallJoint,MAT_Steel_Structural,,,1.42,0.73794,0.25,0.0,0.0,0.0,1.0,1.0,1.0,true,lower ball joint
313,ALTIMA2000_SUSP_SteeringKnuckle_Front_L,Suspension_Front,SU,Front,Knuckle,MAT_CastIron_Exhaust,,,1.38,0.749235,0.32,0.0,0.0,0.0,1.0,1.0,1.0,true,front steering knuckle
314,ALTIMA2000_SUSP_HubBearing_Front_L,Suspension_Front,SU,Front,HubBearing,MAT_Steel_Structural,,,1.38,0.753,0.3135,0.0,0.0,0.0,1.0,1.0,1.0,true,front hub bearing assembly
315,ALTIMA2000_SUSP_StabilizerBar_Front_L,Suspension_Front,SU,Front,StabilizerBar_L,MAT_Suspension_Spring,,,1.76,1.06926,0.42,0.0,0.0,0.0,1.0,1.0,1.0,true,front stabiliser (anti-roll) bar
316,ALTIMA2000_SUSP_StabilizerLink_Front_L,Suspension_Front,SU,Front,StabilizerLink_L,MAT_Steel_Structural,,,1.7,0.69276,0.36,0.0,0.0,0.0,1.0,1.0,1.0,true,stabiliser link rod
317,ALTIMA2000_SUSP_StabilizerBushing_Front_L,Suspension_Front,SU,Front,StabilizerBush_L,MAT_Suspension_Bushing,,,1.56,0.2259,0.41,0.0,0.0,0.0,1.0,1.0,1.0,true,stabiliser bar bushing
318,ALTIMA2000_SUSP_BeamAxle_Rear,Suspension_Rear,SU,Rear,BeamAxle,MAT_Steel_Structural,,,-1.24,0.0,0.3,0.0,0.0,0.0,1.0,1.0,1.0,true,rear torsion beam axle
319,ALTIMA2000_SUSP_TrailingArm_Rear_R,Suspension_Rear,SU,Rear,TrailingArm,MAT_Steel_Structural,,,-0.99,-0.64758,0.29,0.0,0.0,0.0,1.0,1.0,1.0,true,rear trailing arm
320,ALTIMA2000_SUSP_StrutDamper_Rear_R,Suspension_Rear,SU,Rear,StrutDamperR,MAT_Shock_Absorber_Body,,,-1.24,-0.71535,0.43,0.0,0.0,0.0,1.0,1.0,1.0,true,rear shock absorber
321,ALTIMA2000_SUSP_CoilSpring_Rear_R,Suspension_Rear,SU,Rear,CoilSpringR,MAT_Suspension_Spring,,,-1.24,-0.6024,0.43,0.0,0.0,0.0,1.0,1.0,1.0,true,rear coil spring
322,ALTIMA2000_SUSP_StrutMount_Rear_R,Suspension_Rear,SU,Rear,StrutMountR,MAT_Steel_Structural,,,-1.24,-0.71535,0.62,0.0,0.0,0.0,1.0,1.0,1.0,true,rear upper shock mount
323,ALTIMA2000_SUSP_TrailingArmBushing_Rear_R,Suspension_Rear,SU,Rear,TrailingArmBush,MAT_Suspension_Bushing,,,-0.74,-0.64758,0.29,0.0,0.0,0.0,1.0,1.0,1.0,true,trailing arm pivot bushing
324,ALTIMA2000_SUSP_HubBearing_Rear_R,Suspension_Rear,SU,Rear,HubBearingR,MAT_Steel_Structural,,,-1.24,-0.753,0.3135,0.0,0.0,0.0,1.0,1.0,1.0,true,rear hub bearing assembly
325,ALTIMA2000_SUSP_TrailingArm_Rear_L,Suspension_Rear,SU,Rear,TrailingArm,MAT_Steel_Structural,,,-0.99,0.64758,0.29,0.0,0.0,0.0,1.0,1.0,1.0,true,rear trailing arm
326,ALTIMA2000_SUSP_StrutDamper_Rear_L,Suspension_Rear,SU,Rear,StrutDamperR,MAT_Shock_Absorber_Body,,,-1.24,0.71535,0.43,0.0,0.0,0.0,1.0,1.0,1.0,true,rear shock absorber
327,ALTIMA2000_SUSP_CoilSpring_Rear_L,Suspension_Rear,SU,Rear,CoilSpringR,MAT_Suspension_Spring,,,-1.24,0.6024,0.43,0.0,0.0,0.0,1.0,1.0,1.0,true,rear coil spring
328,ALTIMA2000_SUSP_StrutMount_Rear_L,Suspension_Rear,SU,Rear,StrutMountR,MAT_Steel_Structural,,,-1.24,0.71535,0.62,0.0,0.0,0.0,1.0,1.0,1.0,true,rear upper shock mount
329,ALTIMA2000_SUSP_TrailingArmBushing_Rear_L,Suspension_Rear,SU,Rear,TrailingArmBush,MAT_Suspension_Bushing,,,-0.74,0.64758,0.29,0.0,0.0,0.0,1.0,1.0,1.0,true,trailing arm pivot bushing
330,ALTIMA2000_SUSP_HubBearing_Rear_L,Suspension_Rear,SU,Rear,HubBearingR,MAT_Steel_Structural,,,-1.24,0.753,0.3135,0.0,0.0,0.0,1.0,1.0,1.0,true,rear hub bearing assembly
331,ALTIMA2000_SUSP_PanhardRod_Rear,Suspension_Rear,SU,Rear,PanhardRod,MAT_Steel_Structural,,,-1.12,0.0,0.33,0.0,0.0,0.0,1.0,1.0,1.0,true,lateral locating rod
332,ALTIMA2000_SUSP_SteeringRack_Assembly,Suspension_Steering,SR,Steering,Rack,MAT_Aluminium_Cast,,,1.48,0.0,0.4,0.0,0.0,0.0,1.0,1.0,1.0,true,power steering rack and pinion
333,ALTIMA2000_SUSP_PinionHousing_Steering,Suspension_Steering,SR,Steering,Pinion,MAT_Aluminium_Cast,,,1.48,-0.13,0.43,0.0,0.0,0.0,1.0,1.0,1.0,true,steering pinion housing
334,ALTIMA2000_SUSP_TieRod_Inner_R,Suspension_Steering,SR,Steering,TieRod,MAT_Steel_Structural,,,1.48,-0.27,0.39,0.0,0.0,0.0,1.0,1.0,1.0,true,inner tie rod
335,ALTIMA2000_SUSP_TieRodEnd_Outer_R,Suspension_Steering,SR,Steering,TieRodEnd,MAT_Steel_Structural,,,1.38,-0.64,0.36,0.0,0.0,0.0,1.0,1.0,1.0,true,outer tie rod end
336,ALTIMA2000_SUSP_RackBoot_Rubber_R,Suspension_Steering,SR,Steering,RackBoot,MAT_Rubber_Hose,,,1.48,-0.33,0.395,0.0,0.0,0.0,1.0,1.0,1.0,true,rack end rubber boot
337,ALTIMA2000_SUSP_TieRod_Inner_L,Suspension_Steering,SR,Steering,TieRod,MAT_Steel_Structural,,,1.48,0.27,0.39,0.0,0.0,0.0,1.0,1.0,1.0,true,inner tie rod
338,ALTIMA2000_SUSP_TieRodEnd_Outer_L,Suspension_Steering,SR,Steering,TieRodEnd,MAT_Steel_Structural,,,1.38,0.64,0.36,0.0,0.0,0.0,1.0,1.0,1.0,true,outer tie rod end
339,ALTIMA2000_SUSP_RackBoot_Rubber_L,Suspension_Steering,SR,Steering,RackBoot,MAT_Rubber_Hose,,,1.48,0.33,0.395,0.0,0.0,0.0,1.0,1.0,1.0,true,rack end rubber boot
340,ALTIMA2000_SUSP_SteeringColumn_Assembly,Suspension_Steering,SR,Steering,Column,MAT_Steel_Structural,,,0.4,-0.36,0.73,0.0,0.0,0.0,1.0,1.0,1.0,true,collapsible steering column
341,ALTIMA2000_SUSP_SteeringUJoint_Lower,Suspension_Steering,SR,Steering,UJoint,MAT_Steel_Structural,,,0.93,-0.22,0.64,0.0,0.0,0.0,1.0,1.0,1.0,true,steering intermediate shaft universal joint
342,ALTIMA2000_SUSP_SteeringWheel_Rim,Suspension_Steering,SR,Steering,SteeringWheel,MAT_Plastic_DarkGrey,,,0.36,-0.36,0.735,0.0,0.0,0.0,1.0,1.0,1.0,true,steering wheel rim
343,ALTIMA2000_SUSP_SteeringWheelHub_Centre,Suspension_Steering,SR,Steering,WheelHub,MAT_Plastic_DarkGrey,,,0.39,-0.36,0.735,0.0,0.0,0.0,1.0,1.0,1.0,true,steering wheel hub with airbag
344,ALTIMA2000_WHL_Tire_Road_FL,Wheels,WH,Wheel_FL,Tire_FL,MAT_Tire_Compound,tire,TPL_Tire_205_60R15,1.38,0.753,0.3135,0.0,0.0,0.0,1.0,1.0,1.0,true,205/60R15 tire
345,ALTIMA2000_WHL_Rim_Alloy_FL,Wheels,WH,Wheel_FL,Rim_FL,MAT_Aluminium_Brushed,alu_brushed,TPL_Rim_15x6J,1.38,0.753,0.3135,0.0,0.0,0.0,1.0,1.0,1.0,true,15x6J alloy wheel
346,ALTIMA2000_WHL_Tread_Band_FL,Wheels,WH,Wheel_FL,Tread_FL,MAT_Tire_Tread,tire_tread,TPL_Tread_Band,1.38,0.753,0.3135,0.0,0.0,0.0,1.0,1.0,1.0,true,tire tread band
347,ALTIMA2000_WHL_HubCap_Centre_FL,Wheels,WH,Wheel_FL,CentreCap_FL,MAT_Chrome_Trim,chrome,TPL_HubCap_Centre,1.38,0.82077,0.3135,0.0,0.0,0.0,1.0,1.0,1.0,true,centre cap
348,ALTIMA2000_WHL_Spoke_Alloy_FL_001,Wheels,WH,Wheel_FL,Spoke_FL,MAT_Aluminium_Brushed,alu_brushed,TPL_AlloySpoke,1.413778,0.794415,0.422695,0.0,0.0,-0.3,1.0,1.0,1.0,true,alloy spoke
349,ALTIMA2000_WHL_Spoke_Alloy_FL_002,Wheels,WH,Wheel_FL,Spoke_FL,MAT_Aluminium_Brushed,alu_brushed,TPL_AlloySpoke,1.494289,0.794415,0.315118,0.0,0.0,-1.556637,1.0,1.0,1.0,true,alloy spoke
350,ALTIMA2000_WHL_Spoke_Alloy_FL_003,Wheels,WH,Wheel_FL,Spoke_FL,MAT_Aluminium_Brushed,alu_brushed,TPL_AlloySpoke,1.416856,0.794415,0.205305,0.0,0.0,-2.813274,1.0,1.0,1.0,true,alloy spoke
351,ALTIMA2000_WHL_Spoke_Alloy_FL_004,Wheels,WH,Wheel_FL,Spoke_FL,MAT_Aluminium_Brushed,alu_brushed,TPL_AlloySpoke,1.28849,0.794415,0.245014,0.0,0.0,-4.069911,1.0,1.0,1.0,true,alloy spoke
352,ALTIMA2000_WHL_Spoke_Alloy_FL_005,Wheels,WH,Wheel_FL,Spoke_FL,MAT_Aluminium_Brushed,alu_brushed,TPL_AlloySpoke,1.286587,0.794415,0.379368,0.0,0.0,-5.326548,1.0,1.0,1.0,true,alloy spoke
353,ALTIMA2000_FAST_LugNut_Wheel_FL_001,Fasteners_Bolts,FT,LugNut,LugNut_FL,MAT_Steel_Phosphate_Fastener,steel_phos,,1.392318,0.838089,0.374264,0.0,0.0,0.0,1.0,1.0,1.0,true,wheel lug nut
354,ALTIMA2000_FAST_LugNut_Wheel_FL_002,Fasteners_Bolts,FT,LugNut,LugNut_FL,MAT_Steel_Phosphate_Fastener,steel_phos,,1.440764,0.838089,0.301183,0.0,0.0,0.0,1.0,1.0,1.0,true,wheel lug nut
355,ALTIMA2000_FAST_LugNut_Wheel_FL_003,Fasteners_Bolts,FT,LugNut,LugNut_FL,MAT_Steel_Phosphate_Fastener,steel_phos,,1.367682,0.838089,0.252736,0.0,0.0,0.0,1.0,1.0,1.0,true,wheel lug nut
356,ALTIMA2000_FAST_LugNut_Wheel_FL_004,Fasteners_Bolts,FT,LugNut,LugNut_FL,MAT_Steel_Phosphate_Fastener,steel_phos,,1.319236,0.838089,0.325817,0.0,0.0,0.0,1.0,1.0,1.0,true,wheel lug nut
357,ALTIMA2000_WHL_ValveStem_Tire_FL,Wheels,WH,Wheel_FL,ValveStem_FL,MAT_Rubber_EPDM_Seal,rubber,,1.38,0.81324,0.17634,0.0,0.0,0.0,1.0,1.0,1.0,true,tire valve stem
358,ALTIMA2000_WHL_Tire_Road_FR,Wheels,WH,Wheel_FR,Tire_FR,MAT_Tire_Compound,tire,TPL_Tire_205_60R15,1.38,-0.753,0.3135,0.0,0.0,0.0,1.0,1.0,1.0,true,205/60R15 tire
359,ALTIMA2000_WHL_Rim_Alloy_FR,Wheels,WH,Wheel_FR,Rim_FR,MAT_Aluminium_Brushed,alu_brushed,TPL_Rim_15x6J,1.38,-0.753,0.3135,0.0,0.0,0.0,1.0,1.0,1.0,true,15x6J alloy wheel
360,ALTIMA2000_WHL_Tread_Band_FR,Wheels,WH,Wheel_FR,Tread_FR,MAT_Tire_Tread,tire_tread,TPL_Tread_Band,1.38,-0.753,0.3135,0.0,0.0,0.0,1.0,1.0,1.0,true,tire tread band
361,ALTIMA2000_WHL_HubCap_Centre_FR,Wheels,WH,Wheel_FR,CentreCap_FR,MAT_Chrome_Trim,chrome,TPL_HubCap_Centre,1.38,-0.82077,0.3135,0.0,0.0,0.0,1.0,1.0,1.0,true,centre cap
362,ALTIMA2000_WHL_Spoke_Alloy_FR_001,Wheels,WH,Wheel_FR,Spoke_FR,MAT_Aluminium_Brushed,alu_brushed,TPL_AlloySpoke,1.413778,-0.794415,0.422695,0.0,0.0,-0.3,1.0,1.0,1.0,true,alloy spoke
363,ALTIMA2000_WHL_Spoke_Alloy_FR_002,Wheels,WH,Wheel_FR,Spoke_FR,MAT_Aluminium_Brushed,alu_brushed,TPL_AlloySpoke,1.494289,-0.794415,0.315118,0.0,0.0,-1.556637,1.0,1.0,1.0,true,alloy spoke
364,ALTIMA2000_WHL_Spoke_Alloy_FR_003,Wheels,WH,Wheel_FR,Spoke_FR,MAT_Aluminium_Brushed,alu_brushed,TPL_AlloySpoke,1.416856,-0.794415,0.205305,0.0,0.0,-2.813274,1.0,1.0,1.0,true,alloy spoke
365,ALTIMA2000_WHL_Spoke_Alloy_FR_004,Wheels,WH,Wheel_FR,Spoke_FR,MAT_Aluminium_Brushed,alu_brushed,TPL_AlloySpoke,1.28849,-0.794415,0.245014,0.0,0.0,-4.069911,1.0,1.0,1.0,true,alloy spoke
366,ALTIMA2000_WHL_Spoke_Alloy_FR_005,Wheels,WH,Wheel_FR,Spoke_FR,MAT_Aluminium_Brushed,alu_brushed,TPL_AlloySpoke,1.286587,-0.794415,0.379368,0.0,0.0,-5.326548,1.0,1.0,1.0,true,alloy spoke
367,ALTIMA2000_FAST_LugNut_Wheel_FR_001,Fasteners_Bolts,FT,LugNut,LugNut_FR,MAT_Steel_Phosphate_Fastener,steel_phos,,1.392318,-0.838089,0.374264,0.0,0.0,0.0,1.0,1.0,1.0,true,wheel lug nut
368,ALTIMA2000_FAST_LugNut_Wheel_FR_002,Fasteners_Bolts,FT,LugNut,LugNut_FR,MAT_Steel_Phosphate_Fastener,steel_phos,,1.440764,-0.838089,0.301183,0.0,0.0,0.0,1.0,1.0,1.0,true,wheel lug nut
369,ALTIMA2000_FAST_LugNut_Wheel_FR_003,Fasteners_Bolts,FT,LugNut,LugNut_FR,MAT_Steel_Phosphate_Fastener,steel_phos,,1.367682,-0.838089,0.252736,0.0,0.0,0.0,1.0,1.0,1.0,true,wheel lug nut
370,ALTIMA2000_FAST_LugNut_Wheel_FR_004,Fasteners_Bolts,FT,LugNut,LugNut_FR,MAT_Steel_Phosphate_Fastener,steel_phos,,1.319236,-0.838089,0.325817,0.0,0.0,0.0,1.0,1.0,1.0,true,wheel lug nut
371,ALTIMA2000_WHL_ValveStem_Tire_FR,Wheels,WH,Wheel_FR,ValveStem_FR,MAT_Rubber_EPDM_Seal,rubber,,1.38,-0.81324,0.17634,0.0,0.0,0.0,1.0,1.0,1.0,true,tire valve stem
372,ALTIMA2000_WHL_Tire_Road_RL,Wheels,WH,Wheel_RL,Tire_RL,MAT_Tire_Compound,tire,TPL_Tire_205_60R15,-1.24,0.753,0.3135,0.0,0.0,0.0,1.0,1.0,1.0,true,205/60R15 tire
373,ALTIMA2000_WHL_Rim_Alloy_RL,Wheels,WH,Wheel_RL,Rim_RL,MAT_Aluminium_Brushed,alu_brushed,TPL_Rim_15x6J,-1.24,0.753,0.3135,0.0,0.0,0.0,1.0,1.0,1.0,true,15x6J alloy wheel
374,ALTIMA2000_WHL_Tread_Band_RL,Wheels,WH,Wheel_RL,Tread_RL,MAT_Tire_Tread,tire_tread,TPL_Tread_Band,-1.24,0.753,0.3135,0.0,0.0,0.0,1.0,1.0,1.0,true,tire tread band
375,ALTIMA2000_WHL_HubCap_Centre_RL,Wheels,WH,Wheel_RL,CentreCap_RL,MAT_Chrome_Trim,chrome,TPL_HubCap_Centre,-1.24,0.82077,0.3135,0.0,0.0,0.0,1.0,1.0,1.0,true,centre cap
376,ALTIMA2000_WHL_Spoke_Alloy_RL_001,Wheels,WH,Wheel_RL,Spoke_RL,MAT_Aluminium_Brushed,alu_brushed,TPL_AlloySpoke,-1.206222,0.794415,0.422695,0.0,0.0,-0.3,1.0,1.0,1.0,true,alloy spoke
377,ALTIMA2000_WHL_Spoke_Alloy_RL_002,Wheels,WH,Wheel_RL,Spoke_RL,MAT_Aluminium_Brushed,alu_brushed,TPL_AlloySpoke,-1.125711,0.794415,0.315118,0.0,0.0,-1.556637,1.0,1.0,1.0,true,alloy spoke
378,ALTIMA2000_WHL_Spoke_Alloy_RL_003,Wheels,WH,Wheel_RL,Spoke_RL,MAT_Aluminium_Brushed,alu_brushed,TPL_AlloySpoke,-1.203144,0.794415,0.205305,0.0,0.0,-2.813274,1.0,1.0,1.0,true,alloy spoke
379,ALTIMA2000_WHL_Spoke_Alloy_RL_004,Wheels,WH,Wheel_RL,Spoke_RL,MAT_Aluminium_Brushed,alu_brushed,TPL_AlloySpoke,-1.33151,0.794415,0.245014,0.0,0.0,-4.069911,1.0,1.0,1.0,true,alloy spoke
380,ALTIMA2000_WHL_Spoke_Alloy_RL_005,Wheels,WH,Wheel_RL,Spoke_RL,MAT_Aluminium_Brushed,alu_brushed,TPL_AlloySpoke,-1.333413,0.794415,0.379368,0.0,0.0,-5.326548,1.0,1.0,1.0,true,alloy spoke
381,ALTIMA2000_FAST_LugNut_Wheel_RL_001,Fasteners_Bolts,FT,LugNut,LugNut_RL,MAT_Steel_Phosphate_Fastener,steel_phos,,-1.227682,0.838089,0.374264,0.0,0.0,0.0,1.0,1.0,1.0,true,wheel lug nut
382,ALTIMA2000_FAST_LugNut_Wheel_RL_002,Fasteners_Bolts,FT,LugNut,LugNut_RL,MAT_Steel_Phosphate_Fastener,steel_phos,,-1.179236,0.838089,0.301183,0.0,0.0,0.0,1.0,1.0,1.0,true,wheel lug nut
383,ALTIMA2000_FAST_LugNut_Wheel_RL_003,Fasteners_Bolts,FT,LugNut,LugNut_RL,MAT_Steel_Phosphate_Fastener,steel_phos,,-1.252318,0.838089,0.252736,0.0,0.0,0.0,1.0,1.0,1.0,true,wheel lug nut
384,ALTIMA2000_FAST_LugNut_Wheel_RL_004,Fasteners_Bolts,FT,LugNut,LugNut_RL,MAT_Steel_Phosphate_Fastener,steel_phos,,-1.300764,0.838089,0.325817,0.0,0.0,0.0,1.0,1.0,1.0,true,wheel lug nut
385,ALTIMA2000_WHL_ValveStem_Tire_RL,Wheels,WH,Wheel_RL,ValveStem_RL,MAT_Rubber_EPDM_Seal,rubber,,-1.24,0.81324,0.17634,0.0,0.0,0.0,1.0,1.0,1.0,true,tire valve stem
386,ALTIMA2000_WHL_Tire_Road_RR,Wheels,WH,Wheel_RR,Tire_RR,MAT_Tire_Compound,tire,TPL_Tire_205_60R15,-1.24,-0.753,0.3135,0.0,0.0,0.0,1.0,1.0,1.0,true,205/60R15 tire
387,ALTIMA2000_WHL_Rim_Alloy_RR,Wheels,WH,Wheel_RR,Rim_RR,MAT_Aluminium_Brushed,alu_brushed,TPL_Rim_15x6J,-1.24,-0.753,0.3135,0.0,0.0,0.0,1.0,1.0,1.0,true,15x6J alloy wheel
388,ALTIMA2000_WHL_Tread_Band_RR,Wheels,WH,Wheel_RR,Tread_RR,MAT_Tire_Tread,tire_tread,TPL_Tread_Band,-1.24,-0.753,0.3135,0.0,0.0,0.0,1.0,1.0,1.0,true,tire tread band
389,ALTIMA2000_WHL_HubCap_Centre_RR,Wheels,WH,Wheel_RR,CentreCap_RR,MAT_Chrome_Trim,chrome,TPL_HubCap_Centre,-1.24,-0.82077,0.3135,0.0,0.0,0.0,1.0,1.0,1.0,true,centre cap
390,ALTIMA2000_WHL_Spoke_Alloy_RR_001,Wheels,WH,Wheel_RR,Spoke_RR,MAT_Aluminium_Brushed,alu_brushed,TPL_AlloySpoke,-1.206222,-0.794415,0.422695,0.0,0.0,-0.3,1.0,1.0,1.0,true,alloy spoke
391,ALTIMA2000_WHL_Spoke_Alloy_RR_002,Wheels,WH,Wheel_RR,Spoke_RR,MAT_Aluminium_Brushed,alu_brushed,TPL_AlloySpoke,-1.125711,-0.794415,0.315118,0.0,0.0,-1.556637,1.0,1.0,1.0,true,alloy spoke
392,ALTIMA2000_WHL_Spoke_Alloy_RR_003,Wheels,WH,Wheel_RR,Spoke_RR,MAT_Aluminium_Brushed,alu_brushed,TPL_AlloySpoke,-1.203144,-0.794415,0.205305,0.0,0.0,-2.813274,1.0,1.0,1.0,true,alloy spoke
393,ALTIMA2000_WHL_Spoke_Alloy_RR_004,Wheels,WH,Wheel_RR,Spoke_RR,MAT_Aluminium_Brushed,alu_brushed,TPL_AlloySpoke,-1.33151,-0.794415,0.245014,0.0,0.0,-4.069911,1.0,1.0,1.0,true,alloy spoke
394,ALTIMA2000_WHL_Spoke_Alloy_RR_005,Wheels,WH,Wheel_RR,Spoke_RR,MAT_Aluminium_Brushed,alu_brushed,TPL_AlloySpoke,-1.333413,-0.794415,0.379368,0.0,0.0,-5.326548,1.0,1.0,1.0,true,alloy spoke
395,ALTIMA2000_FAST_LugNut_Wheel_RR_001,Fasteners_Bolts,FT,LugNut,LugNut_RR,MAT_Steel_Phosphate_Fastener,steel_phos,,-1.227682,-0.838089,0.374264,0.0,0.0,0.0,1.0,1.0,1.0,true,wheel lug nut
396,ALTIMA2000_FAST_LugNut_Wheel_RR_002,Fasteners_Bolts,FT,LugNut,LugNut_RR,MAT_Steel_Phosphate_Fastener,steel_phos,,-1.179236,-0.838089,0.301183,0.0,0.0,0.0,1.0,1.0,1.0,true,wheel lug nut
397,ALTIMA2000_FAST_LugNut_Wheel_RR_003,Fasteners_Bolts,FT,LugNut,LugNut_RR,MAT_Steel_Phosphate_Fastener,steel_phos,,-1.252318,-0.838089,0.252736,0.0,0.0,0.0,1.0,1.0,1.0,true,wheel lug nut
398,ALTIMA2000_FAST_LugNut_Wheel_RR_004,Fasteners_Bolts,FT,LugNut,LugNut_RR,MAT_Steel_Phosphate_Fastener,steel_phos,,-1.300764,-0.838089,0.325817,0.0,0.0,0.0,1.0,1.0,1.0,true,wheel lug nut
399,ALTIMA2000_WHL_ValveStem_Tire_RR,Wheels,WH,Wheel_RR,ValveStem_RR,MAT_Rubber_EPDM_Seal,rubber,,-1.24,-0.81324,0.17634,0.0,0.0,0.0,1.0,1.0,1.0,true,tire valve stem
400,ALTIMA2000_BRAK_Disc_Front_R,Brakes_Front,BR,Front,Disc_FrontR,MAT_BrakeDisc_GreyIron,brake_disc,TPL_BrakeDisc,1.38,-0.64758,0.3135,0.0,0.0,0.0,1.0,1.0,1.0,true,vented brake disc
401,ALTIMA2000_BRAK_Pad_Front_R_1,Brakes_Front,BR,Front,Pad_FrontR,MAT_Brake_Pad_Friction,brake_pad,TPL_BrakePad,1.45,-0.6777,0.3435,0.0,0.0,0.0,1.0,1.0,1.0,true,brake pad
402,ALTIMA2000_BRAK_Pad_Front_R_2,Brakes_Front,BR,Front,Pad_FrontR,MAT_Brake_Pad_Friction,brake_pad,TPL_BrakePad,1.45,-0.6777,0.2835,0.0,0.0,0.0,1.0,1.0,1.0,true,brake pad
403,ALTIMA2000_BRAK_Piston_Front_R,Brakes_Front,BR,Front,Piston_FrontR,MAT_Steel_Structural,steel,TPL_CaliperPiston,1.458,-0.6777,0.3135,0.0,0.0,0.0,1.0,1.0,1.0,true,caliper piston
404,ALTIMA2000_BRAK_Caliper_Front_R,Brakes_Front,BR,Front,Caliper_FrontR,MAT_Brake_Caliper_Cast,,,1.458,-0.68523,0.3135,0.0,0.0,0.0,1.0,1.0,1.0,true,brake caliper body
405,ALTIMA2000_BRAK_Disc_Rear_R,Brakes_Rear,BR,Rear,Disc_RearR,MAT_BrakeDisc_GreyIron,brake_disc,TPL_BrakeDisc,-1.24,-0.64758,0.3135,0.0,0.0,0.0,1.0,1.0,1.0,true,vented brake disc
406,ALTIMA2000_BRAK_Pad_Rear_R_1,Brakes_Rear,BR,Rear,Pad_RearR,MAT_Brake_Pad_Friction,brake_pad,TPL_BrakePad,-1.17,-0.6777,0.3435,0.0,0.0,0.0,1.0,1.0,1.0,true,brake pad
407,ALTIMA2000_BRAK_Pad_Rear_R_2,Brakes_Rear,BR,Rear,Pad_RearR,MAT_Brake_Pad_Friction,brake_pad,TPL_BrakePad,-1.17,-0.6777,0.2835,0.0,0.0,0.0,1.0,1.0,1.0,true,brake pad
408,ALTIMA2000_BRAK_Piston_Rear_R,Brakes_Rear,BR,Rear,Piston_RearR,MAT_Steel_Structural,steel,TPL_CaliperPiston,-1.162,-0.6777,0.3135,0.0,0.0,0.0,1.0,1.0,1.0,true,caliper piston
409,ALTIMA2000_BRAK_Caliper_Rear_R,Brakes_Rear,BR,Rear,Caliper_RearR,MAT_Brake_Caliper_Cast,,,-1.162,-0.68523,0.3135,0.0,0.0,0.0,1.0,1.0,1.0,true,brake caliper body
410,ALTIMA2000_BRAK_Disc_Front_L,Brakes_Front,BR,Front,Disc_FrontL,MAT_BrakeDisc_GreyIron,brake_disc,TPL_BrakeDisc,1.38,0.64758,0.3135,0.0,0.0,0.0,1.0,1.0,1.0,true,vented brake disc
411,ALTIMA2000_BRAK_Pad_Front_L_1,Brakes_Front,BR,Front,Pad_FrontL,MAT_Brake_Pad_Friction,brake_pad,TPL_BrakePad,1.45,0.6777,0.3435,0.0,0.0,0.0,1.0,1.0,1.0,true,brake pad
412,ALTIMA2000_BRAK_Pad_Front_L_2,Brakes_Front,BR,Front,Pad_FrontL,MAT_Brake_Pad_Friction,brake_pad,TPL_BrakePad,1.45,0.6777,0.2835,0.0,0.0,0.0,1.0,1.0,1.0,true,brake pad
413,ALTIMA2000_BRAK_Piston_Front_L,Brakes_Front,BR,Front,Piston_FrontL,MAT_Steel_Structural,steel,TPL_CaliperPiston,1.458,0.6777,0.3135,0.0,0.0,0.0,1.0,1.0,1.0,true,caliper piston
414,ALTIMA2000_BRAK_Caliper_Front_L,Brakes_Front,BR,Front,Caliper_FrontL,MAT_Brake_Caliper_Cast,,,1.458,0.68523,0.3135,0.0,0.0,0.0,1.0,1.0,1.0,true,brake caliper body
415,ALTIMA2000_BRAK_Disc_Rear_L,Brakes_Rear,BR,Rear,Disc_RearL,MAT_BrakeDisc_GreyIron,brake_disc,TPL_BrakeDisc,-1.24,0.64758,0.3135,0.0,0.0,0.0,1.0,1.0,1.0,true,vented brake disc
416,ALTIMA2000_BRAK_Pad_Rear_L_1,Brakes_Rear,BR,Rear,Pad_RearL,MAT_Brake_Pad_Friction,brake_pad,TPL_BrakePad,-1.17,0.6777,0.3435,0.0,0.0,0.0,1.0,1.0,1.0,true,brake pad
417,ALTIMA2000_BRAK_Pad_Rear_L_2,Brakes_Rear,BR,Rear,Pad_RearL,MAT_Brake_Pad_Friction,brake_pad,TPL_BrakePad,-1.17,0.6777,0.2835,0.0,0.0,0.0,1.0,1.0,1.0,true,brake pad
418,ALTIMA2000_BRAK_Piston_Rear_L,Brakes_Rear,BR,Rear,Piston_RearL,MAT_Steel_Structural,steel,TPL_CaliperPiston,-1.162,0.6777,0.3135,0.0,0.0,0.0,1.0,1.0,1.0,true,caliper piston
419,ALTIMA2000_BRAK_Caliper_Rear_L,Brakes_Rear,BR,Rear,Caliper_RearL,MAT_Brake_Caliper_Cast,,,-1.162,0.68523,0.3135,0.0,0.0,0.0,1.0,1.0,1.0,true,brake caliper body
420,ALTIMA2000_BRAK_MasterCylinder_Tandem,Brakes_Hydraulics,BR,Hydraulics,MasterCylinder,MAT_Aluminium_Cast,,,1.870638,-0.14,0.94,0.0,0.0,0.0,1.0,1.0,1.0,true,tandem master cylinder
421,ALTIMA2000_BRAK_BrakeBooster_Vacuum,Brakes_Hydraulics,BR,Hydraulics,Booster,MAT_Steel_Structural,,,1.7,-0.14,0.9,0.0,0.0,0.0,1.0,1.0,1.0,true,vacuum brake booster
422,ALTIMA2000_BRAK_ABSModule_Hydraulic,Brakes_Hydraulics,BR,Hydraulics,ABSModule,MAT_Aluminium_Cast,,,1.955745,0.24,0.88,0.0,0.0,0.0,1.0,1.0,1.0,true,ABS hydraulic control module
423,ALTIMA2000_BRAK_ProportioningValve_Rear,Brakes_Hydraulics,BR,Hydraulics,PropValve,MAT_Brass_Fitting,,,1.6,0.15,0.74,0.0,0.0,0.0,1.0,1.0,1.0,true,rear proportioning valve
424,ALTIMA2000_BRAK_BrakeLine_Rigid_R_01,Brakes_Hydraulics,BR,Hydraulics,BrakeLine,MAT_Copper_Wire,copper,,1.426667,0.346667,0.6,0.0,0.0,0.0,1.0,1.0,1.0,true,rigid brake line
425,ALTIMA2000_BRAK_BrakeHose_Flexible_R_01,Brakes_Hydraulics,BR,Hydraulics,BrakeHose,MAT_Rubber_Hose,rubber_hose,,1.38,0.671097,0.391167,0.0,0.0,0.0,1.0,1.0,1.0,true,flexible brake hose
426,ALTIMA2000_BRAK_BrakeLine_Rigid_L_02,Brakes_Hydraulics,BR,Hydraulics,BrakeLine,MAT_Copper_Wire,copper,,1.426667,-0.346667,0.6,0.0,0.0,0.0,1.0,1.0,1.0,true,rigid brake line
427,ALTIMA2000_BRAK_BrakeHose_Flexible_L_02,Brakes_Hydraulics,BR,Hydraulics,BrakeHose,MAT_Rubber_Hose,rubber_hose,,1.38,-0.671097,0.391167,0.0,0.0,0.0,1.0,1.0,1.0,true,flexible brake hose
428,ALTIMA2000_BRAK_BrakeLine_Rigid_R_03,Brakes_Hydraulics,BR,Hydraulics,BrakeLine,MAT_Copper_Wire,copper,,0.553333,0.346667,0.6,0.0,0.0,0.0,1.0,1.0,1.0,true,rigid brake line
429,ALTIMA2000_BRAK_BrakeHose_Flexible_R_03,Brakes_Hydraulics,BR,Hydraulics,BrakeHose,MAT_Rubber_Hose,rubber_hose,,-1.24,0.671097,0.391167,0.0,0.0,0.0,1.0,1.0,1.0,true,flexible brake hose
430,ALTIMA2000_BRAK_BrakeLine_Rigid_L_04,Brakes_Hydraulics,BR,Hydraulics,BrakeLine,MAT_Copper_Wire,copper,,0.553333,-0.346667,0.6,0.0,0.0,0.0,1.0,1.0,1.0,true,rigid brake line
431,ALTIMA2000_BRAK_BrakeHose_Flexible_L_04,Brakes_Hydraulics,BR,Hydraulics,BrakeHose,MAT_Rubber_Hose,rubber_hose,,-1.24,-0.671097,0.391167,0.0,0.0,0.0,1.0,1.0,1.0,true,flexible brake hose
432,ALTIMA2000_BRAK_ParkingBrake_Lever,Brakes_Hydraulics,BR,Hydraulics,ParkBrakeLever,MAT_Steel_Structural,,,0.02,-0.15,0.42,0.0,0.0,0.0,1.0,1.0,1.0,true,parking brake lever
433,ALTIMA2000_BRAK_ParkingBrake_Cable_R,Brakes_Hydraulics,BR,Hydraulics,ParkCable,MAT_Steel_Structural,steel,,-0.62,0.2408,0.35,0.0,0.0,0.0,1.0,1.0,1.0,true,parking brake cable
434,ALTIMA2000_BRAK_ParkingBrake_Cable_L,Brakes_Hydraulics,BR,Hydraulics,ParkCable,MAT_Steel_Structural,steel,,-0.62,-0.3608,0.35,0.0,0.0,0.0,1.0,1.0,1.0,true,parking brake cable
435,ALTIMA2000_EXH_Downpipe_Primary,Exhaust_Pipe,EX,Pipe,Downpipe,MAT_Stainless_Exhaust,stainless,,0.673333,-0.156667,0.343333,0.0,0.0,0.0,1.0,1.0,1.0,true,exhaust downpipe
436,ALTIMA2000_EXH_Catalyst_Converter,Exhaust_Pipe,EX,Pipe,Catalyst,MAT_Stainless_Exhaust,,,0.05,-0.13,0.29,0.0,0.0,0.0,1.0,1.0,1.0,true,catalytic converter
437,ALTIMA2000_EXH_Midpipe_Intermediate,Exhaust_Pipe,EX,Pipe,Midpipe,MAT_Stainless_Exhaust,stainless,,-0.706667,-0.163333,0.275,0.0,0.0,0.0,1.0,1.0,1.0,true,intermediate exhaust pipe
438,ALTIMA2000_EXH_Resonator_Canister,Exhaust_Pipe,EX,Pipe,Resonator,MAT_Stainless_Exhaust,,,-0.9,-0.18,0.265,0.0,0.0,0.0,1.0,1.0,1.0,true,exhaust resonator
439,ALTIMA2000_EXH_Muffler_Main,Exhaust_Muffler,EX,Muffler,Muffler,MAT_Stainless_Exhaust,,,-1.74,-0.29,0.3,0.0,0.0,0.0,1.0,1.0,1.0,true,main exhaust muffler
440,ALTIMA2000_EXH_Tailpipe_Outlet,Exhaust_Muffler,EX,Muffler,Tailpipe,MAT_Stainless_Exhaust,,,-2.040851,-0.3,0.29,0.0,0.0,0.0,1.0,1.0,1.0,true,exhaust tailpipe
441,ALTIMA2000_EXH_Hanger_Rubber_001,Exhaust_Pipe,EX,Pipe,Hanger,MAT_Rubber_EPDM_Seal,,,-0.3,-0.24,0.33,0.0,0.0,0.0,1.0,1.0,1.0,true,exhaust rubber hanger
442,ALTIMA2000_EXH_Hanger_Rubber_002,Exhaust_Pipe,EX,Pipe,Hanger,MAT_Rubber_EPDM_Seal,,,-0.78,-0.24,0.33,0.0,0.0,0.0,1.0,1.0,1.0,true,exhaust rubber hanger
443,ALTIMA2000_EXH_Hanger_Rubber_003,Exhaust_Pipe,EX,Pipe,Hanger,MAT_Rubber_EPDM_Seal,,,-1.26,-0.24,0.33,0.0,0.0,0.0,1.0,1.0,1.0,true,exhaust rubber hanger
444,ALTIMA2000_EXH_Hanger_Rubber_004,Exhaust_Pipe,EX,Pipe,Hanger,MAT_Rubber_EPDM_Seal,,,-1.74,-0.24,0.33,0.0,0.0,0.0,1.0,1.0,1.0,true,exhaust rubber hanger
445,ALTIMA2000_EXH_HeatShield_Floor_001,Exhaust_Pipe,EX,Pipe,HeatShield,MAT_Steel_Structural,,,-0.5,-0.25,0.29,0.0,0.0,0.0,1.0,1.0,1.0,true,exhaust heat shield
446,ALTIMA2000_EXH_HeatShield_Floor_002,Exhaust_Pipe,EX,Pipe,HeatShield,MAT_Steel_Structural,,,-1.2,-0.25,0.29,0.0,0.0,0.0,1.0,1.0,1.0,true,exhaust heat shield
447,ALTIMA2000_EXH_HeatShield_Floor_003,Exhaust_Pipe,EX,Pipe,HeatShield,MAT_Steel_Structural,,,0.32,-0.22,0.29,0.0,0.0,0.0,1.0,1.0,1.0,true,exhaust heat shield
448,ALTIMA2000_EXH_OxygenSensor_Downstream,Exhaust_Pipe,EX,Pipe,O2SensorDown,MAT_Zinc_Plated,,,-0.06,-0.13,0.35,0.0,0.0,0.0,1.0,1.0,1.0,true,downstream oxygen sensor
449,ALTIMA2000_FLD_FuelTank_Main,Fluids_Body,FL,Fuel,Tank,MAT_Fuel_Tank_Surface,,,-0.7,0.02,0.3,0.0,0.0,0.0,1.0,1.0,1.0,true,fuel tank
450,ALTIMA2000_FLD_FuelPump_Module,Fluids_Body,FL,Fuel,PumpModule,MAT_Zinc_Plated,,,-0.7,0.02,0.4,0.0,0.0,0.0,1.0,1.0,1.0,true,in-tank fuel pump module
451,ALTIMA2000_FLD_FuelTankStrap_001,Fluids_Body,FL,Fuel,TankStrap,MAT_Steel_Structural,,,-0.88,0.02,0.4,0.0,0.0,0.0,1.0,1.0,1.0,true,fuel tank strap
452,ALTIMA2000_FLD_FuelTankStrap_002,Fluids_Body,FL,Fuel,TankStrap,MAT_Steel_Structural,,,-0.52,0.02,0.4,0.0,0.0,0.0,1.0,1.0,1.0,true,fuel tank strap
453,ALTIMA2000_FLD_FillerNeck_Pipe,Fluids_Body,FL,Fuel,FillerNeck,MAT_Steel_Structural,steel,,-1.62,0.673333,0.64,0.0,0.0,0.0,1.0,1.0,1.0,true,fuel filler neck
454,ALTIMA2000_FLD_FillerHose_Rubber,Fluids_Body,FL,Fuel,FillerHose,MAT_Rubber_Hose,rubber_hose,,-1.216667,0.38,0.386667,0.0,0.0,0.0,1.0,1.0,1.0,true,fuel filler hose
455,ALTIMA2000_FLD_FuelFeedLine_Rigid,Fluids_Body,FL,Fuel,FeedLine,MAT_Copper_Wire,copper,,-0.025,-0.22,0.41,0.0,0.0,0.0,1.0,1.0,1.0,true,fuel feed line
456,ALTIMA2000_FLD_FuelReturnLine_Rigid,Fluids_Body,FL,Fuel,ReturnLine,MAT_Copper_Wire,copper,,0.025,-0.18,0.39,0.0,0.0,0.0,1.0,1.0,1.0,true,fuel return line
457,ALTIMA2000_FLD_EngineOil_Fill,Fluids_Engine,FL,Engine,OilFill,MAT_Plastic_Black_Matte,,,1.02,0.15,0.9,0.0,0.0,0.0,1.0,1.0,1.0,true,engine oil filler cap
458,ALTIMA2000_FLD_OilFilter_SpinOn,Fluids_Engine,FL,Engine,OilFilter,MAT_Zinc_Plated,,,1.15,-0.14,0.42,0.0,0.0,0.0,1.0,1.0,1.0,true,spin-on oil filter
459,ALTIMA2000_FLD_WasherReservoir_Tank,Fluids_Body,FL,Body,WasherTank,MAT_Plastic_Ivory,,,2.115319,-0.33,0.7,0.0,0.0,0.0,1.0,1.0,1.0,true,windshield washer reservoir
460,ALTIMA2000_FLD_WasherPump_Motor,Fluids_Body,FL,Body,WasherPump,MAT_Plastic_Black_Matte,,,2.115319,-0.33,0.63,0.0,0.0,0.0,1.0,1.0,1.0,true,washer pump motor
461,ALTIMA2000_FLD_PowerSteeringReservoir_Tank,Fluids_Engine,FL,Engine,PSReservoir,MAT_Plastic_Black_Matte,,,1.7,-0.32,0.98,0.0,0.0,0.0,1.0,1.0,1.0,true,power steering fluid reservoir
462,ALTIMA2000_INTR_Dashboard_Pad,Interior_Dash,IN,Dash,Dashboard,MAT_Vinyl_Dashboard,vinyl_dash,,0.379775,-0.0,0.931482,0.0,0.0,0.0,1.0,1.0,1.0,true,instrument panel pad
463,ALTIMA2000_INTR_Dashboard_Substrate,Interior_Dash,IN,Dash,DashSub,MAT_Plastic_DarkGrey,plastic_dk,,0.378612,-0.0,0.934845,0.0,0.0,0.0,1.0,1.0,1.0,true,instrument panel substrate
464,ALTIMA2000_INTR_Dash_Reinforcement,Interior_Dash,IN,Dash,DashBeam,MAT_Steel_Structural,steel,,0.43,0.0,0.88,0.0,0.0,0.0,1.0,1.0,1.0,true,instrument panel reinforcement beam
465,ALTIMA2000_INTR_KneeBolster_Driver,Interior_Dash,IN,Dash,KneeBolster,MAT_Plastic_DarkGrey,plastic_dk,,0.2,-0.47,0.7,0.0,0.0,0.0,1.0,1.0,1.0,true,driver knee bolster
466,ALTIMA2000_INTR_GloveBox_Assembly,Interior_Dash,IN,Dash,GloveBox,MAT_Plastic_DarkGrey,plastic_dk,,0.18,0.42,0.72,0.0,0.0,0.0,1.0,1.0,1.0,true,glove box assembly
467,ALTIMA2000_INTR_GloveBox_Latch,Interior_Dash,IN,Dash,GloveLatch,MAT_Plastic_Black_Matte,plastic_blk_m,,0.1,0.42,0.8,0.0,0.0,0.0,1.0,1.0,1.0,true,glove box latch
468,ALTIMA2000_INTR_CentreVent_Bezel,Interior_Dash,IN,Dash,CentreVent,MAT_Plastic_DarkGrey,plastic_dk,,0.52,0.0,0.87,0.0,0.0,0.0,1.0,1.0,1.0,true,centre air vent bezel
469,ALTIMA2000_INTR_Vent_Louver_001,Interior_Dash,IN,Dash,VentLouver,MAT_Plastic_Black_Matte,plastic_blk_m,,0.54,-0.3,0.87,0.0,0.0,0.0,1.0,1.0,1.0,true,air vent louver
470,ALTIMA2000_INTR_Vent_Louver_002,Interior_Dash,IN,Dash,VentLouver,MAT_Plastic_Black_Matte,plastic_blk_m,,0.54,-0.1,0.87,0.0,0.0,0.0,1.0,1.0,1.0,true,air vent louver
471,ALTIMA2000_INTR_Vent_Louver_003,Interior_Dash,IN,Dash,VentLouver,MAT_Plastic_Black_Matte,plastic_blk_m,,0.54,0.1,0.87,0.0,0.0,0.0,1.0,1.0,1.0,true,air vent louver
472,ALTIMA2000_INTR_Vent_Louver_004,Interior_Dash,IN,Dash,VentLouver,MAT_Plastic_Black_Matte,plastic_blk_m,,0.54,0.3,0.87,0.0,0.0,0.0,1.0,1.0,1.0,true,air vent louver
473,ALTIMA2000_INTR_Cluster_Housing,Interior_Dash,IN,Cluster,ClusterHousing,MAT_Plastic_DarkGrey,plastic_dk,,0.43,-0.36,0.94,0.0,0.0,0.0,1.0,1.0,1.0,true,instrument cluster housing
474,ALTIMA2000_INTR_Cluster_Face,Interior_Dash,IN,Cluster,ClusterFace,MAT_Gauge_Face,gauge_face,,0.375,-0.36,0.94,0.0,0.0,0.0,1.0,1.0,1.0,true,instrument cluster face
475,ALTIMA2000_INTR_Cluster_Gauge_001,Interior_Dash,IN,Cluster,Gauge,MAT_Decal_White,label_white,,0.37,-0.49,0.94,0.0,0.0,0.0,1.0,1.0,1.0,true,gauge face
476,ALTIMA2000_INTR_Cluster_Needle_001,Interior_Dash,IN,Cluster,Needle,MAT_Gauge_Needle_Red,gauge_needle,,0.368,-0.49,0.94,0.0,0.0,0.0,1.0,1.0,1.0,true,gauge needle
477,ALTIMA2000_INTR_Cluster_Gauge_002,Interior_Dash,IN,Cluster,Gauge,MAT_Decal_White,label_white,,0.37,-0.36,0.94,0.0,0.0,0.0,1.0,1.0,1.0,true,gauge face
478,ALTIMA2000_INTR_Cluster_Needle_002,Interior_Dash,IN,Cluster,Needle,MAT_Gauge_Needle_Red,gauge_needle,,0.368,-0.36,0.94,0.0,0.0,0.0,1.0,1.0,1.0,true,gauge needle
479,ALTIMA2000_INTR_Cluster_Gauge_003,Interior_Dash,IN,Cluster,Gauge,MAT_Decal_White,label_white,,0.37,-0.23,0.94,0.0,0.0,0.0,1.0,1.0,1.0,true,gauge face
480,ALTIMA2000_INTR_Cluster_Needle_003,Interior_Dash,IN,Cluster,Needle,MAT_Gauge_Needle_Red,gauge_needle,,0.368,-0.23,0.94,0.0,0.0,0.0,1.0,1.0,1.0,true,gauge needle
481,ALTIMA2000_INTR_Cluster_Lens,Interior_Dash,IN,Cluster,ClusterLens,MAT_Glass_Clear_HT,glass_clear,,0.362,-0.36,0.94,0.0,0.0,0.0,1.0,1.0,1.0,true,instrument cluster lens
482,ALTIMA2000_INTR_Console_Body,Interior_Console,IN,Console,ConsoleBody,MAT_Plastic_DarkGrey,plastic_dk,,0.03,-0.02,0.42,0.0,0.0,0.0,1.0,1.0,1.0,true,centre console body
483,ALTIMA2000_INTR_Console_Lid,Interior_Console,IN,Console,ConsoleLid,MAT_Leather_Beige,seat_leather,,-0.13,-0.02,0.55,0.0,0.0,0.0,1.0,1.0,1.0,true,console armrest lid
484,ALTIMA2000_INTR_Console_ShiftBezel,Interior_Console,IN,Console,ShiftBezel,MAT_Interior_Wood_Trim,abs_wood,,0.23,-0.02,0.545,0.0,0.0,0.0,1.0,1.0,1.0,true,gear selector bezel
485,ALTIMA2000_INTR_Shift_Lever,Interior_Console,IN,Console,ShiftLever,MAT_Steel_Structural,steel,,0.23,-0.02,0.62,0.26,0.0,0.0,1.0,1.0,1.0,true,gear selector lever
486,ALTIMA2000_INTR_Shift_Knob,Interior_Console,IN,Console,ShiftKnob,MAT_Plastic_Black_Gloss,plastic_blk_g,,0.18,-0.02,0.73,0.0,0.0,0.0,1.0,1.0,1.0,true,gear selector knob
487,ALTIMA2000_INTR_ParkingBrake_Boot,Interior_Console,IN,Console,ParkBoot,MAT_Leather_Beige,seat_leather,,0.02,-0.16,0.47,0.0,0.0,0.0,1.0,1.0,1.0,true,parking brake lever boot
488,ALTIMA2000_INTR_CupHolder_Insert,Interior_Console,IN,Console,CupHolder,MAT_Plastic_DarkGrey,plastic_dk,,-0.06,-0.02,0.48,0.0,0.0,0.0,1.0,1.0,1.0,true,cupholder insert
489,ALTIMA2000_INTR_Seat_Cushion_FL,Interior_Seats,ST,Seats,Cushion_FL,MAT_Fabric_Grey_Cloth,fabric_grey,,0.32,0.38,0.47,0.0,0.0,0.0,1.0,1.0,1.0,true,seat cushion
490,ALTIMA2000_INTR_Seat_Back_FL,Interior_Seats,ST,Seats,Back_FL,MAT_Fabric_Grey_Cloth,fabric_grey,,0.02,0.38,0.74,0.0,0.0,0.0,1.0,1.0,1.0,true,seat back
491,ALTIMA2000_INTR_Seat_Headrest_FL,Interior_Seats,ST,Seats,Headrest_FL,MAT_Fabric_Grey_Cloth,fabric_grey,,-0.01,0.38,1.12,0.0,0.0,0.0,1.0,1.0,1.0,true,seat head restraint
492,ALTIMA2000_INTR_Seat_Frame_FL,Interior_Seats,ST,Seats,Frame_FL,MAT_Steel_Structural,steel,,0.29,0.38,0.395,0.0,0.0,0.0,1.0,1.0,1.0,true,seat frame
493,ALTIMA2000_INTR_Seat_Rail_FL_01,Interior_Seats,ST,Seats,Rail_FL,MAT_Steel_Structural,steel,,0.375,0.19,0.35,0.0,0.0,0.0,1.0,1.0,1.0,true,seat adjustment rail
494,ALTIMA2000_INTR_Seat_Rail_FL_02,Interior_Seats,ST,Seats,Rail_FL,MAT_Steel_Structural,steel,,0.375,0.57,0.35,0.0,0.0,0.0,1.0,1.0,1.0,true,seat adjustment rail
495,ALTIMA2000_INTR_Seat_Rail_FL_03,Interior_Seats,ST,Seats,Rail_FL,MAT_Steel_Structural,steel,,0.205,0.19,0.35,0.0,0.0,0.0,1.0,1.0,1.0,true,seat adjustment rail
496,ALTIMA2000_INTR_Seat_Rail_FL_04,Interior_Seats,ST,Seats,Rail_FL,MAT_Steel_Structural,steel,,0.205,0.57,0.35,0.0,0.0,0.0,1.0,1.0,1.0,true,seat adjustment rail
497,ALTIMA2000_INTR_Seat_Recliner_FL,Interior_Seats,ST,Seats,Recliner_FL,MAT_Plastic_DarkGrey,plastic_dk,,0.02,0.63,0.56,0.0,0.0,0.0,1.0,1.0,1.0,true,recliner mechanism knob
498,ALTIMA2000_INTR_Seat_Cushion_FR,Interior_Seats,ST,Seats,Cushion_FR,MAT_Fabric_Grey_Cloth,fabric_grey,,0.32,-0.38,0.47,0.0,0.0,0.0,1.0,1.0,1.0,true,seat cushion
499,ALTIMA2000_INTR_Seat_Back_FR,Interior_Seats,ST,Seats,Back_FR,MAT_Fabric_Grey_Cloth,fabric_grey,,0.02,-0.38,0.74,0.0,0.0,0.0,1.0,1.0,1.0,true,seat back
500,ALTIMA2000_INTR_Seat_Headrest_FR,Interior_Seats,ST,Seats,Headrest_FR,MAT_Fabric_Grey_Cloth,fabric_grey,,-0.01,-0.38,1.12,0.0,0.0,0.0,1.0,1.0,1.0,true,seat head restraint
501,ALTIMA2000_INTR_Seat_Frame_FR,Interior_Seats,ST,Seats,Frame_FR,MAT_Steel_Structural,steel,,0.29,-0.38,0.395,0.0,0.0,0.0,1.0,1.0,1.0,true,seat frame
502,ALTIMA2000_INTR_Seat_Rail_FR_01,Interior_Seats,ST,Seats,Rail_FR,MAT_Steel_Structural,steel,,0.375,-0.57,0.35,0.0,0.0,0.0,1.0,1.0,1.0,true,seat adjustment rail
503,ALTIMA2000_INTR_Seat_Rail_FR_02,Interior_Seats,ST,Seats,Rail_FR,MAT_Steel_Structural,steel,,0.375,-0.19,0.35,0.0,0.0,0.0,1.0,1.0,1.0,true,seat adjustment rail
504,ALTIMA2000_INTR_Seat_Rail_FR_03,Interior_Seats,ST,Seats,Rail_FR,MAT_Steel_Structural,steel,,0.205,-0.57,0.35,0.0,0.0,0.0,1.0,1.0,1.0,true,seat adjustment rail
505,ALTIMA2000_INTR_Seat_Rail_FR_04,Interior_Seats,ST,Seats,Rail_FR,MAT_Steel_Structural,steel,,0.205,-0.19,0.35,0.0,0.0,0.0,1.0,1.0,1.0,true,seat adjustment rail
506,ALTIMA2000_INTR_Seat_Recliner_FR,Interior_Seats,ST,Seats,Recliner_FR,MAT_Plastic_DarkGrey,plastic_dk,,0.02,-0.13,0.56,0.0,0.0,0.0,1.0,1.0,1.0,true,recliner mechanism knob
507,ALTIMA2000_INTR_Seat_Cushion_RL,Interior_Seats,ST,Seats,Cushion_RL,MAT_Fabric_Grey_Cloth,fabric_grey,,-0.98,0.4,0.47,0.0,0.0,0.0,1.0,1.0,1.0,true,seat cushion
508,ALTIMA2000_INTR_Seat_Back_RL,Interior_Seats,ST,Seats,Back_RL,MAT_Fabric_Grey_Cloth,fabric_grey,,-1.28,0.4,0.74,0.0,0.0,0.0,1.0,1.0,1.0,true,seat back
509,ALTIMA2000_INTR_Seat_Headrest_RL,Interior_Seats,ST,Seats,Headrest_RL,MAT_Fabric_Grey_Cloth,fabric_grey,,-1.31,0.4,1.12,0.0,0.0,0.0,1.0,1.0,1.0,true,seat head restraint
510,ALTIMA2000_INTR_Seat_Frame_RL,Interior_Seats,ST,Seats,Frame_RL,MAT_Steel_Structural,steel,,-1.01,0.4,0.395,0.0,0.0,0.0,1.0,1.0,1.0,true,seat frame
511,ALTIMA2000_INTR_Seat_Rail_RL_01,Interior_Seats,ST,Seats,Rail_RL,MAT_Steel_Structural,steel,,-0.925,0.21,0.35,0.0,0.0,0.0,1.0,1.0,1.0,true,seat adjustment rail
512,ALTIMA2000_INTR_Seat_Rail_RL_02,Interior_Seats,ST,Seats,Rail_RL,MAT_Steel_Structural,steel,,-0.925,0.59,0.35,0.0,0.0,0.0,1.0,1.0,1.0,true,seat adjustment rail
513,ALTIMA2000_INTR_Seat_Rail_RL_03,Interior_Seats,ST,Seats,Rail_RL,MAT_Steel_Structural,steel,,-1.095,0.21,0.35,0.0,0.0,0.0,1.0,1.0,1.0,true,seat adjustment rail
514,ALTIMA2000_INTR_Seat_Rail_RL_04,Interior_Seats,ST,Seats,Rail_RL,MAT_Steel_Structural,steel,,-1.095,0.59,0.35,0.0,0.0,0.0,1.0,1.0,1.0,true,seat adjustment rail
515,ALTIMA2000_INTR_Seat_Cushion_RR,Interior_Seats,ST,Seats,Cushion_RR,MAT_Fabric_Grey_Cloth,fabric_grey,,-0.98,-0.4,0.47,0.0,0.0,0.0,1.0,1.0,1.0,true,seat cushion
516,ALTIMA2000_INTR_Seat_Back_RR,Interior_Seats,ST,Seats,Back_RR,MAT_Fabric_Grey_Cloth,fabric_grey,,-1.28,-0.4,0.74,0.0,0.0,0.0,1.0,1.0,1.0,true,seat back
517,ALTIMA2000_INTR_Seat_Headrest_RR,Interior_Seats,ST,Seats,Headrest_RR,MAT_Fabric_Grey_Cloth,fabric_grey,,-1.31,-0.4,1.12,0.0,0.0,0.0,1.0,1.0,1.0,true,seat head restraint
518,ALTIMA2000_INTR_Seat_Frame_RR,Interior_Seats,ST,Seats,Frame_RR,MAT_Steel_Structural,steel,,-1.01,-0.4,0.395,0.0,0.0,0.0,1.0,1.0,1.0,true,seat frame
519,ALTIMA2000_INTR_Seat_Rail_RR_01,Interior_Seats,ST,Seats,Rail_RR,MAT_Steel_Structural,steel,,-0.925,-0.59,0.35,0.0,0.0,0.0,1.0,1.0,1.0,true,seat adjustment rail
520,ALTIMA2000_INTR_Seat_Rail_RR_02,Interior_Seats,ST,Seats,Rail_RR,MAT_Steel_Structural,steel,,-0.925,-0.21,0.35,0.0,0.0,0.0,1.0,1.0,1.0,true,seat adjustment rail
521,ALTIMA2000_INTR_Seat_Rail_RR_03,Interior_Seats,ST,Seats,Rail_RR,MAT_Steel_Structural,steel,,-1.095,-0.59,0.35,0.0,0.0,0.0,1.0,1.0,1.0,true,seat adjustment rail
522,ALTIMA2000_INTR_Seat_Rail_RR_04,Interior_Seats,ST,Seats,Rail_RR,MAT_Steel_Structural,steel,,-1.095,-0.21,0.35,0.0,0.0,0.0,1.0,1.0,1.0,true,seat adjustment rail
523,ALTIMA2000_INTR_Seat_BenchBase_Rear,Interior_Seats,ST,Seats,BenchBase,MAT_Fabric_Grey_Cloth,fabric_grey,,-0.98,0.0,0.47,0.0,0.0,0.0,1.0,1.0,1.0,true,rear seat bench cushion
524,ALTIMA2000_INTR_Headliner_Roof,Interior_Trim,IN,Headliner,Headliner,MAT_Headliner_Cloth,headliner,,-0.277942,0.0,1.167682,0.0,0.0,0.0,1.0,1.0,1.0,true,roof headliner
525,ALTIMA2000_INTR_Carpet_Floor_R,Interior_Trim,IN,Carpet,Carpet_R,MAT_Carpet_Pile,carpet,,0.22,-0.727508,0.264238,0.0,0.0,0.0,1.0,1.0,1.0,true,floor carpet
526,ALTIMA2000_INTR_PillarTrim_A_R,Interior_Trim,IN,Pillar,PillarA_R,MAT_Plastic_LightGrey,plastic_light,,0.52,-0.727046,1.169479,0.0,0.0,0.0,1.0,1.0,1.0,true,pillar trim
527,ALTIMA2000_INTR_PillarTrim_B_R,Interior_Trim,IN,Pillar,PillarB_R,MAT_Plastic_LightGrey,plastic_light,,-0.3,-0.727033,1.189555,0.0,0.0,0.0,1.0,1.0,1.0,true,pillar trim
528,ALTIMA2000_INTR_PillarTrim_C_R,Interior_Trim,IN,Pillar,PillarC_R,MAT_Plastic_LightGrey,plastic_light,,-1.18,-0.727043,1.154493,0.0,0.0,0.0,1.0,1.0,1.0,true,pillar trim
529,ALTIMA2000_INTR_SillPlate_Scuff_R,Interior_Trim,IN,Sill,Scuff_R,MAT_Plastic_LightGrey,plastic_light,,0.02,-0.73,0.395,0.0,0.0,0.0,1.0,1.0,1.0,true,door sill scuff plate
530,ALTIMA2000_INTR_Carpet_Floor_L,Interior_Trim,IN,Carpet,Carpet_L,MAT_Carpet_Pile,carpet,,0.22,0.727508,0.264238,0.0,0.0,0.0,1.0,1.0,1.0,true,floor carpet
531,ALTIMA2000_INTR_PillarTrim_A_L,Interior_Trim,IN,Pillar,PillarA_L,MAT_Plastic_LightGrey,plastic_light,,0.52,0.727046,1.169479,0.0,0.0,0.0,1.0,1.0,1.0,true,pillar trim
532,ALTIMA2000_INTR_PillarTrim_B_L,Interior_Trim,IN,Pillar,PillarB_L,MAT_Plastic_LightGrey,plastic_light,,-0.3,0.727033,1.189555,0.0,0.0,0.0,1.0,1.0,1.0,true,pillar trim
533,ALTIMA2000_INTR_PillarTrim_C_L,Interior_Trim,IN,Pillar,PillarC_L,MAT_Plastic_LightGrey,plastic_light,,-1.18,0.727043,1.154493,0.0,0.0,0.0,1.0,1.0,1.0,true,pillar trim
534,ALTIMA2000_INTR_SillPlate_Scuff_L,Interior_Trim,IN,Sill,Scuff_L,MAT_Plastic_LightGrey,plastic_light,,0.02,0.73,0.395,0.0,0.0,0.0,1.0,1.0,1.0,true,door sill scuff plate
535,ALTIMA2000_INTR_SunVisor_Assembly_R,Interior_Trim,IN,Visor,SunVisor_R,MAT_Headliner_Cloth,headliner,,0.36,-0.33,1.31,0.0,0.0,0.0,1.0,1.0,1.0,true,sun visor
536,ALTIMA2000_INTR_GrabHandle_Roof_R,Interior_Trim,IN,Visor,GrabHandle_R,MAT_Plastic_LightGrey,plastic_light,,-0.1,-0.68,1.29,0.0,0.0,0.0,1.0,1.0,1.0,true,roof grab handle
537,ALTIMA2000_INTR_SunVisor_Assembly_L,Interior_Trim,IN,Visor,SunVisor_L,MAT_Headliner_Cloth,headliner,,0.36,0.33,1.31,0.0,0.0,0.0,1.0,1.0,1.0,true,sun visor
538,ALTIMA2000_INTR_GrabHandle_Roof_L,Interior_Trim,IN,Visor,GrabHandle_L,MAT_Plastic_LightGrey,plastic_light,,-0.1,0.68,1.29,0.0,0.0,0.0,1.0,1.0,1.0,true,roof grab handle
539,ALTIMA2000_INTR_FloorMat_Carpet_R,Interior_Trim,IN,Carpet,FloorMat_R,MAT_Carpet_Pile,carpet,,0.3,-0.38,0.4,0.0,0.0,0.0,1.0,1.0,1.0,true,floor mat
540,ALTIMA2000_INTR_FloorMat_Carpet_L,Interior_Trim,IN,Carpet,FloorMat_L,MAT_Carpet_Pile,carpet,,0.3,0.38,0.4,0.0,0.0,0.0,1.0,1.0,1.0,true,floor mat
541,ALTIMA2000_ELEC_Battery_Case,Electrical_Battery,BA,Battery,Case,MAT_Battery_Case_PP,battery_case,,1.86,0.36,0.7,0.0,0.0,0.0,1.0,1.0,1.0,true,battery case (Group 24F)
542,ALTIMA2000_ELEC_Battery_NegativeTerminal,Electrical_Battery,BA,Battery,NegTerminal,MAT_Battery_Terminal,battery_post,,1.76,0.47,0.805,0.0,0.0,0.0,1.0,1.0,1.0,true,battery negative terminal
543,ALTIMA2000_ELEC_Battery_PositiveTerminal,Electrical_Battery,BA,Battery,PosTerminal,MAT_Battery_Terminal,battery_post,,1.76,0.25,0.805,0.0,0.0,0.0,1.0,1.0,1.0,true,battery positive terminal
544,ALTIMA2000_ELEC_Battery_HoldDown,Electrical_Battery,BA,Battery,HoldDown,MAT_Steel_Structural,steel,,1.86,0.36,0.8,0.0,0.0,0.0,1.0,1.0,1.0,true,battery hold-down clamp
545,ALTIMA2000_ELEC_Battery_Tray,Electrical_Battery,BA,Battery,Tray,MAT_Plastic_Black_Matte,plastic_blk_m,,1.86,0.36,0.6,0.0,0.0,0.0,1.0,1.0,1.0,true,battery tray
546,ALTIMA2000_ELEC_Harness_Segment_001,Electrical_Harness,EL,Harness_Engine,Harness,MAT_Wire_Loom_Black,wire_blk,,2.017518,0.42,0.83,0.0,0.0,0.0,1.0,1.0,1.0,true,wiring harness segment (Engine)
547,ALTIMA2000_ELEC_Harness_Segment_002,Electrical_Harness,EL,Harness_Engine,Harness,MAT_Wire_Power_Red,wire_blk,,2.004184,0.42,0.83,0.0,0.0,0.0,1.0,1.0,1.0,true,wiring harness segment (Engine)
548,ALTIMA2000_ELEC_Harness_Segment_003,Electrical_Harness,EL,Harness_Engine,Harness,MAT_Wire_Loom_Black,wire_blk,,1.506667,0.35,0.77,0.0,0.0,0.0,1.0,1.0,1.0,true,wiring harness segment (Engine)
549,ALTIMA2000_ELEC_Harness_Segment_004,Electrical_Harness,EL,Harness_Engine,Harness,MAT_Wire_Power_Red,wire_blk,,1.493333,0.35,0.77,0.0,0.0,0.0,1.0,1.0,1.0,true,wiring harness segment (Engine)
550,ALTIMA2000_ELEC_Harness_Segment_005,Electrical_Harness,EL,Harness_Engine,Harness,MAT_Wire_Loom_Black,wire_blk,,0.956667,0.2,0.73,0.0,0.0,0.0,1.0,1.0,1.0,true,wiring harness segment (Engine)
551,ALTIMA2000_ELEC_Harness_Segment_006,Electrical_Harness,EL,Harness_Engine,Harness,MAT_Wire_Power_Red,wire_blk,,0.943333,0.2,0.73,0.0,0.0,0.0,1.0,1.0,1.0,true,wiring harness segment (Engine)
552,ALTIMA2000_ELEC_Harness_Segment_007,Electrical_Harness,EL,Harness_Engine,Harness,MAT_Wire_Loom_Black,wire_blk,,0.646667,0.1,0.72,0.0,0.0,0.0,1.0,1.0,1.0,true,wiring harness segment (Engine)
553,ALTIMA2000_ELEC_Harness_Segment_008,Electrical_Harness,EL,Harness_Engine,Harness,MAT_Wire_Power_Red,wire_blk,,0.633333,0.1,0.72,0.0,0.0,0.0,1.0,1.0,1.0,true,wiring harness segment (Engine)
554,ALTIMA2000_ELEC_Harness_Segment_009,Electrical_Harness,EL,Harness_Engine,Harness,MAT_Wire_Loom_Black,wire_blk,,2.017518,0.42,0.83,0.0,0.0,0.0,1.0,1.0,1.0,true,wiring harness segment (Engine)
555,ALTIMA2000_ELEC_Harness_Segment_010,Electrical_Harness,EL,Harness_Engine,Harness,MAT_Wire_Power_Red,wire_blk,,2.004184,0.42,0.83,0.0,0.0,0.0,1.0,1.0,1.0,true,wiring harness segment (Engine)
556,ALTIMA2000_ELEC_Harness_Segment_011,Electrical_Harness,EL,Harness_Dash,Harness,MAT_Wire_Loom_Black,wire_blk,,0.546667,-0.25,0.76,0.0,0.0,0.0,1.0,1.0,1.0,true,wiring harness segment (Dash)
557,ALTIMA2000_ELEC_Harness_Segment_012,Electrical_Harness,EL,Harness_Dash,Harness,MAT_Wire_Power_Red,wire_blk,,0.533333,-0.25,0.76,0.0,0.0,0.0,1.0,1.0,1.0,true,wiring harness segment (Dash)
558,ALTIMA2000_ELEC_Harness_Segment_013,Electrical_Harness,EL,Harness_Dash,Harness,MAT_Wire_Loom_Black,wire_blk,,0.256667,-0.41,0.73,0.0,0.0,0.0,1.0,1.0,1.0,true,wiring harness segment (Dash)
559,ALTIMA2000_ELEC_Harness_Segment_014,Electrical_Harness,EL,Harness_Dash,Harness,MAT_Wire_Power_Red,wire_blk,,0.243333,-0.41,0.73,0.0,0.0,0.0,1.0,1.0,1.0,true,wiring harness segment (Dash)
560,ALTIMA2000_ELEC_Harness_Segment_015,Electrical_Harness,EL,Harness_Dash,Harness,MAT_Wire_Loom_Black,wire_blk,,0.046667,-0.42,0.66,0.0,0.0,0.0,1.0,1.0,1.0,true,wiring harness segment (Dash)
561,ALTIMA2000_ELEC_Harness_Segment_016,Electrical_Harness,EL,Harness_Dash,Harness,MAT_Wire_Power_Red,wire_blk,,0.033333,-0.42,0.66,0.0,0.0,0.0,1.0,1.0,1.0,true,wiring harness segment (Dash)
562,ALTIMA2000_ELEC_Harness_Segment_017,Electrical_Harness,EL,Harness_Dash,Harness,MAT_Wire_Loom_Black,wire_blk,,0.546667,-0.25,0.76,0.0,0.0,0.0,1.0,1.0,1.0,true,wiring harness segment (Dash)
563,ALTIMA2000_ELEC_Harness_Segment_018,Electrical_Harness,EL,Harness_Dash,Harness,MAT_Wire_Power_Red,wire_blk,,0.533333,-0.25,0.76,0.0,0.0,0.0,1.0,1.0,1.0,true,wiring harness segment (Dash)
564,ALTIMA2000_ELEC_Harness_Segment_019,Electrical_Harness,EL,Harness_Dash,Harness,MAT_Wire_Loom_Black,wire_blk,,0.256667,-0.41,0.73,0.0,0.0,0.0,1.0,1.0,1.0,true,wiring harness segment (Dash)
565,ALTIMA2000_ELEC_Harness_Segment_020,Electrical_Harness,EL,Harness_Dash,Harness,MAT_Wire_Power_Red,wire_blk,,0.243333,-0.41,0.73,0.0,0.0,0.0,1.0,1.0,1.0,true,wiring harness segment (Dash)
566,ALTIMA2000_ELEC_Harness_Segment_021,Electrical_Harness,EL,Harness_Cabin,Harness,MAT_Wire_Loom_Black,wire_blk,,-0.143333,-0.52,0.52,0.0,0.0,0.0,1.0,1.0,1.0,true,wiring harness segment (Cabin)
567,ALTIMA2000_ELEC_Harness_Segment_022,Electrical_Harness,EL,Harness_Cabin,Harness,MAT_Wire_Power_Red,wire_blk,,-0.156667,-0.52,0.52,0.0,0.0,0.0,1.0,1.0,1.0,true,wiring harness segment (Cabin)
568,ALTIMA2000_ELEC_Harness_Segment_023,Electrical_Harness,EL,Harness_Cabin,Harness,MAT_Wire_Loom_Black,wire_blk,,-1.093333,-0.55,0.42,0.0,0.0,0.0,1.0,1.0,1.0,true,wiring harness segment (Cabin)
569,ALTIMA2000_ELEC_Harness_Segment_024,Electrical_Harness,EL,Harness_Cabin,Harness,MAT_Wire_Power_Red,wire_blk,,-1.106667,-0.55,0.42,0.0,0.0,0.0,1.0,1.0,1.0,true,wiring harness segment (Cabin)
570,ALTIMA2000_ELEC_Harness_Segment_025,Electrical_Harness,EL,Harness_Cabin,Harness,MAT_Wire_Loom_Black,wire_blk,,-1.653333,-0.5,0.42,0.0,0.0,0.0,1.0,1.0,1.0,true,wiring harness segment (Cabin)
571,ALTIMA2000_ELEC_Harness_Segment_026,Electrical_Harness,EL,Harness_Cabin,Harness,MAT_Wire_Power_Red,wire_blk,,-1.666667,-0.5,0.42,0.0,0.0,0.0,1.0,1.0,1.0,true,wiring harness segment (Cabin)
572,ALTIMA2000_ELEC_Harness_Segment_027,Electrical_Harness,EL,Harness_Cabin,Harness,MAT_Wire_Loom_Black,wire_blk,,-0.143333,-0.52,0.52,0.0,0.0,0.0,1.0,1.0,1.0,true,wiring harness segment (Cabin)
573,ALTIMA2000_ELEC_Harness_Segment_028,Electrical_Harness,EL,Harness_Cabin,Harness,MAT_Wire_Power_Red,wire_blk,,-0.156667,-0.52,0.52,0.0,0.0,0.0,1.0,1.0,1.0,true,wiring harness segment (Cabin)
574,ALTIMA2000_ELEC_Harness_Segment_029,Electrical_Harness,EL,Harness_Cabin,Harness,MAT_Wire_Loom_Black,wire_blk,,-1.093333,-0.55,0.42,0.0,0.0,0.0,1.0,1.0,1.0,true,wiring harness segment (Cabin)
575,ALTIMA2000_ELEC_Harness_Segment_030,Electrical_Harness,EL,Harness_Cabin,Harness,MAT_Wire_Power_Red,wire_blk,,-1.106667,-0.55,0.42,0.0,0.0,0.0,1.0,1.0,1.0,true,wiring harness segment (Cabin)
576,ALTIMA2000_ELEC_Harness_Segment_031,Electrical_Harness,EL,Harness_Body,Harness,MAT_Wire_Loom_Black,wire_blk,,-1.850993,-0.35,0.51,0.0,0.0,0.0,1.0,1.0,1.0,true,wiring harness segment (Body)
577,ALTIMA2000_ELEC_Harness_Segment_032,Electrical_Harness,EL,Harness_Body,Harness,MAT_Wire_Power_Red,wire_blk,,-1.864326,-0.35,0.51,0.0,0.0,0.0,1.0,1.0,1.0,true,wiring harness segment (Body)
578,ALTIMA2000_ELEC_Harness_Segment_033,Electrical_Harness,EL,Harness_Body,Harness,MAT_Wire_Loom_Black,wire_blk,,-2.140567,0.05,0.66,0.0,0.0,0.0,1.0,1.0,1.0,true,wiring harness segment (Body)
579,ALTIMA2000_ELEC_Harness_Segment_034,Electrical_Harness,EL,Harness_Body,Harness,MAT_Wire_Power_Red,wire_blk,,-2.153901,0.05,0.66,0.0,0.0,0.0,1.0,1.0,1.0,true,wiring harness segment (Body)
580,ALTIMA2000_ELEC_Harness_Segment_035,Electrical_Harness,EL,Harness_Body,Harness,MAT_Wire_Loom_Black,wire_blk,,-2.232482,0.3,0.72,0.0,0.0,0.0,1.0,1.0,1.0,true,wiring harness segment (Body)
581,ALTIMA2000_ELEC_Harness_Segment_036,Electrical_Harness,EL,Harness_Body,Harness,MAT_Wire_Power_Red,wire_blk,,-2.245816,0.3,0.72,0.0,0.0,0.0,1.0,1.0,1.0,true,wiring harness segment (Body)
582,ALTIMA2000_ELEC_Harness_Segment_037,Electrical_Harness,EL,Harness_Body,Harness,MAT_Wire_Loom_Black,wire_blk,,-1.850993,-0.35,0.51,0.0,0.0,0.0,1.0,1.0,1.0,true,wiring harness segment (Body)
583,ALTIMA2000_ELEC_Harness_Segment_038,Electrical_Harness,EL,Harness_Body,Harness,MAT_Wire_Power_Red,wire_blk,,-1.864326,-0.35,0.51,0.0,0.0,0.0,1.0,1.0,1.0,true,wiring harness segment (Body)
584,ALTIMA2000_ELEC_Harness_Segment_039,Electrical_Harness,EL,Harness_Body,Harness,MAT_Wire_Loom_Black,wire_blk,,-2.140567,0.05,0.66,0.0,0.0,0.0,1.0,1.0,1.0,true,wiring harness segment (Body)
585,ALTIMA2000_ELEC_Harness_Segment_040,Electrical_Harness,EL,Harness_Body,Harness,MAT_Wire_Power_Red,wire_blk,,-2.153901,0.05,0.66,0.0,0.0,0.0,1.0,1.0,1.0,true,wiring harness segment (Body)
586,ALTIMA2000_ELEC_Harness_Segment_041,Electrical_Harness,EL,Harness_Door,Harness,MAT_Wire_Loom_Black,wire_blk,,0.331667,0.73,0.66,0.0,0.0,0.0,1.0,1.0,1.0,true,wiring harness segment (Door)
587,ALTIMA2000_ELEC_Harness_Segment_042,Electrical_Harness,EL,Harness_Door,Harness,MAT_Wire_Power_Red,wire_blk,,0.318333,0.73,0.66,0.0,0.0,0.0,1.0,1.0,1.0,true,wiring harness segment (Door)
588,ALTIMA2000_ELEC_Harness_Segment_043,Electrical_Harness,EL,Harness_Door,Harness,MAT_Wire_Loom_Black,wire_blk,,-0.033333,0.73,0.59,0.0,0.0,0.0,1.0,1.0,1.0,true,wiring harness segment (Door)
589,ALTIMA2000_ELEC_Harness_Segment_044,Electrical_Harness,EL,Harness_Door,Harness,MAT_Wire_Power_Red,wire_blk,,-0.046667,0.73,0.59,0.0,0.0,0.0,1.0,1.0,1.0,true,wiring harness segment (Door)
590,ALTIMA2000_ELEC_Harness_Segment_045,Electrical_Harness,EL,Harness_Door,Harness,MAT_Wire_Loom_Black,wire_blk,,-0.233333,0.72,0.56,0.0,0.0,0.0,1.0,1.0,1.0,true,wiring harness segment (Door)
591,ALTIMA2000_ELEC_Harness_Segment_046,Electrical_Harness,EL,Harness_Door,Harness,MAT_Wire_Power_Red,wire_blk,,-0.246667,0.72,0.56,0.0,0.0,0.0,1.0,1.0,1.0,true,wiring harness segment (Door)
592,ALTIMA2000_ELEC_Harness_Segment_047,Electrical_Harness,EL,Harness_Door,Harness,MAT_Wire_Loom_Black,wire_blk,,0.331667,0.73,0.66,0.0,0.0,0.0,1.0,1.0,1.0,true,wiring harness segment (Door)
593,ALTIMA2000_ELEC_Harness_Segment_048,Electrical_Harness,EL,Harness_Door,Harness,MAT_Wire_Power_Red,wire_blk,,0.318333,0.73,0.66,0.0,0.0,0.0,1.0,1.0,1.0,true,wiring harness segment (Door)
594,ALTIMA2000_ELEC_Harness_Segment_049,Electrical_Harness,EL,Harness_Door,Harness,MAT_Wire_Loom_Black,wire_blk,,-0.033333,0.73,0.59,0.0,0.0,0.0,1.0,1.0,1.0,true,wiring harness segment (Door)
595,ALTIMA2000_ELEC_Harness_Segment_050,Electrical_Harness,EL,Harness_Door,Harness,MAT_Wire_Power_Red,wire_blk,,-0.046667,0.73,0.59,0.0,0.0,0.0,1.0,1.0,1.0,true,wiring harness segment (Door)
596,ALTIMA2000_ELEC_Harness_Segment_051,Electrical_Harness,EL,Harness_Door,Harness,MAT_Wire_Loom_Black,wire_blk,,0.331667,-0.73,0.66,0.0,0.0,0.0,1.0,1.0,1.0,true,wiring harness segment (Door)
597,ALTIMA2000_ELEC_Harness_Segment_052,Electrical_Harness,EL,Harness_Door,Harness,MAT_Wire_Power_Red,wire_blk,,0.318333,-0.73,0.66,0.0,0.0,0.0,1.0,1.0,1.0,true,wiring harness segment (Door)
598,ALTIMA2000_ELEC_Harness_Segment_053,Electrical_Harness,EL,Harness_Door,Harness,MAT_Wire_Loom_Black,wire_blk,,-0.033333,-0.73,0.59,0.0,0.0,0.0,1.0,1.0,1.0,true,wiring harness segment (Door)
599,ALTIMA2000_ELEC_Harness_Segment_054,Electrical_Harness,EL,Harness_Door,Harness,MAT_Wire_Power_Red,wire_blk,,-0.046667,-0.73,0.59,0.0,0.0,0.0,1.0,1.0,1.0,true,wiring harness segment (Door)
600,ALTIMA2000_ELEC_Harness_Segment_055,Electrical_Harness,EL,Harness_Door,Harness,MAT_Wire_Loom_Black,wire_blk,,-0.233333,-0.72,0.56,0.0,0.0,0.0,1.0,1.0,1.0,true,wiring harness segment (Door)
601,ALTIMA2000_ELEC_Harness_Segment_056,Electrical_Harness,EL,Harness_Door,Harness,MAT_Wire_Power_Red,wire_blk,,-0.246667,-0.72,0.56,0.0,0.0,0.0,1.0,1.0,1.0,true,wiring harness segment (Door)
602,ALTIMA2000_ELEC_Harness_Segment_057,Electrical_Harness,EL,Harness_Door,Harness,MAT_Wire_Loom_Black,wire_blk,,0.331667,-0.73,0.66,0.0,0.0,0.0,1.0,1.0,1.0,true,wiring harness segment (Door)
603,ALTIMA2000_ELEC_Harness_Segment_058,Electrical_Harness,EL,Harness_Door,Harness,MAT_Wire_Power_Red,wire_blk,,0.318333,-0.73,0.66,0.0,0.0,0.0,1.0,1.0,1.0,true,wiring harness segment (Door)
604,ALTIMA2000_ELEC_Harness_Segment_059,Electrical_Harness,EL,Harness_Door,Harness,MAT_Wire_Loom_Black,wire_blk,,-0.033333,-0.73,0.59,0.0,0.0,0.0,1.0,1.0,1.0,true,wiring harness segment (Door)
605,ALTIMA2000_ELEC_Harness_Segment_060,Electrical_Harness,EL,Harness_Door,Harness,MAT_Wire_Power_Red,wire_blk,,-0.046667,-0.73,0.59,0.0,0.0,0.0,1.0,1.0,1.0,true,wiring harness segment (Door)
606,ALTIMA2000_ELEC_Harness_Segment_061,Electrical_Harness,EL,Harness_Door,Harness,MAT_Wire_Loom_Black,wire_blk,,-0.473333,0.72,0.53,0.0,0.0,0.0,1.0,1.0,1.0,true,wiring harness segment (Door)
607,ALTIMA2000_ELEC_Harness_Segment_062,Electrical_Harness,EL,Harness_Door,Harness,MAT_Wire_Power_Red,wire_blk,,-0.486667,0.72,0.53,0.0,0.0,0.0,1.0,1.0,1.0,true,wiring harness segment (Door)
608,ALTIMA2000_ELEC_Harness_Segment_063,Electrical_Harness,EL,Harness_Door,Harness,MAT_Wire_Loom_Black,wire_blk,,-0.723333,0.71,0.48,0.0,0.0,0.0,1.0,1.0,1.0,true,wiring harness segment (Door)
609,ALTIMA2000_ELEC_Harness_Segment_064,Electrical_Harness,EL,Harness_Door,Harness,MAT_Wire_Power_Red,wire_blk,,-0.736667,0.71,0.48,0.0,0.0,0.0,1.0,1.0,1.0,true,wiring harness segment (Door)
610,ALTIMA2000_ELEC_Harness_Segment_065,Electrical_Harness,EL,Harness_Door,Harness,MAT_Wire_Loom_Black,wire_blk,,-0.893333,0.7,0.46,0.0,0.0,0.0,1.0,1.0,1.0,true,wiring harness segment (Door)
611,ALTIMA2000_ELEC_Harness_Segment_066,Electrical_Harness,EL,Harness_Door,Harness,MAT_Wire_Power_Red,wire_blk,,-0.906667,0.7,0.46,0.0,0.0,0.0,1.0,1.0,1.0,true,wiring harness segment (Door)
612,ALTIMA2000_ELEC_Harness_Segment_067,Electrical_Harness,EL,Harness_Door,Harness,MAT_Wire_Loom_Black,wire_blk,,-0.473333,0.72,0.53,0.0,0.0,0.0,1.0,1.0,1.0,true,wiring harness segment (Door)
613,ALTIMA2000_ELEC_Harness_Segment_068,Electrical_Harness,EL,Harness_Door,Harness,MAT_Wire_Power_Red,wire_blk,,-0.486667,0.72,0.53,0.0,0.0,0.0,1.0,1.0,1.0,true,wiring harness segment (Door)
614,ALTIMA2000_ELEC_Harness_Segment_069,Electrical_Harness,EL,Harness_Door,Harness,MAT_Wire_Loom_Black,wire_blk,,-0.723333,0.71,0.48,0.0,0.0,0.0,1.0,1.0,1.0,true,wiring harness segment (Door)
615,ALTIMA2000_ELEC_Harness_Segment_070,Electrical_Harness,EL,Harness_Door,Harness,MAT_Wire_Power_Red,wire_blk,,-0.736667,0.71,0.48,0.0,0.0,0.0,1.0,1.0,1.0,true,wiring harness segment (Door)
616,ALTIMA2000_ELEC_Harness_Segment_071,Electrical_Harness,EL,Harness_Door,Harness,MAT_Wire_Loom_Black,wire_blk,,-0.473333,-0.72,0.53,0.0,0.0,0.0,1.0,1.0,1.0,true,wiring harness segment (Door)
617,ALTIMA2000_ELEC_Harness_Segment_072,Electrical_Harness,EL,Harness_Door,Harness,MAT_Wire_Power_Red,wire_blk,,-0.486667,-0.72,0.53,0.0,0.0,0.0,1.0,1.0,1.0,true,wiring harness segment (Door)
618,ALTIMA2000_ELEC_Harness_Segment_073,Electrical_Harness,EL,Harness_Door,Harness,MAT_Wire_Loom_Black,wire_blk,,-0.723333,-0.71,0.48,0.0,0.0,0.0,1.0,1.0,1.0,true,wiring harness segment (Door)
619,ALTIMA2000_ELEC_Harness_Segment_074,Electrical_Harness,EL,Harness_Door,Harness,MAT_Wire_Power_Red,wire_blk,,-0.736667,-0.71,0.48,0.0,0.0,0.0,1.0,1.0,1.0,true,wiring harness segment (Door)
620,ALTIMA2000_ELEC_Harness_Segment_075,Electrical_Harness,EL,Harness_Door,Harness,MAT_Wire_Loom_Black,wire_blk,,-0.893333,-0.7,0.46,0.0,0.0,0.0,1.0,1.0,1.0,true,wiring harness segment (Door)
621,ALTIMA2000_ELEC_Harness_Segment_076,Electrical_Harness,EL,Harness_Door,Harness,MAT_Wire_Power_Red,wire_blk,,-0.906667,-0.7,0.46,0.0,0.0,0.0,1.0,1.0,1.0,true,wiring harness segment (Door)
622,ALTIMA2000_ELEC_Harness_Segment_077,Electrical_Harness,EL,Harness_Door,Harness,MAT_Wire_Loom_Black,wire_blk,,-0.473333,-0.72,0.53,0.0,0.0,0.0,1.0,1.0,1.0,true,wiring harness segment (Door)
623,ALTIMA2000_ELEC_Harness_Segment_078,Electrical_Harness,EL,Harness_Door,Harness,MAT_Wire_Power_Red,wire_blk,,-0.486667,-0.72,0.53,0.0,0.0,0.0,1.0,1.0,1.0,true,wiring harness segment (Door)
624,ALTIMA2000_ELEC_Harness_Segment_079,Electrical_Harness,EL,Harness_Door,Harness,MAT_Wire_Loom_Black,wire_blk,,-0.723333,-0.71,0.48,0.0,0.0,0.0,1.0,1.0,1.0,true,wiring harness segment (Door)
625,ALTIMA2000_ELEC_Harness_Segment_080,Electrical_Harness,EL,Harness_Door,Harness,MAT_Wire_Power_Red,wire_blk,,-0.736667,-0.71,0.48,0.0,0.0,0.0,1.0,1.0,1.0,true,wiring harness segment (Door)
626,ALTIMA2000_ELEC_Harness_Segment_081,Electrical_Harness,EL,Harness_Roof,Harness,MAT_Wire_Loom_Black,wire_blk,,0.006667,0.67,1.35,0.0,0.0,0.0,1.0,1.0,1.0,true,wiring harness segment (Roof)
627,ALTIMA2000_ELEC_Harness_Segment_082,Electrical_Harness,EL,Harness_Roof,Harness,MAT_Wire_Power_Red,wire_blk,,-0.006667,0.67,1.35,0.0,0.0,0.0,1.0,1.0,1.0,true,wiring harness segment (Roof)
628,ALTIMA2000_ELEC_Harness_Segment_083,Electrical_Harness,EL,Harness_Roof,Harness,MAT_Wire_Loom_Black,wire_blk,,-0.593333,0.64,1.33,0.0,0.0,0.0,1.0,1.0,1.0,true,wiring harness segment (Roof)
629,ALTIMA2000_ELEC_Harness_Segment_084,Electrical_Harness,EL,Harness_Roof,Harness,MAT_Wire_Power_Red,wire_blk,,-0.606667,0.64,1.33,0.0,0.0,0.0,1.0,1.0,1.0,true,wiring harness segment (Roof)
630,ALTIMA2000_ELEC_Harness_Segment_085,Electrical_Harness,EL,Harness_Roof,Harness,MAT_Wire_Loom_Black,wire_blk,,-0.953333,0.6,1.3,0.0,0.0,0.0,1.0,1.0,1.0,true,wiring harness segment (Roof)
631,ALTIMA2000_ELEC_Harness_Segment_086,Electrical_Harness,EL,Harness_Roof,Harness,MAT_Wire_Power_Red,wire_blk,,-0.966667,0.6,1.3,0.0,0.0,0.0,1.0,1.0,1.0,true,wiring harness segment (Roof)
632,ALTIMA2000_ELEC_Harness_Segment_087,Electrical_Harness,EL,Harness_Roof,Harness,MAT_Wire_Loom_Black,wire_blk,,0.006667,0.67,1.35,0.0,0.0,0.0,1.0,1.0,1.0,true,wiring harness segment (Roof)
633,ALTIMA2000_ELEC_Harness_Segment_088,Electrical_Harness,EL,Harness_Roof,Harness,MAT_Wire_Power_Red,wire_blk,,-0.006667,0.67,1.35,0.0,0.0,0.0,1.0,1.0,1.0,true,wiring harness segment (Roof)
634,ALTIMA2000_ELEC_Harness_Segment_089,Electrical_Harness,EL,Harness_Roof,Harness,MAT_Wire_Loom_Black,wire_blk,,-0.593333,0.64,1.33,0.0,0.0,0.0,1.0,1.0,1.0,true,wiring harness segment (Roof)
635,ALTIMA2000_ELEC_Harness_Segment_090,Electrical_Harness,EL,Harness_Roof,Harness,MAT_Wire_Power_Red,wire_blk,,-0.606667,0.64,1.33,0.0,0.0,0.0,1.0,1.0,1.0,true,wiring harness segment (Roof)
636,ALTIMA2000_ELEC_Conduit_Loom_001,Electrical_Harness,EL,Harness,Conduit,MAT_Plastic_Black_Matte,plastic_blk_m,,1.751277,-0.38,0.78,0.0,0.0,0.0,1.0,1.0,1.0,true,corrugated wire loom conduit
637,ALTIMA2000_ELEC_Conduit_Loom_002,Electrical_Harness,EL,Harness,Conduit,MAT_Plastic_Black_Matte,plastic_blk_m,,1.45,-0.3,0.76,0.0,0.0,0.0,1.0,1.0,1.0,true,corrugated wire loom conduit
638,ALTIMA2000_ELEC_Conduit_Loom_003,Electrical_Harness,EL,Harness,Conduit,MAT_Plastic_Black_Matte,plastic_blk_m,,1.15,-0.22,0.74,0.0,0.0,0.0,1.0,1.0,1.0,true,corrugated wire loom conduit
639,ALTIMA2000_ELEC_Conduit_Loom_004,Electrical_Harness,EL,Harness,Conduit,MAT_Plastic_Black_Matte,plastic_blk_m,,0.85,-0.14,0.72,0.0,0.0,0.0,1.0,1.0,1.0,true,corrugated wire loom conduit
640,ALTIMA2000_ELEC_Conduit_Loom_005,Electrical_Harness,EL,Harness,Conduit,MAT_Plastic_Black_Matte,plastic_blk_m,,0.55,-0.06,0.78,0.0,0.0,0.0,1.0,1.0,1.0,true,corrugated wire loom conduit
641,ALTIMA2000_ELEC_Conduit_Loom_006,Electrical_Harness,EL,Harness,Conduit,MAT_Plastic_Black_Matte,plastic_blk_m,,0.25,-0.38,0.76,0.0,0.0,0.0,1.0,1.0,1.0,true,corrugated wire loom conduit
642,ALTIMA2000_ELEC_Conduit_Loom_007,Electrical_Harness,EL,Harness,Conduit,MAT_Plastic_Black_Matte,plastic_blk_m,,-0.05,-0.3,0.74,0.0,0.0,0.0,1.0,1.0,1.0,true,corrugated wire loom conduit
643,ALTIMA2000_ELEC_Conduit_Loom_008,Electrical_Harness,EL,Harness,Conduit,MAT_Plastic_Black_Matte,plastic_blk_m,,-0.35,-0.22,0.72,0.0,0.0,0.0,1.0,1.0,1.0,true,corrugated wire loom conduit
644,ALTIMA2000_ELEC_Conduit_Loom_009,Electrical_Harness,EL,Harness,Conduit,MAT_Plastic_Black_Matte,plastic_blk_m,,-0.65,-0.14,0.78,0.0,0.0,0.0,1.0,1.0,1.0,true,corrugated wire loom conduit
645,ALTIMA2000_ELEC_Conduit_Loom_010,Electrical_Harness,EL,Harness,Conduit,MAT_Plastic_Black_Matte,plastic_blk_m,,-0.95,-0.06,0.76,0.0,0.0,0.0,1.0,1.0,1.0,true,corrugated wire loom conduit
646,ALTIMA2000_ELEC_Conduit_Loom_011,Electrical_Harness,EL,Harness,Conduit,MAT_Plastic_Black_Matte,plastic_blk_m,,-1.25,-0.38,0.74,0.0,0.0,0.0,1.0,1.0,1.0,true,corrugated wire loom conduit
647,ALTIMA2000_ELEC_Conduit_Loom_012,Electrical_Harness,EL,Harness,Conduit,MAT_Plastic_Black_Matte,plastic_blk_m,,-1.55,-0.3,0.72,0.0,0.0,0.0,1.0,1.0,1.0,true,corrugated wire loom conduit
648,ALTIMA2000_ELEC_Conduit_Loom_013,Electrical_Harness,EL,Harness,Conduit,MAT_Plastic_Black_Matte,plastic_blk_m,,-1.854468,-0.22,0.78,0.0,0.0,0.0,1.0,1.0,1.0,true,corrugated wire loom conduit
649,ALTIMA2000_ELEC_Conduit_Loom_014,Electrical_Harness,EL,Harness,Conduit,MAT_Plastic_Black_Matte,plastic_blk_m,,-2.168511,-0.14,0.76,0.0,0.0,0.0,1.0,1.0,1.0,true,corrugated wire loom conduit
650,ALTIMA2000_ELEC_Connector_Pair_001,Electrical_Harness,EL,Harness,Connector,MAT_Connector_PA66,connector,,1.8,-0.3,0.7,0.0,0.0,0.0,1.0,1.0,1.0,true,multi-pin electrical connector
651,ALTIMA2000_ELEC_Connector_Pair_002,Electrical_Harness,EL,Harness,Connector,MAT_Connector_PA66,connector,,1.58,-0.2,0.67,0.0,0.0,0.0,1.0,1.0,1.0,true,multi-pin electrical connector
652,ALTIMA2000_ELEC_Connector_Pair_003,Electrical_Harness,EL,Harness,Connector,MAT_Connector_PA66,connector,,1.36,-0.1,0.64,0.0,0.0,0.0,1.0,1.0,1.0,true,multi-pin electrical connector
653,ALTIMA2000_ELEC_Connector_Pair_004,Electrical_Harness,EL,Harness,Connector,MAT_Connector_PA66,connector,,1.14,0.0,0.7,0.0,0.0,0.0,1.0,1.0,1.0,true,multi-pin electrical connector
654,ALTIMA2000_ELEC_Connector_Pair_005,Electrical_Harness,EL,Harness,Connector,MAT_Connector_PA66,connector,,0.92,-0.3,0.67,0.0,0.0,0.0,1.0,1.0,1.0,true,multi-pin electrical connector
655,ALTIMA2000_ELEC_Connector_Pair_006,Electrical_Harness,EL,Harness,Connector,MAT_Connector_PA66,connector,,0.7,-0.2,0.64,0.0,0.0,0.0,1.0,1.0,1.0,true,multi-pin electrical connector
656,ALTIMA2000_ELEC_Connector_Pair_007,Electrical_Harness,EL,Harness,Connector,MAT_Connector_PA66,connector,,0.48,-0.1,0.7,0.0,0.0,0.0,1.0,1.0,1.0,true,multi-pin electrical connector
657,ALTIMA2000_ELEC_Connector_Pair_008,Electrical_Harness,EL,Harness,Connector,MAT_Connector_PA66,connector,,0.26,0.0,0.67,0.0,0.0,0.0,1.0,1.0,1.0,true,multi-pin electrical connector
658,ALTIMA2000_ELEC_Connector_Pair_009,Electrical_Harness,EL,Harness,Connector,MAT_Connector_PA66,connector,,0.04,-0.3,0.64,0.0,0.0,0.0,1.0,1.0,1.0,true,multi-pin electrical connector
659,ALTIMA2000_ELEC_Connector_Pair_010,Electrical_Harness,EL,Harness,Connector,MAT_Connector_PA66,connector,,-0.18,-0.2,0.7,0.0,0.0,0.0,1.0,1.0,1.0,true,multi-pin electrical connector
660,ALTIMA2000_ELEC_Connector_Pair_011,Electrical_Harness,EL,Harness,Connector,MAT_Connector_PA66,connector,,-0.4,-0.1,0.67,0.0,0.0,0.0,1.0,1.0,1.0,true,multi-pin electrical connector
661,ALTIMA2000_ELEC_Connector_Pair_012,Electrical_Harness,EL,Harness,Connector,MAT_Connector_PA66,connector,,-0.62,0.0,0.64,0.0,0.0,0.0,1.0,1.0,1.0,true,multi-pin electrical connector
662,ALTIMA2000_ELEC_Connector_Pair_013,Electrical_Harness,EL,Harness,Connector,MAT_Connector_PA66,connector,,-0.84,-0.3,0.7,0.0,0.0,0.0,1.0,1.0,1.0,true,multi-pin electrical connector
663,ALTIMA2000_ELEC_Connector_Pair_014,Electrical_Harness,EL,Harness,Connector,MAT_Connector_PA66,connector,,-1.06,-0.2,0.67,0.0,0.0,0.0,1.0,1.0,1.0,true,multi-pin electrical connector
664,ALTIMA2000_ELEC_Connector_Pair_015,Electrical_Harness,EL,Harness,Connector,MAT_Connector_PA66,connector,,-1.28,-0.1,0.64,0.0,0.0,0.0,1.0,1.0,1.0,true,multi-pin electrical connector
665,ALTIMA2000_ELEC_Connector_Pair_016,Electrical_Harness,EL,Harness,Connector,MAT_Connector_PA66,connector,,-1.5,0.0,0.7,0.0,0.0,0.0,1.0,1.0,1.0,true,multi-pin electrical connector
666,ALTIMA2000_ELEC_Connector_Pair_017,Electrical_Harness,EL,Harness,Connector,MAT_Connector_PA66,connector,,-1.72,-0.3,0.67,0.0,0.0,0.0,1.0,1.0,1.0,true,multi-pin electrical connector
667,ALTIMA2000_ELEC_Connector_Pair_018,Electrical_Harness,EL,Harness,Connector,MAT_Connector_PA66,connector,,-1.945106,-0.2,0.64,0.0,0.0,0.0,1.0,1.0,1.0,true,multi-pin electrical connector
668,ALTIMA2000_ELEC_ECU_EngineControl,Electrical_Modules,EL,Modules,ECU,MAT_Aluminium_Cast,aluminium,,0.52,-0.42,0.84,0.0,0.0,0.0,1.0,1.0,1.0,true,engine control module (ECM)
669,ALTIMA2000_ELEC_TCU_Transmission,Electrical_Modules,EL,Modules,TCU,MAT_Aluminium_Cast,aluminium,,0.54,-0.1,0.78,0.0,0.0,0.0,1.0,1.0,1.0,true,transmission control module
670,ALTIMA2000_ELEC_Module_BodyControl,Electrical_Modules,EL,Modules,BCM,MAT_Plastic_Black_Matte,plastic_blk_m,,0.24,0.42,0.74,0.0,0.0,0.0,1.0,1.0,1.0,true,body control module
671,ALTIMA2000_ELEC_Module_ABS,Electrical_Modules,EL,Modules,ABSModule,MAT_Aluminium_Cast,aluminium,,1.955745,0.24,0.88,0.0,0.0,0.0,1.0,1.0,1.0,true,ABS control module
672,ALTIMA2000_ELEC_Fuse_BoxEngine,Electrical_Modules,EL,Modules,FuseBoxEng,MAT_Plastic_Black_Matte,plastic_blk_m,,2.008936,0.34,0.86,0.0,0.0,0.0,1.0,1.0,1.0,true,engine compartment fuse box
673,ALTIMA2000_ELEC_Fuse_BoxInterior,Electrical_Modules,EL,Modules,FuseBoxInt,MAT_Plastic_Black_Matte,plastic_blk_m,,0.5,-0.46,0.7,0.0,0.0,0.0,1.0,1.0,1.0,true,interior fuse box
674,ALTIMA2000_ELEC_Fuse_Blade_001,Electrical_Modules,EL,Modules,Fuse,MAT_Wire_Power_Red,wire_red,,2.008936,0.3,0.88,0.0,0.0,0.0,1.0,1.0,1.0,true,blade fuse
675,ALTIMA2000_ELEC_Fuse_Blade_002,Electrical_Modules,EL,Modules,Fuse,MAT_Wire_Power_Red,wire_red,,2.008936,0.33,0.88,0.0,0.0,0.0,1.0,1.0,1.0,true,blade fuse
676,ALTIMA2000_ELEC_Fuse_Blade_003,Electrical_Modules,EL,Modules,Fuse,MAT_Wire_Power_Red,wire_red,,2.008936,0.36,0.88,0.0,0.0,0.0,1.0,1.0,1.0,true,blade fuse
677,ALTIMA2000_ELEC_Fuse_Blade_004,Electrical_Modules,EL,Modules,Fuse,MAT_Wire_Power_Red,wire_red,,2.008936,0.39,0.88,0.0,0.0,0.0,1.0,1.0,1.0,true,blade fuse
678,ALTIMA2000_ELEC_Fuse_Blade_005,Electrical_Modules,EL,Modules,Fuse,MAT_Wire_Power_Red,wire_red,,2.008936,0.42,0.88,0.0,0.0,0.0,1.0,1.0,1.0,true,blade fuse
679,ALTIMA2000_ELEC_Fuse_Blade_006,Electrical_Modules,EL,Modules,Fuse,MAT_Wire_Power_Red,wire_red,,2.008936,0.3,0.856,0.0,0.0,0.0,1.0,1.0,1.0,true,blade fuse
680,ALTIMA2000_ELEC_Fuse_Blade_007,Electrical_Modules,EL,Modules,Fuse,MAT_Wire_Power_Red,wire_red,,2.008936,0.33,0.856,0.0,0.0,0.0,1.0,1.0,1.0,true,blade fuse
681,ALTIMA2000_ELEC_Fuse_Blade_008,Electrical_Modules,EL,Modules,Fuse,MAT_Wire_Power_Red,wire_red,,2.008936,0.36,0.856,0.0,0.0,0.0,1.0,1.0,1.0,true,blade fuse
682,ALTIMA2000_ELEC_Fuse_Blade_009,Electrical_Modules,EL,Modules,Fuse,MAT_Wire_Power_Red,wire_red,,2.008936,0.39,0.856,0.0,0.0,0.0,1.0,1.0,1.0,true,blade fuse
683,ALTIMA2000_ELEC_Fuse_Blade_010,Electrical_Modules,EL,Modules,Fuse,MAT_Wire_Power_Red,wire_red,,2.008936,0.42,0.856,0.0,0.0,0.0,1.0,1.0,1.0,true,blade fuse
684,ALTIMA2000_ELEC_Fuse_Blade_011,Electrical_Modules,EL,Modules,Fuse,MAT_Wire_Power_Red,wire_red,,2.008936,0.3,0.832,0.0,0.0,0.0,1.0,1.0,1.0,true,blade fuse
685,ALTIMA2000_ELEC_Fuse_Blade_012,Electrical_Modules,EL,Modules,Fuse,MAT_Wire_Power_Red,wire_red,,2.008936,0.33,0.832,0.0,0.0,0.0,1.0,1.0,1.0,true,blade fuse
686,ALTIMA2000_ELEC_Fuse_Blade_013,Electrical_Modules,EL,Modules,Fuse,MAT_Wire_Power_Red,wire_red,,2.008936,0.36,0.832,0.0,0.0,0.0,1.0,1.0,1.0,true,blade fuse
687,ALTIMA2000_ELEC_Fuse_Blade_014,Electrical_Modules,EL,Modules,Fuse,MAT_Wire_Power_Red,wire_red,,2.008936,0.39,0.832,0.0,0.0,0.0,1.0,1.0,1.0,true,blade fuse
688,ALTIMA2000_ELEC_Fuse_Blade_015,Electrical_Modules,EL,Modules,Fuse,MAT_Wire_Power_Red,wire_red,,2.008936,0.42,0.832,0.0,0.0,0.0,1.0,1.0,1.0,true,blade fuse
689,ALTIMA2000_ELEC_Fuse_Blade_016,Electrical_Modules,EL,Modules,Fuse,MAT_Wire_Power_Red,wire_red,,2.008936,0.3,0.808,0.0,0.0,0.0,1.0,1.0,1.0,true,blade fuse
690,ALTIMA2000_ELEC_Fuse_Blade_017,Electrical_Modules,EL,Modules,Fuse,MAT_Wire_Power_Red,wire_red,,2.008936,0.33,0.808,0.0,0.0,0.0,1.0,1.0,1.0,true,blade fuse
691,ALTIMA2000_ELEC_Fuse_Blade_018,Electrical_Modules,EL,Modules,Fuse,MAT_Wire_Power_Red,wire_red,,2.008936,0.36,0.808,0.0,0.0,0.0,1.0,1.0,1.0,true,blade fuse
692,ALTIMA2000_ELEC_Relay_Box_001,Electrical_Modules,EL,Modules,Relay,MAT_Plastic_Black_Matte,plastic_blk_m,,2.030213,0.28,0.94,0.0,0.0,0.0,1.0,1.0,1.0,true,electrical relay
693,ALTIMA2000_ELEC_Relay_Box_002,Electrical_Modules,EL,Modules,Relay,MAT_Plastic_Black_Matte,plastic_blk_m,,2.030213,0.31,0.94,0.0,0.0,0.0,1.0,1.0,1.0,true,electrical relay
694,ALTIMA2000_ELEC_Relay_Box_003,Electrical_Modules,EL,Modules,Relay,MAT_Plastic_Black_Matte,plastic_blk_m,,2.030213,0.34,0.94,0.0,0.0,0.0,1.0,1.0,1.0,true,electrical relay
695,ALTIMA2000_ELEC_Relay_Box_004,Electrical_Modules,EL,Modules,Relay,MAT_Plastic_Black_Matte,plastic_blk_m,,2.030213,0.37,0.94,0.0,0.0,0.0,1.0,1.0,1.0,true,electrical relay
696,ALTIMA2000_ELEC_Relay_Box_005,Electrical_Modules,EL,Modules,Relay,MAT_Plastic_Black_Matte,plastic_blk_m,,2.030213,0.28,0.908,0.0,0.0,0.0,1.0,1.0,1.0,true,electrical relay
697,ALTIMA2000_ELEC_Relay_Box_006,Electrical_Modules,EL,Modules,Relay,MAT_Plastic_Black_Matte,plastic_blk_m,,2.030213,0.31,0.908,0.0,0.0,0.0,1.0,1.0,1.0,true,electrical relay
698,ALTIMA2000_ELEC_Relay_Box_007,Electrical_Modules,EL,Modules,Relay,MAT_Plastic_Black_Matte,plastic_blk_m,,2.030213,0.34,0.908,0.0,0.0,0.0,1.0,1.0,1.0,true,electrical relay
699,ALTIMA2000_ELEC_Relay_Box_008,Electrical_Modules,EL,Modules,Relay,MAT_Plastic_Black_Matte,plastic_blk_m,,2.030213,0.37,0.908,0.0,0.0,0.0,1.0,1.0,1.0,true,electrical relay
700,ALTIMA2000_ELEC_Relay_Box_009,Electrical_Modules,EL,Modules,Relay,MAT_Plastic_Black_Matte,plastic_blk_m,,2.030213,0.28,0.876,0.0,0.0,0.0,1.0,1.0,1.0,true,electrical relay
701,ALTIMA2000_ELEC_Relay_Box_010,Electrical_Modules,EL,Modules,Relay,MAT_Plastic_Black_Matte,plastic_blk_m,,2.030213,0.31,0.876,0.0,0.0,0.0,1.0,1.0,1.0,true,electrical relay
702,ALTIMA2000_ELEC_Alternator_Lead,Electrical_Harness,EL,Harness,AltLead,MAT_Wire_Power_Red,wire_red,,1.513333,0.121667,0.668333,0.0,0.0,0.0,1.0,1.0,1.0,true,alternator output cable
703,ALTIMA2000_ELEC_Ground_Strap_001,Electrical_Harness,EL,Harness,Ground,MAT_Wire_Loom_Black,wire_blk,,1.58,-0.29,0.53,0.0,0.0,0.0,1.0,1.0,1.0,true,ground strap
704,ALTIMA2000_ELEC_Ground_Strap_002,Electrical_Harness,EL,Harness,Ground,MAT_Wire_Loom_Black,wire_blk,,1.03,-0.15,0.53,0.0,0.0,0.0,1.0,1.0,1.0,true,ground strap
705,ALTIMA2000_ELEC_Ground_Strap_003,Electrical_Harness,EL,Harness,Ground,MAT_Wire_Loom_Black,wire_blk,,0.48,-0.01,0.53,0.0,0.0,0.0,1.0,1.0,1.0,true,ground strap
706,ALTIMA2000_ELEC_Ground_Strap_004,Electrical_Harness,EL,Harness,Ground,MAT_Wire_Loom_Black,wire_blk,,-0.07,-0.29,0.53,0.0,0.0,0.0,1.0,1.0,1.0,true,ground strap
707,ALTIMA2000_ELEC_Ground_Strap_005,Electrical_Harness,EL,Harness,Ground,MAT_Wire_Loom_Black,wire_blk,,-0.62,-0.15,0.53,0.0,0.0,0.0,1.0,1.0,1.0,true,ground strap
708,ALTIMA2000_ELEC_Ground_Strap_006,Electrical_Harness,EL,Harness,Ground,MAT_Wire_Loom_Black,wire_blk,,-1.17,-0.01,0.53,0.0,0.0,0.0,1.0,1.0,1.0,true,ground strap
709,ALTIMA2000_ELEC_Speaker_Door_01,Electrical_Modules,EL,Audio,Speaker,MAT_Plastic_Black_Matte,plastic_blk_m,,0.48,0.64,0.86,0.0,0.0,0.0,1.0,1.0,1.0,true,audio speaker
710,ALTIMA2000_ELEC_Speaker_Door_02,Electrical_Modules,EL,Audio,Speaker,MAT_Plastic_Black_Matte,plastic_blk_m,,0.48,-0.64,0.86,0.0,0.0,0.0,1.0,1.0,1.0,true,audio speaker
711,ALTIMA2000_ELEC_Speaker_Door_03,Electrical_Modules,EL,Audio,Speaker,MAT_Plastic_Black_Matte,plastic_blk_m,,-0.56,0.64,0.52,0.0,0.0,0.0,1.0,1.0,1.0,true,audio speaker
712,ALTIMA2000_ELEC_Speaker_Door_04,Electrical_Modules,EL,Audio,Speaker,MAT_Plastic_Black_Matte,plastic_blk_m,,-0.56,-0.64,0.52,0.0,0.0,0.0,1.0,1.0,1.0,true,audio speaker
713,ALTIMA2000_ELEC_Speaker_Rear_05,Electrical_Modules,EL,Audio,Speaker,MAT_Plastic_Black_Matte,plastic_blk_m,,-1.36,0.52,0.52,0.0,0.0,0.0,1.0,1.0,1.0,true,audio speaker
714,ALTIMA2000_ELEC_Speaker_Rear_06,Electrical_Modules,EL,Audio,Speaker,MAT_Plastic_Black_Matte,plastic_blk_m,,-1.36,-0.52,0.52,0.0,0.0,0.0,1.0,1.0,1.0,true,audio speaker
715,ALTIMA2000_ELEC_Switch_Headlamp,Electrical_Modules,EL,Switches,Switch,MAT_Plastic_Black_Matte,plastic_blk_m,,0.6,-0.36,0.945,0.0,0.0,0.0,1.0,1.0,1.0,true,electrical switch - Headlamp
716,ALTIMA2000_ELEC_Switch_Wiper,Electrical_Modules,EL,Switches,Switch,MAT_Plastic_Black_Matte,plastic_blk_m,,0.64,-0.2,0.93,0.0,0.0,0.0,1.0,1.0,1.0,true,electrical switch - Wiper
717,ALTIMA2000_ELEC_Switch_Hazard,Electrical_Modules,EL,Switches,Switch,MAT_Plastic_Black_Matte,plastic_blk_m,,0.64,0.0,0.945,0.0,0.0,0.0,1.0,1.0,1.0,true,electrical switch - Hazard
718,ALTIMA2000_ELEC_Switch_Ignition,Electrical_Modules,EL,Switches,Switch,MAT_Plastic_Black_Matte,plastic_blk_m,,0.7,-0.36,0.7,0.0,0.0,0.0,1.0,1.0,1.0,true,electrical switch - Ignition
719,ALTIMA2000_ELEC_Switch_WindowFL,Electrical_Modules,EL,Switches,Switch,MAT_Plastic_Black_Matte,plastic_blk_m,,0.56,0.56,0.56,0.0,0.0,0.0,1.0,1.0,1.0,true,electrical switch - WindowFL
720,ALTIMA2000_ELEC_Switch_WindowFR,Electrical_Modules,EL,Switches,Switch,MAT_Plastic_Black_Matte,plastic_blk_m,,0.56,-0.56,0.56,0.0,0.0,0.0,1.0,1.0,1.0,true,electrical switch - WindowFR
721,ALTIMA2000_ELEC_Switch_Mirror,Electrical_Modules,EL,Switches,Switch,MAT_Plastic_Black_Matte,plastic_blk_m,,0.6,-0.42,0.7,0.0,0.0,0.0,1.0,1.0,1.0,true,electrical switch - Mirror
722,ALTIMA2000_ELEC_Switch_Dimmer,Electrical_Modules,EL,Switches,Switch,MAT_Plastic_Black_Matte,plastic_blk_m,,0.66,-0.18,0.93,0.0,0.0,0.0,1.0,1.0,1.0,true,electrical switch - Dimmer
723,ALTIMA2000_ELEC_Switch_WiperIntermittent,Electrical_Modules,EL,Switches,Switch,MAT_Plastic_Black_Matte,plastic_blk_m,,0.68,-0.14,0.94,0.0,0.0,0.0,1.0,1.0,1.0,true,electrical switch - WiperIntermittent
724,ALTIMA2000_ELEC_Switch_Defog,Electrical_Modules,EL,Switches,Switch,MAT_Plastic_Black_Matte,plastic_blk_m,,0.56,0.2,0.69,0.0,0.0,0.0,1.0,1.0,1.0,true,electrical switch - Defog
725,ALTIMA2000_ELEC_Lamp_Dome_Interior,Electrical_Lighting,LM,Interior,Lamp_Dome,MAT_Lamp_Lens_PC,lamp_clear,,-0.12,0.0,1.33,0.0,0.0,0.0,1.0,1.0,1.0,true,interior lamp - Dome
726,ALTIMA2000_ELEC_Lamp_MapFL_Interior,Electrical_Lighting,LM,Interior,Lamp_MapFL,MAT_Lamp_Lens_PC,lamp_clear,,-0.12,0.24,1.33,0.0,0.0,0.0,1.0,1.0,1.0,true,interior lamp - MapFL
727,ALTIMA2000_ELEC_Lamp_MapFR_Interior,Electrical_Lighting,LM,Interior,Lamp_MapFR,MAT_Lamp_Lens_PC,lamp_clear,,-0.12,-0.24,1.33,0.0,0.0,0.0,1.0,1.0,1.0,true,interior lamp - MapFR
728,ALTIMA2000_ELEC_Horn_Disc,Electrical_Modules,EL,Modules,Horn,MAT_Plastic_Black_Matte,plastic_blk_m,,2.328085,0.33,0.74,0.0,1.570796,0.0,1.0,1.0,1.0,true,horn (high note)
729,ALTIMA2000_ELEC_Horn_DiscLow,Electrical_Modules,EL,Modules,HornLow,MAT_Plastic_Black_Matte,plastic_blk_m,,2.328085,0.43,0.74,0.0,1.570796,0.0,1.0,1.0,1.0,true,horn (low note)
730,ALTIMA2000_ELEC_Wiper_Motor,Electrical_Modules,EL,Modules,WiperMotor,MAT_Steel_Structural,steel,,0.56,-0.18,0.86,0.0,0.0,0.0,1.0,1.0,1.0,true,windshield wiper motor
731,ALTIMA2000_ELEC_Wiper_Linkage,Electrical_Modules,EL,Modules,WiperLinkage,MAT_Steel_Structural,steel,,0.56,0.05,0.87,0.0,0.0,0.0,1.0,1.0,1.0,true,wiper linkage
732,ALTIMA2000_ELEC_Wiper_Arm_01,Electrical_Modules,EL,Modules,WiperArm,MAT_Plastic_Black_Matte,plastic_blk_m,,0.24,0.34,0.96,0.0,0.0,0.0,1.0,1.0,1.0,true,wiper arm
733,ALTIMA2000_ELEC_Wiper_Blade_01,Electrical_Modules,EL,Modules,WiperBlade,MAT_Rubber_EPDM_Seal,rubber,,0.18,0.34,0.945,0.0,0.0,0.0,1.0,1.0,1.0,true,wiper blade
734,ALTIMA2000_ELEC_Wiper_Arm_02,Electrical_Modules,EL,Modules,WiperArm,MAT_Plastic_Black_Matte,plastic_blk_m,,0.24,-0.34,0.96,0.0,0.0,0.0,1.0,1.0,1.0,true,wiper arm
735,ALTIMA2000_ELEC_Wiper_Blade_02,Electrical_Modules,EL,Modules,WiperBlade,MAT_Rubber_EPDM_Seal,rubber,,0.18,-0.34,0.945,0.0,0.0,0.0,1.0,1.0,1.0,true,wiper blade
736,ALTIMA2000_ELEC_Airbag_Module_01,Safety,SF,Airbag,AirbagModule,MAT_Plastic_Black_Matte,plastic_blk_m,,0.4,-0.36,0.76,0.0,0.0,0.0,1.0,1.0,1.0,true,airbag module
737,ALTIMA2000_ELEC_Airbag_Module_02,Safety,SF,Airbag,AirbagModule,MAT_Plastic_Black_Matte,plastic_blk_m,,0.15,0.36,0.76,0.0,0.0,0.0,1.0,1.0,1.0,true,airbag module
738,ALTIMA2000_ELEC_Seatbelt_Pretensioner_Left,Safety,SF,Belt,Pretensioner,MAT_Steel_Structural,steel,,-0.26,0.66,0.9,0.0,0.0,0.0,1.0,1.0,1.0,true,seat belt pretensioner
739,ALTIMA2000_ELEC_Seatbelt_Pretensioner_Right,Safety,SF,Belt,Pretensioner,MAT_Steel_Structural,steel,,-0.26,-0.66,0.9,0.0,0.0,0.0,1.0,1.0,1.0,true,seat belt pretensioner
740,ALTIMA2000_ELEC_Wire_EngineMain_001,Electrical_Engine,EL,Wire_Engine,Wire,MAT_Wire_Power_Red,wire_red,,2.003392,0.330248,0.86,0.0,0.0,0.0,1.0,1.0,1.0,true,"EngineMain harness, Power circuit, segment 1/5"
741,ALTIMA2000_ELEC_Wire_EngineMain_002,Electrical_Engine,EL,Wire_Engine,Wire,MAT_Wire_Power_Red,wire_red,,1.52027,0.563124,0.89923,0.0,0.0,0.0,1.0,1.0,1.0,true,"EngineMain harness, Power circuit, segment 2/5"
742,ALTIMA2000_ELEC_Wire_EngineMain_003,Electrical_Engine,EL,Wire_Engine,Wire,MAT_Wire_Power_Red,wire_red,,1.499721,-0.56018,0.900756,0.0,0.0,0.0,1.0,1.0,1.0,true,"EngineMain harness, Power circuit, segment 3/5"
743,ALTIMA2000_ELEC_Wire_EngineMain_004,Electrical_Engine,EL,Wire_Engine,Wire,MAT_Wire_Power_Red,wire_red,,0.96941,0.291256,0.798095,0.0,0.0,0.0,1.0,1.0,1.0,true,"EngineMain harness, Power circuit, segment 4/5"
744,ALTIMA2000_ELEC_Wire_EngineMain_005,Electrical_Engine,EL,Wire_Engine,Wire,MAT_Wire_Power_Red,wire_red,,0.665241,-0.014049,0.721168,0.0,0.0,0.0,1.0,1.0,1.0,true,"EngineMain harness, Power circuit, segment 5/5"
745,ALTIMA2000_ELEC_Wire_EngineMain_006,Electrical_Engine,EL,Wire_Engine,Wire,MAT_Wire_Loom_Black,wire_blk,,2.007131,0.336749,0.86,0.0,0.0,0.0,1.0,1.0,1.0,true,"EngineMain harness, Ground circuit, segment 1/5"
746,ALTIMA2000_ELEC_Wire_EngineMain_007,Electrical_Engine,EL,Wire_Engine,Wire,MAT_Wire_Loom_Black,wire_blk,,1.513288,0.565863,0.89923,0.0,0.0,0.0,1.0,1.0,1.0,true,"EngineMain harness, Ground circuit, segment 2/5"
747,ALTIMA2000_ELEC_Wire_EngineMain_008,Electrical_Engine,EL,Wire_Engine,Wire,MAT_Wire_Loom_Black,wire_blk,,1.50186,-0.552992,0.900756,0.0,0.0,0.0,1.0,1.0,1.0,true,"EngineMain harness, Ground circuit, segment 3/5"
748,ALTIMA2000_ELEC_Wire_EngineMain_009,Electrical_Engine,EL,Wire_Engine,Wire,MAT_Wire_Loom_Black,wire_blk,,0.971408,0.298485,0.798095,0.0,0.0,0.0,1.0,1.0,1.0,true,"EngineMain harness, Ground circuit, segment 4/5"
749,ALTIMA2000_ELEC_Wire_EngineMain_010,Electrical_Engine,EL,Wire_Engine,Wire,MAT_Wire_Loom_Black,wire_blk,,0.658628,-0.010509,0.721168,0.0,0.0,0.0,1.0,1.0,1.0,true,"EngineMain harness, Ground circuit, segment 5/5"
750,ALTIMA2000_ELEC_Wire_EngineMain_011,Electrical_Engine,EL,Wire_Engine,Wire,MAT_Wire_Signal_Green,wire_grn,,2.01087,0.343251,0.86,0.0,0.0,0.0,1.0,1.0,1.0,true,"EngineMain harness, Signal circuit, segment 1/5"
751,ALTIMA2000_ELEC_Wire_EngineMain_012,Electrical_Engine,EL,Wire_Engine,Wire,MAT_Wire_Signal_Green,wire_grn,,1.506306,0.568601,0.89923,0.0,0.0,0.0,1.0,1.0,1.0,true,"EngineMain harness, Signal circuit, segment 2/5"
752,ALTIMA2000_ELEC_Wire_EngineMain_013,Electrical_Engine,EL,Wire_Engine,Wire,MAT_Wire_Signal_Green,wire_grn,,1.503999,-0.545803,0.900756,0.0,0.0,0.0,1.0,1.0,1.0,true,"EngineMain harness, Signal circuit, segment 3/5"
753,ALTIMA2000_ELEC_Wire_EngineMain_014,Electrical_Engine,EL,Wire_Engine,Wire,MAT_Wire_Signal_Green,wire_grn,,0.973406,0.305713,0.798095,0.0,0.0,0.0,1.0,1.0,1.0,true,"EngineMain harness, Signal circuit, segment 4/5"
754,ALTIMA2000_ELEC_Wire_EngineMain_015,Electrical_Engine,EL,Wire_Engine,Wire,MAT_Wire_Signal_Green,wire_grn,,0.652016,-0.00697,0.721168,0.0,0.0,0.0,1.0,1.0,1.0,true,"EngineMain harness, Signal circuit, segment 5/5"
755,ALTIMA2000_ELEC_Wire_EngineMain_016,Electrical_Engine,EL,Wire_Engine,Wire,MAT_Wire_Signal_Yellow,wire_ylw,,2.014609,0.349752,0.86,0.0,0.0,0.0,1.0,1.0,1.0,true,"EngineMain harness, Signal2 circuit, segment 1/5"
756,ALTIMA2000_ELEC_Wire_EngineMain_017,Electrical_Engine,EL,Wire_Engine,Wire,MAT_Wire_Signal_Yellow,wire_ylw,,1.499323,0.57134,0.89923,0.0,0.0,0.0,1.0,1.0,1.0,true,"EngineMain harness, Signal2 circuit, segment 2/5"
757,ALTIMA2000_ELEC_Wire_EngineMain_018,Electrical_Engine,EL,Wire_Engine,Wire,MAT_Wire_Signal_Yellow,wire_ylw,,1.506138,-0.538615,0.900756,0.0,0.0,0.0,1.0,1.0,1.0,true,"EngineMain harness, Signal2 circuit, segment 3/5"
758,ALTIMA2000_ELEC_Wire_EngineMain_019,Electrical_Engine,EL,Wire_Engine,Wire,MAT_Wire_Signal_Yellow,wire_ylw,,0.975404,0.312942,0.798095,0.0,0.0,0.0,1.0,1.0,1.0,true,"EngineMain harness, Signal2 circuit, segment 4/5"
759,ALTIMA2000_ELEC_Wire_EngineMain_020,Electrical_Engine,EL,Wire_Engine,Wire,MAT_Wire_Signal_Yellow,wire_ylw,,0.645404,-0.003431,0.721168,0.0,0.0,0.0,1.0,1.0,1.0,true,"EngineMain harness, Signal2 circuit, segment 5/5"
760,ALTIMA2000_ELEC_Grommet_EngineMain_001,Electrical_Engine,EL,Wire_Engine,Grommet,MAT_Rubber_EPDM_Seal,rubber,,0.66,0.0,0.72,0.0,0.0,0.0,1.0,1.0,1.0,true,EngineMain Bulkhead grommet
761,ALTIMA2000_ELEC_WireClip_EngineMain_001,Electrical_Engine,EL,Wire_Engine,WireClip,MAT_Plastic_Black_Matte,plastic_blk_m,,1.710362,0.540838,0.883469,0.0,0.0,0.0,1.0,1.0,1.0,true,EngineMain loom retainer clip
762,ALTIMA2000_ELEC_WireClip_EngineMain_002,Electrical_Engine,EL,Wire_Engine,WireClip,MAT_Plastic_Black_Matte,plastic_blk_m,,1.478474,0.438729,0.903189,0.0,0.0,0.0,1.0,1.0,1.0,true,EngineMain loom retainer clip
763,ALTIMA2000_ELEC_WireClip_EngineMain_003,Electrical_Engine,EL,Wire_Engine,WireClip,MAT_Plastic_Black_Matte,plastic_blk_m,,1.495137,0.033277,0.908146,0.0,0.0,0.0,1.0,1.0,1.0,true,EngineMain loom retainer clip
764,ALTIMA2000_ELEC_WireClip_EngineMain_004,Electrical_Engine,EL,Wire_Engine,WireClip,MAT_Plastic_Black_Matte,plastic_blk_m,,1.520703,-0.326846,0.908285,0.0,0.0,0.0,1.0,1.0,1.0,true,EngineMain loom retainer clip
765,ALTIMA2000_ELEC_WireClip_EngineMain_005,Electrical_Engine,EL,Wire_Engine,WireClip,MAT_Plastic_Black_Matte,plastic_blk_m,,1.415199,-0.474046,0.884052,0.0,0.0,0.0,1.0,1.0,1.0,true,EngineMain loom retainer clip
766,ALTIMA2000_ELEC_WireClip_EngineMain_006,Electrical_Engine,EL,Wire_Engine,WireClip,MAT_Plastic_Black_Matte,plastic_blk_m,,1.247548,-0.156014,0.852631,0.0,0.0,0.0,1.0,1.0,1.0,true,EngineMain loom retainer clip
767,ALTIMA2000_ELEC_WireClip_EngineMain_007,Electrical_Engine,EL,Wire_Engine,WireClip,MAT_Plastic_Black_Matte,plastic_blk_m,,1.08195,0.163163,0.820739,0.0,0.0,0.0,1.0,1.0,1.0,true,EngineMain loom retainer clip
768,ALTIMA2000_ELEC_WireClip_EngineMain_008,Electrical_Engine,EL,Wire_Engine,WireClip,MAT_Plastic_Black_Matte,plastic_blk_m,,0.7918,0.22309,0.744911,0.0,0.0,0.0,1.0,1.0,1.0,true,EngineMain loom retainer clip
769,ALTIMA2000_ELEC_WireClip_EngineMain_009,Electrical_Engine,EL,Wire_Engine,WireClip,MAT_Plastic_Black_Matte,plastic_blk_m,,0.616345,-0.088734,0.73475,0.0,0.0,0.0,1.0,1.0,1.0,true,EngineMain loom retainer clip
770,ALTIMA2000_ELEC_WireConn_EngineMain_001,Electrical_Engine,EL,Wire_Engine,WireConn,MAT_Connector_PA66,connector,,2.009,0.34,0.86,0.0,0.0,0.0,1.0,1.0,1.0,true,EngineMain FuseBox connector shell
771,ALTIMA2000_ELEC_WireConn_EngineMain_002,Electrical_Engine,EL,Wire_Engine,WireConn,MAT_Connector_PA66,connector,,0.52,-0.42,0.84,0.0,0.0,0.0,1.0,1.0,1.0,true,EngineMain ECU connector shell
772,ALTIMA2000_ELEC_Wire_Injector_001,Electrical_Engine,EL,Wire_Engine,Wire,MAT_Wire_Power_Red,wire_red,,0.870281,0.127495,0.76,0.0,0.0,0.0,1.0,1.0,1.0,true,"Injector harness, Power circuit, segment 1/4"
773,ALTIMA2000_ELEC_Wire_Injector_002,Electrical_Engine,EL,Wire_Engine,Wire,MAT_Wire_Power_Red,wire_red,,1.16196,0.132538,0.763516,0.0,0.0,0.0,1.0,1.0,1.0,true,"Injector harness, Power circuit, segment 2/4"
774,ALTIMA2000_ELEC_Wire_Injector_003,Electrical_Engine,EL,Wire_Engine,Wire,MAT_Wire_Power_Red,wire_red,,0.980096,0.291863,0.799474,0.0,0.0,0.0,1.0,1.0,1.0,true,"Injector harness, Power circuit, segment 3/4"
775,ALTIMA2000_ELEC_Wire_Injector_004,Electrical_Engine,EL,Wire_Engine,Wire,MAT_Wire_Power_Red,wire_red,,0.663879,-0.008645,0.720682,0.0,0.0,0.0,1.0,1.0,1.0,true,"Injector harness, Power circuit, segment 4/4"
776,ALTIMA2000_ELEC_Wire_Injector_005,Electrical_Engine,EL,Wire_Engine,Wire,MAT_Wire_Signal_Green,wire_grn,,0.87,0.12,0.76,0.0,0.0,0.0,1.0,1.0,1.0,true,"Injector harness, Signal circuit, segment 1/4"
777,ALTIMA2000_ELEC_Wire_Injector_006,Electrical_Engine,EL,Wire_Engine,Wire,MAT_Wire_Signal_Green,wire_grn,,1.168894,0.135396,0.763516,0.0,0.0,0.0,1.0,1.0,1.0,true,"Injector harness, Signal circuit, segment 2/4"
778,ALTIMA2000_ELEC_Wire_Injector_007,Electrical_Engine,EL,Wire_Engine,Wire,MAT_Wire_Signal_Green,wire_grn,,0.977104,0.29874,0.799474,0.0,0.0,0.0,1.0,1.0,1.0,true,"Injector harness, Signal circuit, segment 3/4"
779,ALTIMA2000_ELEC_Wire_Injector_008,Electrical_Engine,EL,Wire_Engine,Wire,MAT_Wire_Signal_Green,wire_grn,,0.657267,-0.005106,0.720682,0.0,0.0,0.0,1.0,1.0,1.0,true,"Injector harness, Signal circuit, segment 4/4"
780,ALTIMA2000_ELEC_Wire_Injector_009,Electrical_Engine,EL,Wire_Engine,Wire,MAT_Wire_Signal_Yellow,wire_ylw,,0.86972,0.112505,0.76,0.0,0.0,0.0,1.0,1.0,1.0,true,"Injector harness, Signal2 circuit, segment 1/4"
781,ALTIMA2000_ELEC_Wire_Injector_010,Electrical_Engine,EL,Wire_Engine,Wire,MAT_Wire_Signal_Yellow,wire_ylw,,1.175829,0.138253,0.763516,0.0,0.0,0.0,1.0,1.0,1.0,true,"Injector harness, Signal2 circuit, segment 2/4"
782,ALTIMA2000_ELEC_Wire_Injector_011,Electrical_Engine,EL,Wire_Engine,Wire,MAT_Wire_Signal_Yellow,wire_ylw,,0.974112,0.305618,0.799474,0.0,0.0,0.0,1.0,1.0,1.0,true,"Injector harness, Signal2 circuit, segment 3/4"
783,ALTIMA2000_ELEC_Wire_Injector_012,Electrical_Engine,EL,Wire_Engine,Wire,MAT_Wire_Signal_Yellow,wire_ylw,,0.650655,-0.001567,0.720682,0.0,0.0,0.0,1.0,1.0,1.0,true,"Injector harness, Signal2 circuit, segment 4/4"
784,ALTIMA2000_ELEC_Grommet_Injector_001,Electrical_Engine,EL,Wire_Engine,Grommet,MAT_Rubber_EPDM_Seal,rubber,,0.66,0.0,0.72,0.0,0.0,0.0,1.0,1.0,1.0,true,Injector Bulkhead grommet
785,ALTIMA2000_ELEC_WireClip_Injector_001,Electrical_Engine,EL,Wire_Engine,WireClip,MAT_Plastic_Black_Matte,plastic_blk_m,,1.142781,0.109197,0.757599,0.0,0.0,0.0,1.0,1.0,1.0,true,Injector loom retainer clip
786,ALTIMA2000_ELEC_WireClip_Injector_002,Electrical_Engine,EL,Wire_Engine,WireClip,MAT_Plastic_Black_Matte,plastic_blk_m,,1.061708,0.274339,0.795241,0.0,0.0,0.0,1.0,1.0,1.0,true,Injector loom retainer clip
787,ALTIMA2000_ELEC_WireClip_Injector_003,Electrical_Engine,EL,Wire_Engine,WireClip,MAT_Plastic_Black_Matte,plastic_blk_m,,0.864111,0.229234,0.770751,0.0,0.0,0.0,1.0,1.0,1.0,true,Injector loom retainer clip
788,ALTIMA2000_ELEC_WireClip_Injector_004,Electrical_Engine,EL,Wire_Engine,WireClip,MAT_Plastic_Black_Matte,plastic_blk_m,,0.682991,0.032348,0.721629,0.0,0.0,0.0,1.0,1.0,1.0,true,Injector loom retainer clip
789,ALTIMA2000_ELEC_WireClip_Injector_005,Electrical_Engine,EL,Wire_Engine,WireClip,MAT_Plastic_Black_Matte,plastic_blk_m,,0.576633,-0.210749,0.770333,0.0,0.0,0.0,1.0,1.0,1.0,true,Injector loom retainer clip
790,ALTIMA2000_ELEC_WireConn_Injector_001,Electrical_Engine,EL,Wire_Engine,WireConn,MAT_Connector_PA66,connector,,0.87,0.12,0.76,0.0,0.0,0.0,1.0,1.0,1.0,true,Injector Rail connector shell
791,ALTIMA2000_ELEC_WireConn_Injector_002,Electrical_Engine,EL,Wire_Engine,WireConn,MAT_Connector_PA66,connector,,0.52,-0.42,0.84,0.0,0.0,0.0,1.0,1.0,1.0,true,Injector ECU connector shell
792,ALTIMA2000_ELEC_Wire_Ignition_001,Electrical_Engine,EL,Wire_Engine,Wire,MAT_Wire_Power_Red,wire_red,,0.978281,0.303333,0.8,0.0,0.0,0.0,1.0,1.0,1.0,true,"Ignition harness, Power circuit, segment 1/3"
793,ALTIMA2000_ELEC_Wire_Ignition_002,Electrical_Engine,EL,Wire_Engine,Wire,MAT_Wire_Power_Red,wire_red,,1.49057,0.559951,0.898669,0.0,0.0,0.0,1.0,1.0,1.0,true,"Ignition harness, Power circuit, segment 2/3"
794,ALTIMA2000_ELEC_Wire_Ignition_003,Electrical_Engine,EL,Wire_Engine,Wire,MAT_Wire_Power_Red,wire_red,,0.674891,0.007426,0.721676,0.0,0.0,0.0,1.0,1.0,1.0,true,"Ignition harness, Power circuit, segment 3/3"
795,ALTIMA2000_ELEC_Wire_Ignition_004,Electrical_Engine,EL,Wire_Engine,Wire,MAT_Wire_Signal_Yellow,wire_ylw,,0.981719,0.296667,0.8,0.0,0.0,0.0,1.0,1.0,1.0,true,"Ignition harness, Signal circuit, segment 1/3"
796,ALTIMA2000_ELEC_Wire_Ignition_005,Electrical_Engine,EL,Wire_Engine,Wire,MAT_Wire_Signal_Yellow,wire_ylw,,1.484249,0.563987,0.898669,0.0,0.0,0.0,1.0,1.0,1.0,true,"Ignition harness, Signal circuit, segment 2/3"
797,ALTIMA2000_ELEC_Wire_Ignition_006,Electrical_Engine,EL,Wire_Engine,Wire,MAT_Wire_Signal_Yellow,wire_ylw,,0.669429,0.012566,0.721676,0.0,0.0,0.0,1.0,1.0,1.0,true,"Ignition harness, Signal circuit, segment 3/3"
798,ALTIMA2000_ELEC_Grommet_Ignition_001,Electrical_Engine,EL,Wire_Engine,Grommet,MAT_Rubber_EPDM_Seal,rubber,,0.66,0.0,0.72,0.0,0.0,0.0,1.0,1.0,1.0,true,Ignition Bulkhead grommet
799,ALTIMA2000_ELEC_WireClip_Ignition_001,Electrical_Engine,EL,Wire_Engine,WireClip,MAT_Plastic_Black_Matte,plastic_blk_m,,1.330014,0.483836,0.868475,0.0,0.0,0.0,1.0,1.0,1.0,true,Ignition loom retainer clip
800,ALTIMA2000_ELEC_WireClip_Ignition_002,Electrical_Engine,EL,Wire_Engine,WireClip,MAT_Plastic_Black_Matte,plastic_blk_m,,1.290947,0.426518,0.848719,0.0,0.0,0.0,1.0,1.0,1.0,true,Ignition loom retainer clip
801,ALTIMA2000_ELEC_WireClip_Ignition_003,Electrical_Engine,EL,Wire_Engine,WireClip,MAT_Plastic_Black_Matte,plastic_blk_m,,0.956695,0.218188,0.772187,0.0,0.0,0.0,1.0,1.0,1.0,true,Ignition loom retainer clip
802,ALTIMA2000_ELEC_WireClip_Ignition_004,Electrical_Engine,EL,Wire_Engine,WireClip,MAT_Plastic_Black_Matte,plastic_blk_m,,0.613603,-0.05676,0.721918,0.0,0.0,0.0,1.0,1.0,1.0,true,Ignition loom retainer clip
803,ALTIMA2000_ELEC_WireConn_Ignition_001,Electrical_Engine,EL,Wire_Engine,WireConn,MAT_Connector_PA66,connector,,0.98,0.3,0.8,0.0,0.0,0.0,1.0,1.0,1.0,true,Ignition Coil connector shell
804,ALTIMA2000_ELEC_WireConn_Ignition_002,Electrical_Engine,EL,Wire_Engine,WireConn,MAT_Connector_PA66,connector,,0.52,-0.42,0.84,0.0,0.0,0.0,1.0,1.0,1.0,true,Ignition ECU connector shell
805,ALTIMA2000_ELEC_Wire_EngineSensors_001,Electrical_Engine,EL,Wire_Engine,Wire,MAT_Wire_Signal_Purple,wire_pur,,1.315496,0.174003,0.845,0.0,0.0,0.0,1.0,1.0,1.0,true,"EngineSensors harness, Signal circuit, segment 1/4"
806,ALTIMA2000_ELEC_Wire_EngineSensors_002,Electrical_Engine,EL,Wire_Engine,Wire,MAT_Wire_Signal_Purple,wire_pur,,0.9469,0.422931,0.727635,0.0,0.0,0.0,1.0,1.0,1.0,true,"EngineSensors harness, Signal circuit, segment 2/4"
807,ALTIMA2000_ELEC_Wire_EngineSensors_003,Electrical_Engine,EL,Wire_Engine,Wire,MAT_Wire_Signal_Purple,wire_pur,,1.045437,-0.181698,0.606539,0.0,0.0,0.0,1.0,1.0,1.0,true,"EngineSensors harness, Signal circuit, segment 3/4"
808,ALTIMA2000_ELEC_Wire_EngineSensors_004,Electrical_Engine,EL,Wire_Engine,Wire,MAT_Wire_Signal_Purple,wire_pur,,0.651648,-0.017993,0.727392,0.0,0.0,0.0,1.0,1.0,1.0,true,"EngineSensors harness, Signal circuit, segment 4/4"
809,ALTIMA2000_ELEC_Wire_EngineSensors_005,Electrical_Engine,EL,Wire_Engine,Wire,MAT_Wire_Signal_Grey,wire_gry,,1.32,0.18,0.845,0.0,0.0,0.0,1.0,1.0,1.0,true,"EngineSensors harness, Signal2 circuit, segment 1/4"
810,ALTIMA2000_ELEC_Wire_EngineSensors_006,Electrical_Engine,EL,Wire_Engine,Wire,MAT_Wire_Signal_Grey,wire_gry,,0.939429,0.423596,0.727635,0.0,0.0,0.0,1.0,1.0,1.0,true,"EngineSensors harness, Signal2 circuit, segment 2/4"
811,ALTIMA2000_ELEC_Wire_EngineSensors_007,Electrical_Engine,EL,Wire_Engine,Wire,MAT_Wire_Signal_Grey,wire_gry,,1.041211,-0.175502,0.606539,0.0,0.0,0.0,1.0,1.0,1.0,true,"EngineSensors harness, Signal2 circuit, segment 3/4"
812,ALTIMA2000_ELEC_Wire_EngineSensors_008,Electrical_Engine,EL,Wire_Engine,Wire,MAT_Wire_Signal_Grey,wire_gry,,0.64604,-0.013013,0.727392,0.0,0.0,0.0,1.0,1.0,1.0,true,"EngineSensors harness, Signal2 circuit, segment 4/4"
813,ALTIMA2000_ELEC_Wire_EngineSensors_009,Electrical_Engine,EL,Wire_Engine,Wire,MAT_Wire_Loom_Black,wire_blk,,1.324504,0.185997,0.845,0.0,0.0,0.0,1.0,1.0,1.0,true,"EngineSensors harness, Ground circuit, segment 1/4"
814,ALTIMA2000_ELEC_Wire_EngineSensors_010,Electrical_Engine,EL,Wire_Engine,Wire,MAT_Wire_Loom_Black,wire_blk,,0.931959,0.424262,0.727635,0.0,0.0,0.0,1.0,1.0,1.0,true,"EngineSensors harness, Ground circuit, segment 2/4"
815,ALTIMA2000_ELEC_Wire_EngineSensors_011,Electrical_Engine,EL,Wire_Engine,Wire,MAT_Wire_Loom_Black,wire_blk,,1.036984,-0.169306,0.606539,0.0,0.0,0.0,1.0,1.0,1.0,true,"EngineSensors harness, Ground circuit, segment 3/4"
816,ALTIMA2000_ELEC_Wire_EngineSensors_012,Electrical_Engine,EL,Wire_Engine,Wire,MAT_Wire_Loom_Black,wire_blk,,0.640432,-0.008033,0.727392,0.0,0.0,0.0,1.0,1.0,1.0,true,"EngineSensors harness, Ground circuit, segment 4/4"
817,ALTIMA2000_ELEC_Grommet_EngineSensors_001,Electrical_Engine,EL,Wire_Engine,Grommet,MAT_Rubber_EPDM_Seal,rubber,,0.66,0.0,0.72,0.0,0.0,0.0,1.0,1.0,1.0,true,EngineSensors Bulkhead grommet
818,ALTIMA2000_ELEC_WireClip_EngineSensors_001,Electrical_Engine,EL,Wire_Engine,WireClip,MAT_Plastic_Black_Matte,plastic_blk_m,,1.082047,0.372858,0.78316,0.0,0.0,0.0,1.0,1.0,1.0,true,EngineSensors loom retainer clip
819,ALTIMA2000_ELEC_WireClip_EngineSensors_002,Electrical_Engine,EL,Wire_Engine,WireClip,MAT_Plastic_Black_Matte,plastic_blk_m,,0.939851,0.339504,0.700109,0.0,0.0,0.0,1.0,1.0,1.0,true,EngineSensors loom retainer clip
820,ALTIMA2000_ELEC_WireClip_EngineSensors_003,Electrical_Engine,EL,Wire_Engine,WireClip,MAT_Plastic_Black_Matte,plastic_blk_m,,1.010985,0.041585,0.638585,0.0,0.0,0.0,1.0,1.0,1.0,true,EngineSensors loom retainer clip
821,ALTIMA2000_ELEC_WireClip_EngineSensors_004,Electrical_Engine,EL,Wire_Engine,WireClip,MAT_Plastic_Black_Matte,plastic_blk_m,,1.010883,-0.196189,0.608965,0.0,0.0,0.0,1.0,1.0,1.0,true,EngineSensors loom retainer clip
822,ALTIMA2000_ELEC_WireClip_EngineSensors_005,Electrical_Engine,EL,Wire_Engine,WireClip,MAT_Plastic_Black_Matte,plastic_blk_m,,0.759385,-0.032004,0.682061,0.0,0.0,0.0,1.0,1.0,1.0,true,EngineSensors loom retainer clip
823,ALTIMA2000_ELEC_WireClip_EngineSensors_006,Electrical_Engine,EL,Wire_Engine,WireClip,MAT_Plastic_Black_Matte,plastic_blk_m,,0.587822,-0.123807,0.767176,0.0,0.0,0.0,1.0,1.0,1.0,true,EngineSensors loom retainer clip
824,ALTIMA2000_ELEC_WireConn_EngineSensors_001,Electrical_Engine,EL,Wire_Engine,WireConn,MAT_Connector_PA66,connector,,1.32,0.18,0.845,0.0,0.0,0.0,1.0,1.0,1.0,true,EngineSensors MAF connector shell
825,ALTIMA2000_ELEC_WireConn_EngineSensors_002,Electrical_Engine,EL,Wire_Engine,WireConn,MAT_Connector_PA66,connector,,0.52,-0.42,0.84,0.0,0.0,0.0,1.0,1.0,1.0,true,EngineSensors ECU connector shell
826,ALTIMA2000_ELEC_Wire_Charging_001,Electrical_Engine,EL,Wire_Engine,Wire,MAT_Wire_Power_Red,wire_red,,0.892142,-0.231922,0.405,0.0,0.0,0.0,1.0,1.0,1.0,true,"Charging harness, Output circuit, segment 1/3"
827,ALTIMA2000_ELEC_Wire_Charging_002,Electrical_Engine,EL,Wire_Engine,Wire,MAT_Wire_Power_Red,wire_red,,1.506393,-0.548589,0.90086,0.0,0.0,0.0,1.0,1.0,1.0,true,"Charging harness, Output circuit, segment 2/3"
828,ALTIMA2000_ELEC_Wire_Charging_003,Electrical_Engine,EL,Wire_Engine,Wire,MAT_Wire_Power_Red,wire_red,,2.14208,0.509794,0.761714,0.0,0.0,0.0,1.0,1.0,1.0,true,"Charging harness, Output circuit, segment 3/3"
829,ALTIMA2000_ELEC_Wire_Charging_004,Electrical_Engine,EL,Wire_Engine,Wire,MAT_Wire_Signal_Yellow,wire_ylw,,0.887858,-0.238078,0.405,0.0,0.0,0.0,1.0,1.0,1.0,true,"Charging harness, Sense circuit, segment 1/3"
830,ALTIMA2000_ELEC_Wire_Charging_005,Electrical_Engine,EL,Wire_Engine,Wire,MAT_Wire_Signal_Yellow,wire_ylw,,1.511611,-0.553977,0.90086,0.0,0.0,0.0,1.0,1.0,1.0,true,"Charging harness, Sense circuit, segment 2/3"
831,ALTIMA2000_ELEC_Wire_Charging_006,Electrical_Engine,EL,Wire_Engine,Wire,MAT_Wire_Signal_Yellow,wire_ylw,,2.149579,0.509934,0.761714,0.0,0.0,0.0,1.0,1.0,1.0,true,"Charging harness, Sense circuit, segment 3/3"
832,ALTIMA2000_ELEC_WireClip_Charging_001,Electrical_Engine,EL,Wire_Engine,WireClip,MAT_Plastic_Black_Matte,plastic_blk_m,,1.169646,-0.46489,0.669783,0.0,0.0,0.0,1.0,1.0,1.0,true,Charging loom retainer clip
833,ALTIMA2000_ELEC_WireClip_Charging_002,Electrical_Engine,EL,Wire_Engine,WireClip,MAT_Plastic_Black_Matte,plastic_blk_m,,1.509002,-0.551283,0.90086,0.0,0.0,0.0,1.0,1.0,1.0,true,Charging loom retainer clip
834,ALTIMA2000_ELEC_WireClip_Charging_003,Electrical_Engine,EL,Wire_Engine,WireClip,MAT_Plastic_Black_Matte,plastic_blk_m,,1.783444,-0.200844,0.88535,0.0,0.0,0.0,1.0,1.0,1.0,true,Charging loom retainer clip
835,ALTIMA2000_ELEC_WireClip_Charging_004,Electrical_Engine,EL,Wire_Engine,WireClip,MAT_Plastic_Black_Matte,plastic_blk_m,,1.998303,0.187783,0.820113,0.0,0.0,0.0,1.0,1.0,1.0,true,Charging loom retainer clip
836,ALTIMA2000_ELEC_WireClip_Charging_005,Electrical_Engine,EL,Wire_Engine,WireClip,MAT_Plastic_Black_Matte,plastic_blk_m,,2.104694,0.533677,0.76058,0.0,0.0,0.0,1.0,1.0,1.0,true,Charging loom retainer clip
837,ALTIMA2000_ELEC_WireConn_Charging_001,Electrical_Engine,EL,Wire_Engine,WireConn,MAT_Connector_PA66,connector,,0.89,-0.235,0.405,0.0,0.0,0.0,1.0,1.0,1.0,true,Charging Alternator connector shell
838,ALTIMA2000_ELEC_WireConn_Charging_002,Electrical_Engine,EL,Wire_Engine,WireConn,MAT_Connector_PA66,connector,,1.76,0.25,0.805,0.0,0.0,0.0,1.0,1.0,1.0,true,Charging Battery connector shell
839,ALTIMA2000_ELEC_Wire_Starting_001,Electrical_Engine,EL,Wire_Engine,Wire,MAT_Wire_Power_Red,wire_red,,1.763191,0.25197,0.805,0.0,0.0,0.0,1.0,1.0,1.0,true,"Starting harness, Feed circuit, segment 1/2"
840,ALTIMA2000_ELEC_Wire_Starting_002,Electrical_Engine,EL,Wire_Engine,Wire,MAT_Wire_Power_Red,wire_red,,2.157538,-0.513006,0.763789,0.0,0.0,0.0,1.0,1.0,1.0,true,"Starting harness, Feed circuit, segment 2/2"
841,ALTIMA2000_ELEC_Wire_Starting_003,Electrical_Engine,EL,Wire_Engine,Wire,MAT_Wire_Signal_Green,wire_grn,,1.756809,0.24803,0.805,0.0,0.0,0.0,1.0,1.0,1.0,true,"Starting harness, Signal circuit, segment 1/2"
842,ALTIMA2000_ELEC_Wire_Starting_004,Electrical_Engine,EL,Wire_Engine,Wire,MAT_Wire_Signal_Green,wire_grn,,2.154679,-0.506072,0.763789,0.0,0.0,0.0,1.0,1.0,1.0,true,"Starting harness, Signal circuit, segment 2/2"
843,ALTIMA2000_ELEC_WireClip_Starting_001,Electrical_Engine,EL,Wire_Engine,WireClip,MAT_Plastic_Black_Matte,plastic_blk_m,,2.041139,-0.157257,0.802053,0.0,0.0,0.0,1.0,1.0,1.0,true,Starting loom retainer clip
844,ALTIMA2000_ELEC_WireClip_Starting_002,Electrical_Engine,EL,Wire_Engine,WireClip,MAT_Plastic_Black_Matte,plastic_blk_m,,2.076869,-0.531157,0.737403,0.0,0.0,0.0,1.0,1.0,1.0,true,Starting loom retainer clip
845,ALTIMA2000_ELEC_WireClip_Starting_003,Electrical_Engine,EL,Wire_Engine,WireClip,MAT_Plastic_Black_Matte,plastic_blk_m,,1.645299,-0.491146,0.625173,0.0,0.0,0.0,1.0,1.0,1.0,true,Starting loom retainer clip
846,ALTIMA2000_ELEC_WireClip_Starting_004,Electrical_Engine,EL,Wire_Engine,WireClip,MAT_Plastic_Black_Matte,plastic_blk_m,,1.17299,-0.393167,0.513162,0.0,0.0,0.0,1.0,1.0,1.0,true,Starting loom retainer clip
847,ALTIMA2000_ELEC_WireConn_Starting_001,Electrical_Engine,EL,Wire_Engine,WireConn,MAT_Connector_PA66,connector,,1.76,0.25,0.805,0.0,0.0,0.0,1.0,1.0,1.0,true,Starting Battery connector shell
848,ALTIMA2000_ELEC_WireConn_Starting_002,Electrical_Engine,EL,Wire_Engine,WireConn,MAT_Connector_PA66,connector,,0.7,-0.3,0.4,0.0,0.0,0.0,1.0,1.0,1.0,true,Starting Starter connector shell
849,ALTIMA2000_ELEC_Wire_EngineGround_001,Electrical_Engine,EL,Wire_Engine,Wire,MAT_Wire_Loom_Black,wire_blk,,1.76,0.47,0.805,0.0,0.0,0.0,1.0,1.0,1.0,true,"EngineGround harness, Ground circuit, segment 1/3"
850,ALTIMA2000_ELEC_Wire_EngineGround_002,Electrical_Engine,EL,Wire_Engine,Wire,MAT_Wire_Loom_Black,wire_blk,,1.501546,-0.557539,0.900309,0.0,0.0,0.0,1.0,1.0,1.0,true,"EngineGround harness, Ground circuit, segment 2/3"
851,ALTIMA2000_ELEC_Wire_EngineGround_003,Electrical_Engine,EL,Wire_Engine,Wire,MAT_Wire_Loom_Black,wire_blk,,1.032373,-0.151076,0.530924,0.0,0.0,0.0,1.0,1.0,1.0,true,"EngineGround harness, Ground circuit, segment 3/3"
852,ALTIMA2000_ELEC_WireClip_EngineGround_001,Electrical_Engine,EL,Wire_Engine,WireClip,MAT_Plastic_Black_Matte,plastic_blk_m,,1.650242,-0.095966,0.876377,0.0,0.0,0.0,1.0,1.0,1.0,true,EngineGround loom retainer clip
853,ALTIMA2000_ELEC_WireClip_EngineGround_002,Electrical_Engine,EL,Wire_Engine,WireClip,MAT_Plastic_Black_Matte,plastic_blk_m,,1.432525,-0.560031,0.851695,0.0,0.0,0.0,1.0,1.0,1.0,true,EngineGround loom retainer clip
854,ALTIMA2000_ELEC_WireClip_EngineGround_003,Electrical_Engine,EL,Wire_Engine,WireClip,MAT_Plastic_Black_Matte,plastic_blk_m,,1.070735,-0.168477,0.545859,0.0,0.0,0.0,1.0,1.0,1.0,true,EngineGround loom retainer clip
855,ALTIMA2000_ELEC_WireClip_EngineGround_004,Electrical_Engine,EL,Wire_Engine,WireClip,MAT_Plastic_Black_Matte,plastic_blk_m,,0.501621,-0.18895,0.507714,0.0,0.0,0.0,1.0,1.0,1.0,true,EngineGround loom retainer clip
856,ALTIMA2000_ELEC_WireConn_EngineGround_001,Electrical_Engine,EL,Wire_Engine,WireConn,MAT_Connector_PA66,connector,,1.76,0.47,0.805,0.0,0.0,0.0,1.0,1.0,1.0,true,EngineGround Battery connector shell
857,ALTIMA2000_ELEC_WireConn_EngineGround_002,Electrical_Engine,EL,Wire_Engine,WireConn,MAT_Connector_PA66,connector,,-0.07,-0.29,0.53,0.0,0.0,0.0,1.0,1.0,1.0,true,EngineGround Body connector shell
858,ALTIMA2000_ELEC_Wire_Cooling_001,Electrical_Engine,EL,Wire_Engine,Wire,MAT_Wire_Power_Red,wire_red,,1.486284,0.000502,0.7,0.0,0.0,0.0,1.0,1.0,1.0,true,"Cooling harness, Power circuit, segment 1/3"
859,ALTIMA2000_ELEC_Wire_Cooling_002,Electrical_Engine,EL,Wire_Engine,Wire,MAT_Wire_Power_Red,wire_red,,1.536039,0.395186,0.758819,0.0,0.0,0.0,1.0,1.0,1.0,true,"Cooling harness, Power circuit, segment 2/3"
860,ALTIMA2000_ELEC_Wire_Cooling_003,Electrical_Engine,EL,Wire_Engine,Wire,MAT_Wire_Power_Red,wire_red,,1.519192,0.558582,0.90128,0.0,0.0,0.0,1.0,1.0,1.0,true,"Cooling harness, Power circuit, segment 3/3"
861,ALTIMA2000_ELEC_Wire_Cooling_004,Electrical_Engine,EL,Wire_Engine,Wire,MAT_Wire_Loom_Black,wire_blk,,1.493716,-0.000502,0.7,0.0,0.0,0.0,1.0,1.0,1.0,true,"Cooling harness, Ground circuit, segment 1/3"
862,ALTIMA2000_ELEC_Wire_Cooling_005,Electrical_Engine,EL,Wire_Engine,Wire,MAT_Wire_Loom_Black,wire_blk,,1.543457,0.396293,0.758819,0.0,0.0,0.0,1.0,1.0,1.0,true,"Cooling harness, Ground circuit, segment 2/3"
863,ALTIMA2000_ELEC_Wire_Cooling_006,Electrical_Engine,EL,Wire_Engine,Wire,MAT_Wire_Loom_Black,wire_blk,,1.517039,0.551398,0.90128,0.0,0.0,0.0,1.0,1.0,1.0,true,"Cooling harness, Ground circuit, segment 3/3"
864,ALTIMA2000_ELEC_WireClip_Cooling_001,Electrical_Engine,EL,Wire_Engine,WireClip,MAT_Plastic_Black_Matte,plastic_blk_m,,1.515006,0.176512,0.720789,0.0,0.0,0.0,1.0,1.0,1.0,true,Cooling loom retainer clip
865,ALTIMA2000_ELEC_WireClip_Cooling_002,Electrical_Engine,EL,Wire_Engine,WireClip,MAT_Plastic_Black_Matte,plastic_blk_m,,1.539748,0.39574,0.758819,0.0,0.0,0.0,1.0,1.0,1.0,true,Cooling loom retainer clip
866,ALTIMA2000_ELEC_WireClip_Cooling_003,Electrical_Engine,EL,Wire_Engine,WireClip,MAT_Plastic_Black_Matte,plastic_blk_m,,1.477486,0.558224,0.887048,0.0,0.0,0.0,1.0,1.0,1.0,true,Cooling loom retainer clip
867,ALTIMA2000_ELEC_WireClip_Cooling_004,Electrical_Engine,EL,Wire_Engine,WireClip,MAT_Plastic_Black_Matte,plastic_blk_m,,1.643855,0.508125,0.898575,0.0,0.0,0.0,1.0,1.0,1.0,true,Cooling loom retainer clip
868,ALTIMA2000_ELEC_WireClip_Cooling_005,Electrical_Engine,EL,Wire_Engine,WireClip,MAT_Plastic_Black_Matte,plastic_blk_m,,1.806158,0.43343,0.881462,0.0,0.0,0.0,1.0,1.0,1.0,true,Cooling loom retainer clip
869,ALTIMA2000_ELEC_WireConn_Cooling_001,Electrical_Engine,EL,Wire_Engine,WireConn,MAT_Connector_PA66,connector,,1.49,0.0,0.7,0.0,0.0,0.0,1.0,1.0,1.0,true,Cooling Fan connector shell
870,ALTIMA2000_ELEC_WireConn_Cooling_002,Electrical_Engine,EL,Wire_Engine,WireConn,MAT_Connector_PA66,connector,,2.009,0.34,0.86,0.0,0.0,0.0,1.0,1.0,1.0,true,Cooling FuseBox connector shell
871,ALTIMA2000_ELEC_Wire_Horn_001,Electrical_Engine,EL,Wire_Engine,Wire,MAT_Wire_Power_Red,wire_red,,2.32433,0.330772,0.74,0.0,0.0,0.0,1.0,1.0,1.0,true,"Horn harness, Power circuit, segment 1/3"
872,ALTIMA2000_ELEC_Wire_Horn_002,Electrical_Engine,EL,Wire_Engine,Wire,MAT_Wire_Power_Red,wire_red,,2.33481,0.412481,0.738916,0.0,0.0,0.0,1.0,1.0,1.0,true,"Horn harness, Power circuit, segment 2/3"
873,ALTIMA2000_ELEC_Wire_Horn_003,Electrical_Engine,EL,Wire_Engine,Wire,MAT_Wire_Power_Red,wire_red,,2.159419,0.516808,0.757837,0.0,0.0,0.0,1.0,1.0,1.0,true,"Horn harness, Power circuit, segment 3/3"
874,ALTIMA2000_ELEC_Wire_Horn_004,Electrical_Engine,EL,Wire_Engine,Wire,MAT_Wire_Loom_Black,wire_blk,,2.33167,0.329228,0.74,0.0,0.0,0.0,1.0,1.0,1.0,true,"Horn harness, Ground circuit, segment 1/3"
875,ALTIMA2000_ELEC_Wire_Horn_005,Electrical_Engine,EL,Wire_Engine,Wire,MAT_Wire_Loom_Black,wire_blk,,2.340483,0.417387,0.738916,0.0,0.0,0.0,1.0,1.0,1.0,true,"Horn harness, Ground circuit, segment 2/3"
876,ALTIMA2000_ELEC_Wire_Horn_006,Electrical_Engine,EL,Wire_Engine,Wire,MAT_Wire_Loom_Black,wire_blk,,2.156202,0.523583,0.757837,0.0,0.0,0.0,1.0,1.0,1.0,true,"Horn harness, Ground circuit, segment 3/3"
877,ALTIMA2000_ELEC_WireClip_Horn_001,Electrical_Engine,EL,Wire_Engine,WireClip,MAT_Plastic_Black_Matte,plastic_blk_m,,2.309486,0.447494,0.741169,0.0,0.0,0.0,1.0,1.0,1.0,true,Horn loom retainer clip
878,ALTIMA2000_ELEC_WireClip_Horn_002,Electrical_Engine,EL,Wire_Engine,WireClip,MAT_Plastic_Black_Matte,plastic_blk_m,,2.199271,0.514665,0.748795,0.0,0.0,0.0,1.0,1.0,1.0,true,Horn loom retainer clip
879,ALTIMA2000_ELEC_WireClip_Horn_003,Electrical_Engine,EL,Wire_Engine,WireClip,MAT_Plastic_Black_Matte,plastic_blk_m,,2.07337,0.440635,0.808165,0.0,0.0,0.0,1.0,1.0,1.0,true,Horn loom retainer clip
880,ALTIMA2000_ELEC_WireConn_Horn_001,Electrical_Engine,EL,Wire_Engine,WireConn,MAT_Connector_PA66,connector,,2.328,0.33,0.74,0.0,0.0,0.0,1.0,1.0,1.0,true,Horn Horn connector shell
881,ALTIMA2000_ELEC_WireConn_Horn_002,Electrical_Engine,EL,Wire_Engine,WireConn,MAT_Connector_PA66,connector,,2.009,0.34,0.86,0.0,0.0,0.0,1.0,1.0,1.0,true,Horn FuseBox connector shell
882,ALTIMA2000_ELEC_Wire_WiperWasher_001,Electrical_Engine,EL,Wire_Engine,Wire,MAT_Wire_Power_Red,wire_red,,0.5525,-0.179919,0.86,0.0,0.0,0.0,1.0,1.0,1.0,true,"WiperWasher harness, Power circuit, segment 1/4"
883,ALTIMA2000_ELEC_Wire_WiperWasher_002,Electrical_Engine,EL,Wire_Engine,Wire,MAT_Wire_Power_Red,wire_red,,0.68106,0.004422,0.717742,0.0,0.0,0.0,1.0,1.0,1.0,true,"WiperWasher harness, Power circuit, segment 2/4"
884,ALTIMA2000_ELEC_Wire_WiperWasher_003,Electrical_Engine,EL,Wire_Engine,Wire,MAT_Wire_Power_Red,wire_red,,2.122272,-0.325536,0.630363,0.0,0.0,0.0,1.0,1.0,1.0,true,"WiperWasher harness, Power circuit, segment 3/4"
885,ALTIMA2000_ELEC_Wire_WiperWasher_004,Electrical_Engine,EL,Wire_Engine,Wire,MAT_Wire_Power_Red,wire_red,,2.152184,-0.536152,0.749974,0.0,0.0,0.0,1.0,1.0,1.0,true,"WiperWasher harness, Power circuit, segment 4/4"
886,ALTIMA2000_ELEC_Wire_WiperWasher_005,Electrical_Engine,EL,Wire_Engine,Wire,MAT_Wire_Signal_Green,wire_grn,,0.56,-0.18,0.86,0.0,0.0,0.0,1.0,1.0,1.0,true,"WiperWasher harness, Signal circuit, segment 1/4"
887,ALTIMA2000_ELEC_Wire_WiperWasher_006,Electrical_Engine,EL,Wire_Engine,Wire,MAT_Wire_Signal_Green,wire_grn,,0.679947,-0.002995,0.717742,0.0,0.0,0.0,1.0,1.0,1.0,true,"WiperWasher harness, Signal circuit, segment 2/4"
888,ALTIMA2000_ELEC_Wire_WiperWasher_007,Electrical_Engine,EL,Wire_Engine,Wire,MAT_Wire_Signal_Green,wire_grn,,2.118526,-0.332033,0.630363,0.0,0.0,0.0,1.0,1.0,1.0,true,"WiperWasher harness, Signal circuit, segment 3/4"
889,ALTIMA2000_ELEC_Wire_WiperWasher_008,Electrical_Engine,EL,Wire_Engine,Wire,MAT_Wire_Signal_Green,wire_grn,,2.159272,-0.533702,0.749974,0.0,0.0,0.0,1.0,1.0,1.0,true,"WiperWasher harness, Signal circuit, segment 4/4"
890,ALTIMA2000_ELEC_Wire_WiperWasher_009,Electrical_Engine,EL,Wire_Engine,Wire,MAT_Wire_Loom_Black,wire_blk,,0.5675,-0.180081,0.86,0.0,0.0,0.0,1.0,1.0,1.0,true,"WiperWasher harness, Ground circuit, segment 1/4"
891,ALTIMA2000_ELEC_Wire_WiperWasher_010,Electrical_Engine,EL,Wire_Engine,Wire,MAT_Wire_Loom_Black,wire_blk,,0.678833,-0.010412,0.717742,0.0,0.0,0.0,1.0,1.0,1.0,true,"WiperWasher harness, Ground circuit, segment 2/4"
892,ALTIMA2000_ELEC_Wire_WiperWasher_011,Electrical_Engine,EL,Wire_Engine,Wire,MAT_Wire_Loom_Black,wire_blk,,2.114779,-0.33853,0.630363,0.0,0.0,0.0,1.0,1.0,1.0,true,"WiperWasher harness, Ground circuit, segment 3/4"
893,ALTIMA2000_ELEC_Wire_WiperWasher_012,Electrical_Engine,EL,Wire_Engine,Wire,MAT_Wire_Loom_Black,wire_blk,,2.166361,-0.531252,0.749974,0.0,0.0,0.0,1.0,1.0,1.0,true,"WiperWasher harness, Ground circuit, segment 4/4"
894,ALTIMA2000_ELEC_Grommet_WiperWasher_001,Electrical_Engine,EL,Wire_Engine,Grommet,MAT_Rubber_EPDM_Seal,rubber,,0.66,0.0,0.72,0.0,0.0,0.0,1.0,1.0,1.0,true,WiperWasher Bulkhead grommet
895,ALTIMA2000_ELEC_WireClip_WiperWasher_001,Electrical_Engine,EL,Wire_Engine,WireClip,MAT_Plastic_Black_Matte,plastic_blk_m,,0.943949,-0.047373,0.690933,0.0,0.0,0.0,1.0,1.0,1.0,true,WiperWasher loom retainer clip
896,ALTIMA2000_ELEC_WireClip_WiperWasher_002,Electrical_Engine,EL,Wire_Engine,WireClip,MAT_Plastic_Black_Matte,plastic_blk_m,,1.556046,-0.180892,0.649003,0.0,0.0,0.0,1.0,1.0,1.0,true,WiperWasher loom retainer clip
897,ALTIMA2000_ELEC_WireClip_WiperWasher_003,Electrical_Engine,EL,Wire_Engine,WireClip,MAT_Plastic_Black_Matte,plastic_blk_m,,2.118526,-0.332033,0.630363,0.0,0.0,0.0,1.0,1.0,1.0,true,WiperWasher loom retainer clip
898,ALTIMA2000_ELEC_WireClip_WiperWasher_004,Electrical_Engine,EL,Wire_Engine,WireClip,MAT_Plastic_Black_Matte,plastic_blk_m,,2.110393,-0.276743,0.799163,0.0,0.0,0.0,1.0,1.0,1.0,true,WiperWasher loom retainer clip
899,ALTIMA2000_ELEC_WireConn_WiperWasher_001,Electrical_Engine,EL,Wire_Engine,WireConn,MAT_Connector_PA66,connector,,0.56,-0.18,0.86,0.0,0.0,0.0,1.0,1.0,1.0,true,WiperWasher Wiper connector shell
900,ALTIMA2000_ELEC_WireConn_WiperWasher_002,Electrical_Engine,EL,Wire_Engine,WireConn,MAT_Connector_PA66,connector,,2.009,0.34,0.86,0.0,0.0,0.0,1.0,1.0,1.0,true,WiperWasher FuseBox connector shell
901,ALTIMA2000_ELEC_Wire_ABS_001,Electrical_Chassis,EL,Wire_Chassis,Wire,MAT_Wire_Power_Red,wire_red,,1.965783,0.234445,0.88,0.0,0.0,0.0,1.0,1.0,1.0,true,"ABS harness, Power circuit, segment 1/5"
902,ALTIMA2000_ELEC_Wire_ABS_002,Electrical_Chassis,EL,Wire_Chassis,Wire,MAT_Wire_Power_Red,wire_red,,1.50262,-0.580095,0.887887,0.0,0.0,0.0,1.0,1.0,1.0,true,"ABS harness, Power circuit, segment 2/5"
903,ALTIMA2000_ELEC_Wire_ABS_003,Electrical_Chassis,EL,Wire_Chassis,Wire,MAT_Wire_Power_Red,wire_red,,1.368789,-0.718021,0.338986,0.0,0.0,0.0,1.0,1.0,1.0,true,"ABS harness, Power circuit, segment 3/5"
904,ALTIMA2000_ELEC_Wire_ABS_004,Electrical_Chassis,EL,Wire_Chassis,Wire,MAT_Wire_Power_Red,wire_red,,1.384202,0.700154,0.337286,0.0,0.0,0.0,1.0,1.0,1.0,true,"ABS harness, Power circuit, segment 4/5"
905,ALTIMA2000_ELEC_Wire_ABS_005,Electrical_Chassis,EL,Wire_Chassis,Wire,MAT_Wire_Power_Red,wire_red,,0.680085,-0.289603,0.694059,0.0,0.0,0.0,1.0,1.0,1.0,true,"ABS harness, Power circuit, segment 5/5"
906,ALTIMA2000_ELEC_Wire_ABS_006,Electrical_Chassis,EL,Wire_Chassis,Wire,MAT_Wire_Signal_Purple,wire_pur,,1.959261,0.238148,0.88,0.0,0.0,0.0,1.0,1.0,1.0,true,"ABS harness, Signal circuit, segment 1/5"
907,ALTIMA2000_ELEC_Wire_ABS_007,Electrical_Chassis,EL,Wire_Chassis,Wire,MAT_Wire_Signal_Purple,wire_pur,,1.495896,-0.576773,0.887887,0.0,0.0,0.0,1.0,1.0,1.0,true,"ABS harness, Signal circuit, segment 2/5"
908,ALTIMA2000_ELEC_Wire_ABS_008,Electrical_Chassis,EL,Wire_Chassis,Wire,MAT_Wire_Signal_Purple,wire_pur,,1.376289,-0.71808,0.338986,0.0,0.0,0.0,1.0,1.0,1.0,true,"ABS harness, Signal circuit, segment 3/5"
909,ALTIMA2000_ELEC_Wire_ABS_009,Electrical_Chassis,EL,Wire_Chassis,Wire,MAT_Wire_Signal_Purple,wire_pur,,1.384068,0.707653,0.337286,0.0,0.0,0.0,1.0,1.0,1.0,true,"ABS harness, Signal circuit, segment 4/5"
910,ALTIMA2000_ELEC_Wire_ABS_010,Electrical_Chassis,EL,Wire_Chassis,Wire,MAT_Wire_Signal_Purple,wire_pur,,0.673992,-0.285229,0.694059,0.0,0.0,0.0,1.0,1.0,1.0,true,"ABS harness, Signal circuit, segment 5/5"
911,ALTIMA2000_ELEC_Wire_ABS_011,Electrical_Chassis,EL,Wire_Chassis,Wire,MAT_Wire_Signal_Grey,wire_gry,,1.952739,0.241852,0.88,0.0,0.0,0.0,1.0,1.0,1.0,true,"ABS harness, Signal2 circuit, segment 1/5"
912,ALTIMA2000_ELEC_Wire_ABS_012,Electrical_Chassis,EL,Wire_Chassis,Wire,MAT_Wire_Signal_Grey,wire_gry,,1.489172,-0.573451,0.887887,0.0,0.0,0.0,1.0,1.0,1.0,true,"ABS harness, Signal2 circuit, segment 2/5"
913,ALTIMA2000_ELEC_Wire_ABS_013,Electrical_Chassis,EL,Wire_Chassis,Wire,MAT_Wire_Signal_Grey,wire_gry,,1.383788,-0.718139,0.338986,0.0,0.0,0.0,1.0,1.0,1.0,true,"ABS harness, Signal2 circuit, segment 3/5"
914,ALTIMA2000_ELEC_Wire_ABS_014,Electrical_Chassis,EL,Wire_Chassis,Wire,MAT_Wire_Signal_Grey,wire_gry,,1.383934,0.715152,0.337286,0.0,0.0,0.0,1.0,1.0,1.0,true,"ABS harness, Signal2 circuit, segment 4/5"
915,ALTIMA2000_ELEC_Wire_ABS_015,Electrical_Chassis,EL,Wire_Chassis,Wire,MAT_Wire_Signal_Grey,wire_gry,,0.6679,-0.280855,0.694059,0.0,0.0,0.0,1.0,1.0,1.0,true,"ABS harness, Signal2 circuit, segment 5/5"
916,ALTIMA2000_ELEC_Wire_ABS_016,Electrical_Chassis,EL,Wire_Chassis,Wire,MAT_Wire_Loom_Black,wire_blk,,1.946217,0.245555,0.88,0.0,0.0,0.0,1.0,1.0,1.0,true,"ABS harness, Ground circuit, segment 1/5"
917,ALTIMA2000_ELEC_Wire_ABS_017,Electrical_Chassis,EL,Wire_Chassis,Wire,MAT_Wire_Loom_Black,wire_blk,,1.482448,-0.570129,0.887887,0.0,0.0,0.0,1.0,1.0,1.0,true,"ABS harness, Ground circuit, segment 2/5"
918,ALTIMA2000_ELEC_Wire_ABS_018,Electrical_Chassis,EL,Wire_Chassis,Wire,MAT_Wire_Loom_Black,wire_blk,,1.391288,-0.718198,0.338986,0.0,0.0,0.0,1.0,1.0,1.0,true,"ABS harness, Ground circuit, segment 3/5"
919,ALTIMA2000_ELEC_Wire_ABS_019,Electrical_Chassis,EL,Wire_Chassis,Wire,MAT_Wire_Loom_Black,wire_blk,,1.383801,0.722651,0.337286,0.0,0.0,0.0,1.0,1.0,1.0,true,"ABS harness, Ground circuit, segment 4/5"
920,ALTIMA2000_ELEC_Wire_ABS_020,Electrical_Chassis,EL,Wire_Chassis,Wire,MAT_Wire_Loom_Black,wire_blk,,0.661807,-0.276482,0.694059,0.0,0.0,0.0,1.0,1.0,1.0,true,"ABS harness, Ground circuit, segment 5/5"
921,ALTIMA2000_ELEC_Grommet_ABS_001,Electrical_Chassis,EL,Wire_Chassis,Grommet,MAT_Rubber_EPDM_Seal,rubber,,0.66,-0.3,0.7,0.0,0.0,0.0,1.0,1.0,1.0,true,ABS Bulkhead grommet
922,ALTIMA2000_ELEC_WireClip_ABS_001,Electrical_Chassis,EL,Wire_Chassis,WireClip,MAT_Plastic_Black_Matte,plastic_blk_m,,1.712338,-0.190371,0.925107,0.0,0.0,0.0,1.0,1.0,1.0,true,ABS loom retainer clip
923,ALTIMA2000_ELEC_WireClip_ABS_002,Electrical_Chassis,EL,Wire_Chassis,WireClip,MAT_Plastic_Black_Matte,plastic_blk_m,,1.46005,-0.640864,0.835183,0.0,0.0,0.0,1.0,1.0,1.0,true,ABS loom retainer clip
924,ALTIMA2000_ELEC_WireClip_ABS_003,Electrical_Chassis,EL,Wire_Chassis,WireClip,MAT_Plastic_Black_Matte,plastic_blk_m,,1.387807,-0.785445,0.397607,0.0,0.0,0.0,1.0,1.0,1.0,true,ABS loom retainer clip
925,ALTIMA2000_ELEC_WireClip_ABS_004,Electrical_Chassis,EL,Wire_Chassis,WireClip,MAT_Plastic_Black_Matte,plastic_blk_m,,1.397628,-0.271273,0.285351,0.0,0.0,0.0,1.0,1.0,1.0,true,ABS loom retainer clip
926,ALTIMA2000_ELEC_WireClip_ABS_005,Electrical_Chassis,EL,Wire_Chassis,WireClip,MAT_Plastic_Black_Matte,plastic_blk_m,,1.423766,0.224612,0.288053,0.0,0.0,0.0,1.0,1.0,1.0,true,ABS loom retainer clip
927,ALTIMA2000_ELEC_WireClip_ABS_006,Electrical_Chassis,EL,Wire_Chassis,WireClip,MAT_Plastic_Black_Matte,plastic_blk_m,,1.35285,0.710847,0.353316,0.0,0.0,0.0,1.0,1.0,1.0,true,ABS loom retainer clip
928,ALTIMA2000_ELEC_WireClip_ABS_007,Electrical_Chassis,EL,Wire_Chassis,WireClip,MAT_Plastic_Black_Matte,plastic_blk_m,,1.055804,0.351357,0.49806,0.0,0.0,0.0,1.0,1.0,1.0,true,ABS loom retainer clip
929,ALTIMA2000_ELEC_WireClip_ABS_008,Electrical_Chassis,EL,Wire_Chassis,WireClip,MAT_Plastic_Black_Matte,plastic_blk_m,,0.786558,-0.09925,0.63239,0.0,0.0,0.0,1.0,1.0,1.0,true,ABS loom retainer clip
930,ALTIMA2000_ELEC_WireConn_ABS_001,Electrical_Chassis,EL,Wire_Chassis,WireConn,MAT_Connector_PA66,connector,,1.956,0.24,0.88,0.0,0.0,0.0,1.0,1.0,1.0,true,ABS Module connector shell
931,ALTIMA2000_ELEC_WireConn_ABS_002,Electrical_Chassis,EL,Wire_Chassis,WireConn,MAT_Connector_PA66,connector,,0.52,-0.42,0.84,0.0,0.0,0.0,1.0,1.0,1.0,true,ABS ECU connector shell
932,ALTIMA2000_ELEC_Wire_Headlamp_001,Electrical_Lighting,EL,Wire_Lighting,Wire,MAT_Wire_Signal_White,wire_wht,,2.002519,0.343775,0.86,0.0,0.0,0.0,1.0,1.0,1.0,true,"Headlamp harness, LowBeam circuit, segment 1/4"
933,ALTIMA2000_ELEC_Wire_Headlamp_002,Electrical_Lighting,EL,Wire_Lighting,Wire,MAT_Wire_Signal_White,wire_wht,,2.156667,0.530979,0.759872,0.0,0.0,0.0,1.0,1.0,1.0,true,"Headlamp harness, LowBeam circuit, segment 2/4"
934,ALTIMA2000_ELEC_Wire_Headlamp_003,Electrical_Lighting,EL,Wire_Lighting,Wire,MAT_Wire_Signal_White,wire_wht,,2.698298,0.578098,0.800079,0.0,0.0,0.0,1.0,1.0,1.0,true,"Headlamp harness, LowBeam circuit, segment 3/4"
935,ALTIMA2000_ELEC_Wire_Headlamp_004,Electrical_Lighting,EL,Wire_Lighting,Wire,MAT_Wire_Signal_White,wire_wht,,2.693155,-0.587521,0.799835,0.0,0.0,0.0,1.0,1.0,1.0,true,"Headlamp harness, LowBeam circuit, segment 4/4"
936,ALTIMA2000_ELEC_Wire_Headlamp_005,Electrical_Lighting,EL,Wire_Lighting,Wire,MAT_Wire_Signal_Blue,wire_blu,,2.009,0.34,0.86,0.0,0.0,0.0,1.0,1.0,1.0,true,"Headlamp harness, HighBeam circuit, segment 1/4"
937,ALTIMA2000_ELEC_Wire_Headlamp_006,Electrical_Lighting,EL,Wire_Lighting,Wire,MAT_Wire_Signal_Blue,wire_blu,,2.159599,0.524076,0.759872,0.0,0.0,0.0,1.0,1.0,1.0,true,"Headlamp harness, HighBeam circuit, segment 2/4"
938,ALTIMA2000_ELEC_Wire_Headlamp_007,Electrical_Lighting,EL,Wire_Lighting,Wire,MAT_Wire_Signal_Blue,wire_blu,,2.691064,0.576115,0.800079,0.0,0.0,0.0,1.0,1.0,1.0,true,"Headlamp harness, HighBeam circuit, segment 3/4"
939,ALTIMA2000_ELEC_Wire_Headlamp_008,Electrical_Lighting,EL,Wire_Lighting,Wire,MAT_Wire_Signal_Blue,wire_blu,,2.68777,-0.5823,0.799835,0.0,0.0,0.0,1.0,1.0,1.0,true,"Headlamp harness, HighBeam circuit, segment 4/4"
940,ALTIMA2000_ELEC_Wire_Headlamp_009,Electrical_Lighting,EL,Wire_Lighting,Wire,MAT_Wire_Signal_Brown,wire_brn,,2.015481,0.336225,0.86,0.0,0.0,0.0,1.0,1.0,1.0,true,"Headlamp harness, Ground circuit, segment 1/4"
941,ALTIMA2000_ELEC_Wire_Headlamp_010,Electrical_Lighting,EL,Wire_Lighting,Wire,MAT_Wire_Signal_Brown,wire_brn,,2.16253,0.517172,0.759872,0.0,0.0,0.0,1.0,1.0,1.0,true,"Headlamp harness, Ground circuit, segment 2/4"
942,ALTIMA2000_ELEC_Wire_Headlamp_011,Electrical_Lighting,EL,Wire_Lighting,Wire,MAT_Wire_Signal_Brown,wire_brn,,2.683831,0.574133,0.800079,0.0,0.0,0.0,1.0,1.0,1.0,true,"Headlamp harness, Ground circuit, segment 3/4"
943,ALTIMA2000_ELEC_Wire_Headlamp_012,Electrical_Lighting,EL,Wire_Lighting,Wire,MAT_Wire_Signal_Brown,wire_brn,,2.682385,-0.57708,0.799835,0.0,0.0,0.0,1.0,1.0,1.0,true,"Headlamp harness, Ground circuit, segment 4/4"
944,ALTIMA2000_ELEC_WireClip_Headlamp_001,Electrical_Lighting,EL,Wire_Lighting,WireClip,MAT_Plastic_Black_Matte,plastic_blk_m,,2.242431,0.559585,0.760101,0.0,0.0,0.0,1.0,1.0,1.0,true,Headlamp loom retainer clip
945,ALTIMA2000_ELEC_WireClip_Headlamp_002,Electrical_Lighting,EL,Wire_Lighting,WireClip,MAT_Plastic_Black_Matte,plastic_blk_m,,2.628572,0.640093,0.794211,0.0,0.0,0.0,1.0,1.0,1.0,true,Headlamp loom retainer clip
946,ALTIMA2000_ELEC_WireClip_Headlamp_003,Electrical_Lighting,EL,Wire_Lighting,WireClip,MAT_Plastic_Black_Matte,plastic_blk_m,,2.74199,0.311371,0.803851,0.0,0.0,0.0,1.0,1.0,1.0,true,Headlamp loom retainer clip
947,ALTIMA2000_ELEC_WireClip_Headlamp_004,Electrical_Lighting,EL,Wire_Lighting,WireClip,MAT_Plastic_Black_Matte,plastic_blk_m,,2.75597,-0.048672,0.804887,0.0,0.0,0.0,1.0,1.0,1.0,true,Headlamp loom retainer clip
948,ALTIMA2000_ELEC_WireClip_Headlamp_005,Electrical_Lighting,EL,Wire_Lighting,WireClip,MAT_Plastic_Black_Matte,plastic_blk_m,,2.731345,-0.408178,0.803063,0.0,0.0,0.0,1.0,1.0,1.0,true,Headlamp loom retainer clip
949,ALTIMA2000_ELEC_WireClip_Headlamp_006,Electrical_Lighting,EL,Wire_Lighting,WireClip,MAT_Plastic_Black_Matte,plastic_blk_m,,2.489988,-0.635331,0.785184,0.0,0.0,0.0,1.0,1.0,1.0,true,Headlamp loom retainer clip
950,ALTIMA2000_ELEC_WireConn_Headlamp_001,Electrical_Lighting,EL,Wire_Lighting,WireConn,MAT_Connector_PA66,connector,,2.009,0.34,0.86,0.0,0.0,0.0,1.0,1.0,1.0,true,Headlamp FuseBox connector shell
951,ALTIMA2000_ELEC_WireConn_Headlamp_002,Electrical_Lighting,EL,Wire_Lighting,WireConn,MAT_Connector_PA66,connector,,2.69,-0.58,0.8,0.0,0.0,0.0,1.0,1.0,1.0,true,Headlamp LampR connector shell
952,ALTIMA2000_ELEC_Wire_SignalFront_001,Electrical_Lighting,EL,Wire_Lighting,Wire,MAT_Wire_Signal_Orange,wire_org,,2.002522,0.34378,0.86,0.0,0.0,0.0,1.0,1.0,1.0,true,"SignalFront harness, Turn circuit, segment 1/3"
953,ALTIMA2000_ELEC_Wire_SignalFront_002,Electrical_Lighting,EL,Wire_Lighting,Wire,MAT_Wire_Signal_Orange,wire_org,,2.155333,0.530412,0.75989,0.0,0.0,0.0,1.0,1.0,1.0,true,"SignalFront harness, Turn circuit, segment 2/3"
954,ALTIMA2000_ELEC_Wire_SignalFront_003,Electrical_Lighting,EL,Wire_Lighting,Wire,MAT_Wire_Signal_Orange,wire_org,,2.696854,0.582291,0.799962,0.0,0.0,0.0,1.0,1.0,1.0,true,"SignalFront harness, Turn circuit, segment 3/3"
955,ALTIMA2000_ELEC_Wire_SignalFront_004,Electrical_Lighting,EL,Wire_Lighting,Wire,MAT_Wire_Signal_White,wire_wht,,2.009,0.34,0.86,0.0,0.0,0.0,1.0,1.0,1.0,true,"SignalFront harness, Park circuit, segment 1/3"
956,ALTIMA2000_ELEC_Wire_SignalFront_005,Electrical_Lighting,EL,Wire_Lighting,Wire,MAT_Wire_Signal_White,wire_wht,,2.158264,0.523509,0.75989,0.0,0.0,0.0,1.0,1.0,1.0,true,"SignalFront harness, Park circuit, segment 2/3"
957,ALTIMA2000_ELEC_Wire_SignalFront_006,Electrical_Lighting,EL,Wire_Lighting,Wire,MAT_Wire_Signal_White,wire_wht,,2.689598,0.580393,0.799962,0.0,0.0,0.0,1.0,1.0,1.0,true,"SignalFront harness, Park circuit, segment 3/3"
958,ALTIMA2000_ELEC_Wire_SignalFront_007,Electrical_Lighting,EL,Wire_Lighting,Wire,MAT_Wire_Signal_Brown,wire_brn,,2.015478,0.33622,0.86,0.0,0.0,0.0,1.0,1.0,1.0,true,"SignalFront harness, Ground circuit, segment 1/3"
959,ALTIMA2000_ELEC_Wire_SignalFront_008,Electrical_Lighting,EL,Wire_Lighting,Wire,MAT_Wire_Signal_Brown,wire_brn,,2.161196,0.516606,0.75989,0.0,0.0,0.0,1.0,1.0,1.0,true,"SignalFront harness, Ground circuit, segment 2/3"
960,ALTIMA2000_ELEC_Wire_SignalFront_009,Electrical_Lighting,EL,Wire_Lighting,Wire,MAT_Wire_Signal_Brown,wire_brn,,2.682343,0.578495,0.799962,0.0,0.0,0.0,1.0,1.0,1.0,true,"SignalFront harness, Ground circuit, segment 3/3"
961,ALTIMA2000_ELEC_WireClip_SignalFront_001,Electrical_Lighting,EL,Wire_Lighting,WireClip,MAT_Plastic_Black_Matte,plastic_blk_m,,2.240665,0.558804,0.760002,0.0,0.0,0.0,1.0,1.0,1.0,true,SignalFront loom retainer clip
962,ALTIMA2000_ELEC_WireClip_SignalFront_002,Electrical_Lighting,EL,Wire_Lighting,WireClip,MAT_Plastic_Black_Matte,plastic_blk_m,,2.536935,0.654574,0.784624,0.0,0.0,0.0,1.0,1.0,1.0,true,SignalFront loom retainer clip
963,ALTIMA2000_ELEC_WireClip_SignalFront_003,Electrical_Lighting,EL,Wire_Lighting,WireClip,MAT_Plastic_Black_Matte,plastic_blk_m,,2.721617,0.449999,0.802342,0.0,0.0,0.0,1.0,1.0,1.0,true,SignalFront loom retainer clip
964,ALTIMA2000_ELEC_WireClip_SignalFront_004,Electrical_Lighting,EL,Wire_Lighting,WireClip,MAT_Plastic_Black_Matte,plastic_blk_m,,2.724213,0.091604,0.802534,0.0,0.0,0.0,1.0,1.0,1.0,true,SignalFront loom retainer clip
965,ALTIMA2000_ELEC_WireClip_SignalFront_005,Electrical_Lighting,EL,Wire_Lighting,WireClip,MAT_Plastic_Black_Matte,plastic_blk_m,,2.702752,-0.266437,0.800945,0.0,0.0,0.0,1.0,1.0,1.0,true,SignalFront loom retainer clip
966,ALTIMA2000_ELEC_WireConn_SignalFront_001,Electrical_Lighting,EL,Wire_Lighting,WireConn,MAT_Connector_PA66,connector,,2.009,0.34,0.86,0.0,0.0,0.0,1.0,1.0,1.0,true,SignalFront FuseBox connector shell
967,ALTIMA2000_ELEC_WireConn_SignalFront_002,Electrical_Lighting,EL,Wire_Lighting,WireConn,MAT_Connector_PA66,connector,,2.69,-0.58,0.8,0.0,0.0,0.0,1.0,1.0,1.0,true,SignalFront LampR connector shell
968,ALTIMA2000_ELEC_Wire_TailLamp_001,Electrical_Lighting,EL,Wire_Lighting,Wire,MAT_Wire_Signal_White,wire_wht,,0.230264,0.414364,0.74,0.0,0.0,0.0,1.0,1.0,1.0,true,"TailLamp harness, Tail circuit, segment 1/6"
969,ALTIMA2000_ELEC_Wire_TailLamp_002,Electrical_Lighting,EL,Wire_Lighting,Wire,MAT_Wire_Signal_White,wire_wht,,0.013985,0.683805,0.308119,0.0,0.0,0.0,1.0,1.0,1.0,true,"TailLamp harness, Tail circuit, segment 2/6"
970,ALTIMA2000_ELEC_Wire_TailLamp_003,Electrical_Lighting,EL,Wire_Lighting,Wire,MAT_Wire_Signal_White,wire_wht,,-1.186168,0.690601,0.298507,0.0,0.0,0.0,1.0,1.0,1.0,true,"TailLamp harness, Tail circuit, segment 3/6"
971,ALTIMA2000_ELEC_Wire_TailLamp_004,Electrical_Lighting,EL,Wire_Lighting,Wire,MAT_Wire_Signal_White,wire_wht,,-1.487337,0.3957,0.592667,0.0,0.0,0.0,1.0,1.0,1.0,true,"TailLamp harness, Tail circuit, segment 4/6"
972,ALTIMA2000_ELEC_Wire_TailLamp_005,Electrical_Lighting,EL,Wire_Lighting,Wire,MAT_Wire_Signal_White,wire_wht,,-2.016289,0.394612,0.703197,0.0,0.0,0.0,1.0,1.0,1.0,true,"TailLamp harness, Tail circuit, segment 5/6"
973,ALTIMA2000_ELEC_Wire_TailLamp_006,Electrical_Lighting,EL,Wire_Lighting,Wire,MAT_Wire_Signal_White,wire_wht,,-2.132363,0.474521,0.759246,0.0,0.0,0.0,1.0,1.0,1.0,true,"TailLamp harness, Tail circuit, segment 6/6"
974,ALTIMA2000_ELEC_Wire_TailLamp_007,Electrical_Lighting,EL,Wire_Lighting,Wire,MAT_Wire_Power_Red,wire_red,,0.236755,0.418121,0.74,0.0,0.0,0.0,1.0,1.0,1.0,true,"TailLamp harness, Brake circuit, segment 1/6"
975,ALTIMA2000_ELEC_Wire_TailLamp_008,Electrical_Lighting,EL,Wire_Lighting,Wire,MAT_Wire_Power_Red,wire_red,,0.015465,0.691157,0.308119,0.0,0.0,0.0,1.0,1.0,1.0,true,"TailLamp harness, Brake circuit, segment 2/6"
976,ALTIMA2000_ELEC_Wire_TailLamp_009,Electrical_Lighting,EL,Wire_Lighting,Wire,MAT_Wire_Power_Red,wire_red,,-1.188339,0.697781,0.298507,0.0,0.0,0.0,1.0,1.0,1.0,true,"TailLamp harness, Brake circuit, segment 3/6"
977,ALTIMA2000_ELEC_Wire_TailLamp_010,Electrical_Lighting,EL,Wire_Lighting,Wire,MAT_Wire_Power_Red,wire_red,,-1.48981,0.40278,0.592667,0.0,0.0,0.0,1.0,1.0,1.0,true,"TailLamp harness, Brake circuit, segment 4/6"
978,ALTIMA2000_ELEC_Wire_TailLamp_011,Electrical_Lighting,EL,Wire_Lighting,Wire,MAT_Wire_Power_Red,wire_red,,-2.013029,0.401367,0.703197,0.0,0.0,0.0,1.0,1.0,1.0,true,"TailLamp harness, Brake circuit, segment 5/6"
979,ALTIMA2000_ELEC_Wire_TailLamp_012,Electrical_Lighting,EL,Wire_Lighting,Wire,MAT_Wire_Power_Red,wire_red,,-2.13982,0.475319,0.759246,0.0,0.0,0.0,1.0,1.0,1.0,true,"TailLamp harness, Brake circuit, segment 6/6"
980,ALTIMA2000_ELEC_Wire_TailLamp_013,Electrical_Lighting,EL,Wire_Lighting,Wire,MAT_Wire_Signal_Orange,wire_org,,0.243245,0.421879,0.74,0.0,0.0,0.0,1.0,1.0,1.0,true,"TailLamp harness, Turn circuit, segment 1/6"
981,ALTIMA2000_ELEC_Wire_TailLamp_014,Electrical_Lighting,EL,Wire_Lighting,Wire,MAT_Wire_Signal_Orange,wire_org,,0.016946,0.69851,0.308119,0.0,0.0,0.0,1.0,1.0,1.0,true,"TailLamp harness, Turn circuit, segment 2/6"
982,ALTIMA2000_ELEC_Wire_TailLamp_015,Electrical_Lighting,EL,Wire_Lighting,Wire,MAT_Wire_Signal_Orange,wire_org,,-1.190509,0.70496,0.298507,0.0,0.0,0.0,1.0,1.0,1.0,true,"TailLamp harness, Turn circuit, segment 3/6"
983,ALTIMA2000_ELEC_Wire_TailLamp_016,Electrical_Lighting,EL,Wire_Lighting,Wire,MAT_Wire_Signal_Orange,wire_org,,-1.492283,0.409861,0.592667,0.0,0.0,0.0,1.0,1.0,1.0,true,"TailLamp harness, Turn circuit, segment 4/6"
984,ALTIMA2000_ELEC_Wire_TailLamp_017,Electrical_Lighting,EL,Wire_Lighting,Wire,MAT_Wire_Signal_Orange,wire_org,,-2.009768,0.408121,0.703197,0.0,0.0,0.0,1.0,1.0,1.0,true,"TailLamp harness, Turn circuit, segment 5/6"
985,ALTIMA2000_ELEC_Wire_TailLamp_018,Electrical_Lighting,EL,Wire_Lighting,Wire,MAT_Wire_Signal_Orange,wire_org,,-2.147278,0.476117,0.759246,0.0,0.0,0.0,1.0,1.0,1.0,true,"TailLamp harness, Turn circuit, segment 6/6"
986,ALTIMA2000_ELEC_Wire_TailLamp_019,Electrical_Lighting,EL,Wire_Lighting,Wire,MAT_Wire_Signal_Brown,wire_brn,,0.249736,0.425636,0.74,0.0,0.0,0.0,1.0,1.0,1.0,true,"TailLamp harness, Ground circuit, segment 1/6"
987,ALTIMA2000_ELEC_Wire_TailLamp_020,Electrical_Lighting,EL,Wire_Lighting,Wire,MAT_Wire_Signal_Brown,wire_brn,,0.018427,0.705862,0.308119,0.0,0.0,0.0,1.0,1.0,1.0,true,"TailLamp harness, Ground circuit, segment 2/6"
988,ALTIMA2000_ELEC_Wire_TailLamp_021,Electrical_Lighting,EL,Wire_Lighting,Wire,MAT_Wire_Signal_Brown,wire_brn,,-1.192679,0.712139,0.298507,0.0,0.0,0.0,1.0,1.0,1.0,true,"TailLamp harness, Ground circuit, segment 3/6"
989,ALTIMA2000_ELEC_Wire_TailLamp_022,Electrical_Lighting,EL,Wire_Lighting,Wire,MAT_Wire_Signal_Brown,wire_brn,,-1.494756,0.416941,0.592667,0.0,0.0,0.0,1.0,1.0,1.0,true,"TailLamp harness, Ground circuit, segment 4/6"
990,ALTIMA2000_ELEC_Wire_TailLamp_023,Electrical_Lighting,EL,Wire_Lighting,Wire,MAT_Wire_Signal_Brown,wire_brn,,-2.006508,0.414875,0.703197,0.0,0.0,0.0,1.0,1.0,1.0,true,"TailLamp harness, Ground circuit, segment 5/6"
991,ALTIMA2000_ELEC_Wire_TailLamp_024,Electrical_Lighting,EL,Wire_Lighting,Wire,MAT_Wire_Signal_Brown,wire_brn,,-2.154735,0.476915,0.759246,0.0,0.0,0.0,1.0,1.0,1.0,true,"TailLamp harness, Ground circuit, segment 6/6"
992,ALTIMA2000_ELEC_Grommet_TailLamp_001,Electrical_Lighting,EL,Wire_Lighting,Grommet,MAT_Rubber_EPDM_Seal,rubber,,-1.5,0.4,0.6,0.0,0.0,0.0,1.0,1.0,1.0,true,TailLamp RearBulkhead grommet
993,ALTIMA2000_ELEC_WireClip_TailLamp_001,Electrical_Lighting,EL,Wire_Lighting,WireClip,MAT_Plastic_Black_Matte,plastic_blk_m,,0.093714,0.670124,0.346948,0.0,0.0,0.0,1.0,1.0,1.0,true,TailLamp loom retainer clip
994,ALTIMA2000_ELEC_WireClip_TailLamp_002,Electrical_Lighting,EL,Wire_Lighting,WireClip,MAT_Plastic_Black_Matte,plastic_blk_m,,-0.382003,0.732224,0.256081,0.0,0.0,0.0,1.0,1.0,1.0,true,TailLamp loom retainer clip
995,ALTIMA2000_ELEC_WireClip_TailLamp_003,Electrical_Lighting,EL,Wire_Lighting,WireClip,MAT_Plastic_Black_Matte,plastic_blk_m,,-0.922237,0.727386,0.268457,0.0,0.0,0.0,1.0,1.0,1.0,true,TailLamp loom retainer clip
996,ALTIMA2000_ELEC_WireClip_TailLamp_004,Electrical_Lighting,EL,Wire_Lighting,WireClip,MAT_Plastic_Black_Matte,plastic_blk_m,,-1.362585,0.605219,0.390832,0.0,0.0,0.0,1.0,1.0,1.0,true,TailLamp loom retainer clip
997,ALTIMA2000_ELEC_WireClip_TailLamp_005,Electrical_Lighting,EL,Wire_Lighting,WireClip,MAT_Plastic_Black_Matte,plastic_blk_m,,-1.657402,0.375752,0.647846,0.0,0.0,0.0,1.0,1.0,1.0,true,TailLamp loom retainer clip
998,ALTIMA2000_ELEC_WireClip_TailLamp_006,Electrical_Lighting,EL,Wire_Lighting,WireClip,MAT_Plastic_Black_Matte,plastic_blk_m,,-2.130669,0.51658,0.752265,0.0,0.0,0.0,1.0,1.0,1.0,true,TailLamp loom retainer clip
999,ALTIMA2000_ELEC_WireClip_TailLamp_007,Electrical_Lighting,EL,Wire_Lighting,WireClip,MAT_Plastic_Black_Matte,plastic_blk_m,,-2.153305,0.025695,0.763436,0.0,0.0,0.0,1.0,1.0,1.0,true,TailLamp loom retainer clip
1000,ALTIMA2000_ELEC_WireConn_TailLamp_001,Electrical_Lighting,EL,Wire_Lighting,WireConn,MAT_Connector_PA66,connector,,0.24,0.42,0.74,0.0,0.0,0.0,1.0,1.0,1.0,true,TailLamp BCM connector shell
1001,ALTIMA2000_ELEC_WireConn_TailLamp_002,Electrical_Lighting,EL,Wire_Lighting,WireConn,MAT_Connector_PA66,connector,,-2.145,-0.47,0.76,0.0,0.0,0.0,1.0,1.0,1.0,true,TailLamp LampR connector shell
1002,ALTIMA2000_ELEC_Wire_PlateLamp_001,Electrical_Lighting,EL,Wire_Lighting,Wire,MAT_Wire_Signal_White,wire_wht,,-2.003354,-0.401677,0.7,0.0,0.0,0.0,1.0,1.0,1.0,true,"PlateLamp harness, Power circuit, segment 1/1"
1003,ALTIMA2000_ELEC_Wire_PlateLamp_002,Electrical_Lighting,EL,Wire_Lighting,Wire,MAT_Wire_Signal_Brown,wire_brn,,-1.996646,-0.398323,0.7,0.0,0.0,0.0,1.0,1.0,1.0,true,"PlateLamp harness, Ground circuit, segment 1/1"
1004,ALTIMA2000_ELEC_WireClip_PlateLamp_001,Electrical_Lighting,EL,Wire_Lighting,WireClip,MAT_Plastic_Black_Matte,plastic_blk_m,,-2.04,-0.32,0.7,0.0,0.0,0.0,1.0,1.0,1.0,true,PlateLamp loom retainer clip
1005,ALTIMA2000_ELEC_WireClip_PlateLamp_002,Electrical_Lighting,EL,Wire_Lighting,WireClip,MAT_Plastic_Black_Matte,plastic_blk_m,,-2.1,-0.2,0.7,0.0,0.0,0.0,1.0,1.0,1.0,true,PlateLamp loom retainer clip
1006,ALTIMA2000_ELEC_WireClip_PlateLamp_003,Electrical_Lighting,EL,Wire_Lighting,WireClip,MAT_Plastic_Black_Matte,plastic_blk_m,,-2.16,-0.08,0.7,0.0,0.0,0.0,1.0,1.0,1.0,true,PlateLamp loom retainer clip
1007,ALTIMA2000_ELEC_WireConn_PlateLamp_001,Electrical_Lighting,EL,Wire_Lighting,WireConn,MAT_Connector_PA66,connector,,-2.0,-0.4,0.7,0.0,0.0,0.0,1.0,1.0,1.0,true,PlateLamp Trunk connector shell
1008,ALTIMA2000_ELEC_WireConn_PlateLamp_002,Electrical_Lighting,EL,Wire_Lighting,WireConn,MAT_Connector_PA66,connector,,-2.2,0.0,0.7,0.0,0.0,0.0,1.0,1.0,1.0,true,PlateLamp Lamp connector shell
1009,ALTIMA2000_ELEC_Wire_DashMain_001,Electrical_Dash,EL,Wire_Dash,Wire,MAT_Wire_Power_Red,wire_red,,0.649215,-0.003202,0.72,0.0,0.0,0.0,1.0,1.0,1.0,true,"DashMain harness, Power circuit, segment 1/4"
1010,ALTIMA2000_ELEC_Wire_DashMain_002,Electrical_Dash,EL,Wire_Dash,Wire,MAT_Wire_Power_Red,wire_red,,0.511041,0.489665,0.763313,0.0,0.0,0.0,1.0,1.0,1.0,true,"DashMain harness, Power circuit, segment 2/4"
1011,ALTIMA2000_ELEC_Wire_DashMain_003,Electrical_Dash,EL,Wire_Dash,Wire,MAT_Wire_Power_Red,wire_red,,0.570581,-0.311941,0.897108,0.0,0.0,0.0,1.0,1.0,1.0,true,"DashMain harness, Power circuit, segment 3/4"
1012,ALTIMA2000_ELEC_Wire_DashMain_004,Electrical_Dash,EL,Wire_Dash,Wire,MAT_Wire_Power_Red,wire_red,,0.512095,-0.46017,0.702728,0.0,0.0,0.0,1.0,1.0,1.0,true,"DashMain harness, Power circuit, segment 4/4"
1013,ALTIMA2000_ELEC_Wire_DashMain_005,Electrical_Dash,EL,Wire_Dash,Wire,MAT_Wire_Loom_Black,wire_blk,,0.656405,-0.001067,0.72,0.0,0.0,0.0,1.0,1.0,1.0,true,"DashMain harness, Ground circuit, segment 1/4"
1014,ALTIMA2000_ELEC_Wire_DashMain_006,Electrical_Dash,EL,Wire_Dash,Wire,MAT_Wire_Loom_Black,wire_blk,,0.503542,0.489819,0.763313,0.0,0.0,0.0,1.0,1.0,1.0,true,"DashMain harness, Ground circuit, segment 2/4"
1015,ALTIMA2000_ELEC_Wire_DashMain_007,Electrical_Dash,EL,Wire_Dash,Wire,MAT_Wire_Loom_Black,wire_blk,,0.563093,-0.31151,0.897108,0.0,0.0,0.0,1.0,1.0,1.0,true,"DashMain harness, Ground circuit, segment 3/4"
1016,ALTIMA2000_ELEC_Wire_DashMain_008,Electrical_Dash,EL,Wire_Dash,Wire,MAT_Wire_Loom_Black,wire_blk,,0.50468,-0.459049,0.702728,0.0,0.0,0.0,1.0,1.0,1.0,true,"DashMain harness, Ground circuit, segment 4/4"
1017,ALTIMA2000_ELEC_Wire_DashMain_009,Electrical_Dash,EL,Wire_Dash,Wire,MAT_Wire_Signal_Green,wire_grn,,0.663595,0.001067,0.72,0.0,0.0,0.0,1.0,1.0,1.0,true,"DashMain harness, Signal circuit, segment 1/4"
1018,ALTIMA2000_ELEC_Wire_DashMain_010,Electrical_Dash,EL,Wire_Dash,Wire,MAT_Wire_Signal_Green,wire_grn,,0.496044,0.489973,0.763313,0.0,0.0,0.0,1.0,1.0,1.0,true,"DashMain harness, Signal circuit, segment 2/4"
1019,ALTIMA2000_ELEC_Wire_DashMain_011,Electrical_Dash,EL,Wire_Dash,Wire,MAT_Wire_Signal_Green,wire_grn,,0.555606,-0.311078,0.897108,0.0,0.0,0.0,1.0,1.0,1.0,true,"DashMain harness, Signal circuit, segment 3/4"
1020,ALTIMA2000_ELEC_Wire_DashMain_012,Electrical_Dash,EL,Wire_Dash,Wire,MAT_Wire_Signal_Green,wire_grn,,0.497264,-0.457928,0.702728,0.0,0.0,0.0,1.0,1.0,1.0,true,"DashMain harness, Signal circuit, segment 4/4"
1021,ALTIMA2000_ELEC_Wire_DashMain_013,Electrical_Dash,EL,Wire_Dash,Wire,MAT_Wire_Signal_Yellow,wire_ylw,,0.670785,0.003202,0.72,0.0,0.0,0.0,1.0,1.0,1.0,true,"DashMain harness, Signal2 circuit, segment 1/4"
1022,ALTIMA2000_ELEC_Wire_DashMain_014,Electrical_Dash,EL,Wire_Dash,Wire,MAT_Wire_Signal_Yellow,wire_ylw,,0.488545,0.490126,0.763313,0.0,0.0,0.0,1.0,1.0,1.0,true,"DashMain harness, Signal2 circuit, segment 2/4"
1023,ALTIMA2000_ELEC_Wire_DashMain_015,Electrical_Dash,EL,Wire_Dash,Wire,MAT_Wire_Signal_Yellow,wire_ylw,,0.548118,-0.310647,0.897108,0.0,0.0,0.0,1.0,1.0,1.0,true,"DashMain harness, Signal2 circuit, segment 3/4"
1024,ALTIMA2000_ELEC_Wire_DashMain_016,Electrical_Dash,EL,Wire_Dash,Wire,MAT_Wire_Signal_Yellow,wire_ylw,,0.489848,-0.456807,0.702728,0.0,0.0,0.0,1.0,1.0,1.0,true,"DashMain harness, Signal2 circuit, segment 4/4"
1025,ALTIMA2000_ELEC_Grommet_DashMain_001,Electrical_Dash,EL,Wire_Dash,Grommet,MAT_Rubber_EPDM_Seal,rubber,,0.66,0.0,0.72,0.0,0.0,0.0,1.0,1.0,1.0,true,DashMain Bulkhead grommet
1026,ALTIMA2000_ELEC_WireClip_DashMain_001,Electrical_Dash,EL,Wire_Dash,WireClip,MAT_Plastic_Black_Matte,plastic_blk_m,,0.597577,0.218214,0.72975,0.0,0.0,0.0,1.0,1.0,1.0,true,DashMain loom retainer clip
1027,ALTIMA2000_ELEC_WireClip_DashMain_002,Electrical_Dash,EL,Wire_Dash,WireClip,MAT_Plastic_Black_Matte,plastic_blk_m,,0.534601,0.436196,0.740133,0.0,0.0,0.0,1.0,1.0,1.0,true,DashMain loom retainer clip
1028,ALTIMA2000_ELEC_WireClip_DashMain_003,Electrical_Dash,EL,Wire_Dash,WireClip,MAT_Plastic_Black_Matte,plastic_blk_m,,0.500991,0.402885,0.788948,0.0,0.0,0.0,1.0,1.0,1.0,true,DashMain loom retainer clip
1029,ALTIMA2000_ELEC_WireClip_DashMain_004,Electrical_Dash,EL,Wire_Dash,WireClip,MAT_Plastic_Black_Matte,plastic_blk_m,,0.519922,0.181652,0.836867,0.0,0.0,0.0,1.0,1.0,1.0,true,DashMain loom retainer clip
1030,ALTIMA2000_ELEC_WireClip_DashMain_005,Electrical_Dash,EL,Wire_Dash,WireClip,MAT_Plastic_Black_Matte,plastic_blk_m,,0.541485,-0.041097,0.875925,0.0,0.0,0.0,1.0,1.0,1.0,true,DashMain loom retainer clip
1031,ALTIMA2000_ELEC_WireClip_DashMain_006,Electrical_Dash,EL,Wire_Dash,WireClip,MAT_Plastic_Black_Matte,plastic_blk_m,,0.556024,-0.220972,0.896583,0.0,0.0,0.0,1.0,1.0,1.0,true,DashMain loom retainer clip
1032,ALTIMA2000_ELEC_WireClip_DashMain_007,Electrical_Dash,EL,Wire_Dash,WireClip,MAT_Plastic_Black_Matte,plastic_blk_m,,0.539821,-0.417012,0.825627,0.0,0.0,0.0,1.0,1.0,1.0,true,DashMain loom retainer clip
1033,ALTIMA2000_ELEC_WireConn_DashMain_001,Electrical_Dash,EL,Wire_Dash,WireConn,MAT_Connector_PA66,connector,,0.66,0.0,0.72,0.0,0.0,0.0,1.0,1.0,1.0,true,DashMain Bulkhead connector shell
1034,ALTIMA2000_ELEC_WireConn_DashMain_002,Electrical_Dash,EL,Wire_Dash,WireConn,MAT_Connector_PA66,connector,,0.5,-0.46,0.7,0.0,0.0,0.0,1.0,1.0,1.0,true,DashMain FuseBox connector shell
1035,ALTIMA2000_ELEC_Wire_Instrument_001,Electrical_Dash,EL,Wire_Dash,Wire,MAT_Wire_Signal_Purple,wire_pur,,0.552519,-0.300533,0.9,0.0,0.0,0.0,1.0,1.0,1.0,true,"Instrument harness, Signal circuit, segment 1/3"
1036,ALTIMA2000_ELEC_Wire_Instrument_002,Electrical_Dash,EL,Wire_Dash,Wire,MAT_Wire_Signal_Purple,wire_pur,,0.508974,0.489913,0.762964,0.0,0.0,0.0,1.0,1.0,1.0,true,"Instrument harness, Signal circuit, segment 2/3"
1037,ALTIMA2000_ELEC_Wire_Instrument_003,Electrical_Dash,EL,Wire_Dash,Wire,MAT_Wire_Signal_Purple,wire_pur,,0.51377,-0.422566,0.839493,0.0,0.0,0.0,1.0,1.0,1.0,true,"Instrument harness, Signal circuit, segment 3/3"
1038,ALTIMA2000_ELEC_Wire_Instrument_004,Electrical_Dash,EL,Wire_Dash,Wire,MAT_Wire_Signal_Grey,wire_gry,,0.56,-0.3,0.9,0.0,0.0,0.0,1.0,1.0,1.0,true,"Instrument harness, Signal2 circuit, segment 1/3"
1039,ALTIMA2000_ELEC_Wire_Instrument_005,Electrical_Dash,EL,Wire_Dash,Wire,MAT_Wire_Signal_Grey,wire_gry,,0.501501,0.490553,0.762964,0.0,0.0,0.0,1.0,1.0,1.0,true,"Instrument harness, Signal2 circuit, segment 2/3"
1040,ALTIMA2000_ELEC_Wire_Instrument_006,Electrical_Dash,EL,Wire_Dash,Wire,MAT_Wire_Signal_Grey,wire_gry,,0.52089,-0.424921,0.839493,0.0,0.0,0.0,1.0,1.0,1.0,true,"Instrument harness, Signal2 circuit, segment 3/3"
1041,ALTIMA2000_ELEC_Wire_Instrument_007,Electrical_Dash,EL,Wire_Dash,Wire,MAT_Wire_Loom_Black,wire_blk,,0.567481,-0.299467,0.9,0.0,0.0,0.0,1.0,1.0,1.0,true,"Instrument harness, Ground circuit, segment 1/3"
1042,ALTIMA2000_ELEC_Wire_Instrument_008,Electrical_Dash,EL,Wire_Dash,Wire,MAT_Wire_Loom_Black,wire_blk,,0.494029,0.491193,0.762964,0.0,0.0,0.0,1.0,1.0,1.0,true,"Instrument harness, Ground circuit, segment 2/3"
1043,ALTIMA2000_ELEC_Wire_Instrument_009,Electrical_Dash,EL,Wire_Dash,Wire,MAT_Wire_Loom_Black,wire_blk,,0.528011,-0.427277,0.839493,0.0,0.0,0.0,1.0,1.0,1.0,true,"Instrument harness, Ground circuit, segment 3/3"
1044,ALTIMA2000_ELEC_WireClip_Instrument_001,Electrical_Dash,EL,Wire_Dash,WireClip,MAT_Plastic_Black_Matte,plastic_blk_m,,0.535564,0.052053,0.841643,0.0,0.0,0.0,1.0,1.0,1.0,true,Instrument loom retainer clip
1045,ALTIMA2000_ELEC_WireClip_Instrument_002,Electrical_Dash,EL,Wire_Dash,WireClip,MAT_Plastic_Black_Matte,plastic_blk_m,,0.510513,0.403884,0.782283,0.0,0.0,0.0,1.0,1.0,1.0,true,Instrument loom retainer clip
1046,ALTIMA2000_ELEC_WireClip_Instrument_003,Electrical_Dash,EL,Wire_Dash,WireClip,MAT_Plastic_Black_Matte,plastic_blk_m,,0.501412,0.242522,0.778621,0.0,0.0,0.0,1.0,1.0,1.0,true,Instrument loom retainer clip
1047,ALTIMA2000_ELEC_WireClip_Instrument_004,Electrical_Dash,EL,Wire_Dash,WireClip,MAT_Plastic_Black_Matte,plastic_blk_m,,0.508528,-0.068948,0.808505,0.0,0.0,0.0,1.0,1.0,1.0,true,Instrument loom retainer clip
1048,ALTIMA2000_ELEC_WireClip_Instrument_005,Electrical_Dash,EL,Wire_Dash,WireClip,MAT_Plastic_Black_Matte,plastic_blk_m,,0.52089,-0.424921,0.839493,0.0,0.0,0.0,1.0,1.0,1.0,true,Instrument loom retainer clip
1049,ALTIMA2000_ELEC_WireConn_Instrument_001,Electrical_Dash,EL,Wire_Dash,WireConn,MAT_Connector_PA66,connector,,0.56,-0.3,0.9,0.0,0.0,0.0,1.0,1.0,1.0,true,Instrument Cluster connector shell
1050,ALTIMA2000_ELEC_WireConn_Instrument_002,Electrical_Dash,EL,Wire_Dash,WireConn,MAT_Connector_PA66,connector,,0.54,-0.1,0.78,0.0,0.0,0.0,1.0,1.0,1.0,true,Instrument TCU connector shell
1051,ALTIMA2000_ELEC_Wire_DashSwitch_001,Electrical_Dash,EL,Wire_Dash,Wire,MAT_Wire_Power_Red,wire_red,,0.592783,-0.357961,0.945,0.0,0.0,0.0,1.0,1.0,1.0,true,"DashSwitch harness, Power circuit, segment 1/4"
1052,ALTIMA2000_ELEC_Wire_DashSwitch_002,Electrical_Dash,EL,Wire_Dash,Wire,MAT_Wire_Power_Red,wire_red,,0.632953,-0.18941,0.931051,0.0,0.0,0.0,1.0,1.0,1.0,true,"DashSwitch harness, Power circuit, segment 2/4"
1053,ALTIMA2000_ELEC_Wire_DashSwitch_003,Electrical_Dash,EL,Wire_Dash,Wire,MAT_Wire_Power_Red,wire_red,,0.651026,-0.010175,0.933503,0.0,0.0,0.0,1.0,1.0,1.0,true,"DashSwitch harness, Power circuit, segment 3/4"
1054,ALTIMA2000_ELEC_Wire_DashSwitch_004,Electrical_Dash,EL,Wire_Dash,Wire,MAT_Wire_Power_Red,wire_red,,0.698144,-0.377909,0.694231,0.0,0.0,0.0,1.0,1.0,1.0,true,"DashSwitch harness, Power circuit, segment 4/4"
1055,ALTIMA2000_ELEC_Wire_DashSwitch_005,Electrical_Dash,EL,Wire_Dash,Wire,MAT_Wire_Signal_Green,wire_grn,,0.6,-0.36,0.945,0.0,0.0,0.0,1.0,1.0,1.0,true,"DashSwitch harness, Signal circuit, segment 1/4"
1056,ALTIMA2000_ELEC_Wire_DashSwitch_006,Electrical_Dash,EL,Wire_Dash,Wire,MAT_Wire_Signal_Green,wire_grn,,0.640451,-0.189558,0.931051,0.0,0.0,0.0,1.0,1.0,1.0,true,"DashSwitch harness, Signal circuit, segment 2/4"
1057,ALTIMA2000_ELEC_Wire_DashSwitch_007,Electrical_Dash,EL,Wire_Dash,Wire,MAT_Wire_Signal_Green,wire_grn,,0.643831,-0.012292,0.933503,0.0,0.0,0.0,1.0,1.0,1.0,true,"DashSwitch harness, Signal circuit, segment 3/4"
1058,ALTIMA2000_ELEC_Wire_DashSwitch_008,Electrical_Dash,EL,Wire_Dash,Wire,MAT_Wire_Signal_Green,wire_grn,,0.692559,-0.372904,0.694231,0.0,0.0,0.0,1.0,1.0,1.0,true,"DashSwitch harness, Signal circuit, segment 4/4"
1059,ALTIMA2000_ELEC_Wire_DashSwitch_009,Electrical_Dash,EL,Wire_Dash,Wire,MAT_Wire_Signal_Yellow,wire_ylw,,0.607217,-0.362039,0.945,0.0,0.0,0.0,1.0,1.0,1.0,true,"DashSwitch harness, Signal2 circuit, segment 1/4"
1060,ALTIMA2000_ELEC_Wire_DashSwitch_010,Electrical_Dash,EL,Wire_Dash,Wire,MAT_Wire_Signal_Yellow,wire_ylw,,0.64795,-0.189705,0.931051,0.0,0.0,0.0,1.0,1.0,1.0,true,"DashSwitch harness, Signal2 circuit, segment 2/4"
1061,ALTIMA2000_ELEC_Wire_DashSwitch_011,Electrical_Dash,EL,Wire_Dash,Wire,MAT_Wire_Signal_Yellow,wire_ylw,,0.636635,-0.014408,0.933503,0.0,0.0,0.0,1.0,1.0,1.0,true,"DashSwitch harness, Signal2 circuit, segment 3/4"
1062,ALTIMA2000_ELEC_Wire_DashSwitch_012,Electrical_Dash,EL,Wire_Dash,Wire,MAT_Wire_Signal_Yellow,wire_ylw,,0.686974,-0.367898,0.694231,0.0,0.0,0.0,1.0,1.0,1.0,true,"DashSwitch harness, Signal2 circuit, segment 4/4"
1063,ALTIMA2000_ELEC_WireClip_DashSwitch_001,Electrical_Dash,EL,Wire_Dash,WireClip,MAT_Plastic_Black_Matte,plastic_blk_m,,0.634729,-0.233154,0.931072,0.0,0.0,0.0,1.0,1.0,1.0,true,DashSwitch loom retainer clip
1064,ALTIMA2000_ELEC_WireClip_DashSwitch_002,Electrical_Dash,EL,Wire_Dash,WireClip,MAT_Plastic_Black_Matte,plastic_blk_m,,0.638405,-0.059268,0.95314,0.0,0.0,0.0,1.0,1.0,1.0,true,DashSwitch loom retainer clip
1065,ALTIMA2000_ELEC_WireClip_DashSwitch_003,Electrical_Dash,EL,Wire_Dash,WireClip,MAT_Plastic_Black_Matte,plastic_blk_m,,0.653456,-0.045014,0.905643,0.0,0.0,0.0,1.0,1.0,1.0,true,DashSwitch loom retainer clip
1066,ALTIMA2000_ELEC_WireClip_DashSwitch_004,Electrical_Dash,EL,Wire_Dash,WireClip,MAT_Plastic_Black_Matte,plastic_blk_m,,0.687342,-0.186986,0.806688,0.0,0.0,0.0,1.0,1.0,1.0,true,DashSwitch loom retainer clip
1067,ALTIMA2000_ELEC_WireClip_DashSwitch_005,Electrical_Dash,EL,Wire_Dash,WireClip,MAT_Plastic_Black_Matte,plastic_blk_m,,0.703229,-0.297817,0.736337,0.0,0.0,0.0,1.0,1.0,1.0,true,DashSwitch loom retainer clip
1068,ALTIMA2000_ELEC_WireClip_DashSwitch_006,Electrical_Dash,EL,Wire_Dash,WireClip,MAT_Plastic_Black_Matte,plastic_blk_m,,0.625636,-0.422723,0.683955,0.0,0.0,0.0,1.0,1.0,1.0,true,DashSwitch loom retainer clip
1069,ALTIMA2000_ELEC_WireConn_DashSwitch_001,Electrical_Dash,EL,Wire_Dash,WireConn,MAT_Connector_PA66,connector,,0.6,-0.36,0.945,0.0,0.0,0.0,1.0,1.0,1.0,true,DashSwitch Switch connector shell
1070,ALTIMA2000_ELEC_WireConn_DashSwitch_002,Electrical_Dash,EL,Wire_Dash,WireConn,MAT_Connector_PA66,connector,,0.5,-0.46,0.7,0.0,0.0,0.0,1.0,1.0,1.0,true,DashSwitch FuseBox connector shell
1071,ALTIMA2000_ELEC_Wire_CabinFloor_001,Electrical_Cabin,EL,Wire_Cabin,Wire,MAT_Wire_Power_Red,wire_red,,0.493477,-0.463702,0.7,0.0,0.0,0.0,1.0,1.0,1.0,true,"CabinFloor harness, Power circuit, segment 1/5"
1072,ALTIMA2000_ELEC_Wire_CabinFloor_002,Electrical_Cabin,EL,Wire_Cabin,Wire,MAT_Wire_Power_Red,wire_red,,0.186857,-0.003149,0.556475,0.0,0.0,0.0,1.0,1.0,1.0,true,"CabinFloor harness, Power circuit, segment 2/5"
1073,ALTIMA2000_ELEC_Wire_CabinFloor_003,Electrical_Cabin,EL,Wire_Cabin,Wire,MAT_Wire_Power_Red,wire_red,,-0.379773,0.01183,0.367276,0.0,0.0,0.0,1.0,1.0,1.0,true,"CabinFloor harness, Power circuit, segment 3/5"
1074,ALTIMA2000_ELEC_Wire_CabinFloor_004,Electrical_Cabin,EL,Wire_Cabin,Wire,MAT_Wire_Power_Red,wire_red,,0.002024,-0.70725,0.299965,0.0,0.0,0.0,1.0,1.0,1.0,true,"CabinFloor harness, Power circuit, segment 4/5"
1075,ALTIMA2000_ELEC_Wire_CabinFloor_005,Electrical_Cabin,EL,Wire_Cabin,Wire,MAT_Wire_Power_Red,wire_red,,-1.206148,-0.705908,0.301235,0.0,0.0,0.0,1.0,1.0,1.0,true,"CabinFloor harness, Power circuit, segment 5/5"
1076,ALTIMA2000_ELEC_Wire_CabinFloor_006,Electrical_Cabin,EL,Wire_Cabin,Wire,MAT_Wire_Loom_Black,wire_blk,,0.5,-0.46,0.7,0.0,0.0,0.0,1.0,1.0,1.0,true,"CabinFloor harness, Ground circuit, segment 1/5"
1077,ALTIMA2000_ELEC_Wire_CabinFloor_007,Electrical_Cabin,EL,Wire_Cabin,Wire,MAT_Wire_Loom_Black,wire_blk,,0.189451,0.003888,0.556475,0.0,0.0,0.0,1.0,1.0,1.0,true,"CabinFloor harness, Ground circuit, segment 2/5"
1078,ALTIMA2000_ELEC_Wire_CabinFloor_008,Electrical_Cabin,EL,Wire_Cabin,Wire,MAT_Wire_Loom_Black,wire_blk,,-0.387202,0.012863,0.367276,0.0,0.0,0.0,1.0,1.0,1.0,true,"CabinFloor harness, Ground circuit, segment 3/5"
1079,ALTIMA2000_ELEC_Wire_CabinFloor_009,Electrical_Cabin,EL,Wire_Cabin,Wire,MAT_Wire_Loom_Black,wire_blk,,-0.000599,-0.700224,0.299965,0.0,0.0,0.0,1.0,1.0,1.0,true,"CabinFloor harness, Ground circuit, segment 4/5"
1080,ALTIMA2000_ELEC_Wire_CabinFloor_010,Electrical_Cabin,EL,Wire_Cabin,Wire,MAT_Wire_Loom_Black,wire_blk,,-1.203864,-0.698765,0.301235,0.0,0.0,0.0,1.0,1.0,1.0,true,"CabinFloor harness, Ground circuit, segment 5/5"
1081,ALTIMA2000_ELEC_Wire_CabinFloor_011,Electrical_Cabin,EL,Wire_Cabin,Wire,MAT_Wire_Signal_Green,wire_grn,,0.506523,-0.456298,0.7,0.0,0.0,0.0,1.0,1.0,1.0,true,"CabinFloor harness, Signal circuit, segment 1/5"
1082,ALTIMA2000_ELEC_Wire_CabinFloor_012,Electrical_Cabin,EL,Wire_Cabin,Wire,MAT_Wire_Signal_Green,wire_grn,,0.192044,0.010925,0.556475,0.0,0.0,0.0,1.0,1.0,1.0,true,"CabinFloor harness, Signal circuit, segment 2/5"
1083,ALTIMA2000_ELEC_Wire_CabinFloor_013,Electrical_Cabin,EL,Wire_Cabin,Wire,MAT_Wire_Signal_Green,wire_grn,,-0.39463,0.013896,0.367276,0.0,0.0,0.0,1.0,1.0,1.0,true,"CabinFloor harness, Signal circuit, segment 3/5"
1084,ALTIMA2000_ELEC_Wire_CabinFloor_014,Electrical_Cabin,EL,Wire_Cabin,Wire,MAT_Wire_Signal_Green,wire_grn,,-0.003222,-0.693197,0.299965,0.0,0.0,0.0,1.0,1.0,1.0,true,"CabinFloor harness, Signal circuit, segment 4/5"
1085,ALTIMA2000_ELEC_Wire_CabinFloor_015,Electrical_Cabin,EL,Wire_Cabin,Wire,MAT_Wire_Signal_Green,wire_grn,,-1.20158,-0.691621,0.301235,0.0,0.0,0.0,1.0,1.0,1.0,true,"CabinFloor harness, Signal circuit, segment 5/5"
1086,ALTIMA2000_ELEC_Grommet_CabinFloor_001,Electrical_Cabin,EL,Wire_Cabin,Grommet,MAT_Rubber_EPDM_Seal,rubber,,-1.5,-0.4,0.6,0.0,0.0,0.0,1.0,1.0,1.0,true,CabinFloor RearBulkhead grommet
1087,ALTIMA2000_ELEC_WireClip_CabinFloor_001,Electrical_Cabin,EL,Wire_Cabin,WireClip,MAT_Plastic_Black_Matte,plastic_blk_m,,0.338529,-0.147995,0.619045,0.0,0.0,0.0,1.0,1.0,1.0,true,CabinFloor loom retainer clip
1088,ALTIMA2000_ELEC_WireClip_CabinFloor_002,Electrical_Cabin,EL,Wire_Cabin,WireClip,MAT_Plastic_Black_Matte,plastic_blk_m,,0.024114,0.051841,0.504189,0.0,0.0,0.0,1.0,1.0,1.0,true,CabinFloor loom retainer clip
1089,ALTIMA2000_ELEC_WireClip_CabinFloor_003,Electrical_Cabin,EL,Wire_Cabin,WireClip,MAT_Plastic_Black_Matte,plastic_blk_m,,-0.357683,0.042532,0.384059,0.0,0.0,0.0,1.0,1.0,1.0,true,CabinFloor loom retainer clip
1090,ALTIMA2000_ELEC_WireClip_CabinFloor_004,Electrical_Cabin,EL,Wire_Cabin,WireClip,MAT_Plastic_Black_Matte,plastic_blk_m,,-0.248418,-0.247032,0.324654,0.0,0.0,0.0,1.0,1.0,1.0,true,CabinFloor loom retainer clip
1091,ALTIMA2000_ELEC_WireClip_CabinFloor_005,Electrical_Cabin,EL,Wire_Cabin,WireClip,MAT_Plastic_Black_Matte,plastic_blk_m,,-0.030177,-0.53291,0.308582,0.0,0.0,0.0,1.0,1.0,1.0,true,CabinFloor loom retainer clip
1092,ALTIMA2000_ELEC_WireClip_CabinFloor_006,Electrical_Cabin,EL,Wire_Cabin,WireClip,MAT_Plastic_Black_Matte,plastic_blk_m,,-0.21741,-0.753577,0.288702,0.0,0.0,0.0,1.0,1.0,1.0,true,CabinFloor loom retainer clip
1093,ALTIMA2000_ELEC_WireClip_CabinFloor_007,Electrical_Cabin,EL,Wire_Cabin,WireClip,MAT_Plastic_Black_Matte,plastic_blk_m,,-0.577465,-0.761288,0.277336,0.0,0.0,0.0,1.0,1.0,1.0,true,CabinFloor loom retainer clip
1094,ALTIMA2000_ELEC_WireClip_CabinFloor_008,Electrical_Cabin,EL,Wire_Cabin,WireClip,MAT_Plastic_Black_Matte,plastic_blk_m,,-0.981963,-0.730639,0.280487,0.0,0.0,0.0,1.0,1.0,1.0,true,CabinFloor loom retainer clip
1095,ALTIMA2000_ELEC_WireClip_CabinFloor_009,Electrical_Cabin,EL,Wire_Cabin,WireClip,MAT_Plastic_Black_Matte,plastic_blk_m,,-1.321629,-0.6537,0.3463,0.0,0.0,0.0,1.0,1.0,1.0,true,CabinFloor loom retainer clip
1096,ALTIMA2000_ELEC_WireConn_CabinFloor_001,Electrical_Cabin,EL,Wire_Cabin,WireConn,MAT_Connector_PA66,connector,,0.5,-0.46,0.7,0.0,0.0,0.0,1.0,1.0,1.0,true,CabinFloor FuseBox connector shell
1097,ALTIMA2000_ELEC_WireConn_CabinFloor_002,Electrical_Cabin,EL,Wire_Cabin,WireConn,MAT_Connector_PA66,connector,,-1.5,-0.4,0.6,0.0,0.0,0.0,1.0,1.0,1.0,true,CabinFloor Rear connector shell
1098,ALTIMA2000_ELEC_Wire_Console_001,Electrical_Cabin,EL,Wire_Cabin,Wire,MAT_Wire_Power_Red,wire_red,,0.499302,-0.007467,0.76,0.0,0.0,0.0,1.0,1.0,1.0,true,"Console harness, Power circuit, segment 1/2"
1099,ALTIMA2000_ELEC_Wire_Console_002,Electrical_Cabin,EL,Wire_Cabin,Wire,MAT_Wire_Power_Red,wire_red,,0.21472,0.012825,0.566458,0.0,0.0,0.0,1.0,1.0,1.0,true,"Console harness, Power circuit, segment 2/2"
1100,ALTIMA2000_ELEC_Wire_Console_003,Electrical_Cabin,EL,Wire_Cabin,Wire,MAT_Wire_Signal_Blue,wire_blu,,0.5,0.0,0.76,0.0,0.0,0.0,1.0,1.0,1.0,true,"Console harness, Signal circuit, segment 1/2"
1101,ALTIMA2000_ELEC_Wire_Console_004,Electrical_Cabin,EL,Wire_Cabin,Wire,MAT_Wire_Signal_Blue,wire_blu,,0.207224,0.012587,0.566458,0.0,0.0,0.0,1.0,1.0,1.0,true,"Console harness, Signal circuit, segment 2/2"
1102,ALTIMA2000_ELEC_Wire_Console_005,Electrical_Cabin,EL,Wire_Cabin,Wire,MAT_Wire_Loom_Black,wire_blk,,0.500698,0.007467,0.76,0.0,0.0,0.0,1.0,1.0,1.0,true,"Console harness, Ground circuit, segment 1/2"
1103,ALTIMA2000_ELEC_Wire_Console_006,Electrical_Cabin,EL,Wire_Cabin,Wire,MAT_Wire_Loom_Black,wire_blk,,0.199727,0.012349,0.566458,0.0,0.0,0.0,1.0,1.0,1.0,true,"Console harness, Ground circuit, segment 2/2"
1104,ALTIMA2000_ELEC_WireClip_Console_001,Electrical_Cabin,EL,Wire_Cabin,WireClip,MAT_Plastic_Black_Matte,plastic_blk_m,,0.349824,0.022053,0.662759,0.0,0.0,0.0,1.0,1.0,1.0,true,Console loom retainer clip
1105,ALTIMA2000_ELEC_WireClip_Console_002,Electrical_Cabin,EL,Wire_Cabin,WireClip,MAT_Plastic_Black_Matte,plastic_blk_m,,0.207224,0.012587,0.566458,0.0,0.0,0.0,1.0,1.0,1.0,true,Console loom retainer clip
1106,ALTIMA2000_ELEC_WireClip_Console_003,Electrical_Cabin,EL,Wire_Cabin,WireClip,MAT_Plastic_Black_Matte,plastic_blk_m,,0.296876,-0.178754,0.601268,0.0,0.0,0.0,1.0,1.0,1.0,true,Console loom retainer clip
1107,ALTIMA2000_ELEC_WireClip_Console_004,Electrical_Cabin,EL,Wire_Cabin,WireClip,MAT_Plastic_Black_Matte,plastic_blk_m,,0.399195,-0.318626,0.651237,0.0,0.0,0.0,1.0,1.0,1.0,true,Console loom retainer clip
1108,ALTIMA2000_ELEC_WireConn_Console_001,Electrical_Cabin,EL,Wire_Cabin,WireConn,MAT_Connector_PA66,connector,,0.5,0.0,0.76,0.0,0.0,0.0,1.0,1.0,1.0,true,Console Radio connector shell
1109,ALTIMA2000_ELEC_WireConn_Console_002,Electrical_Cabin,EL,Wire_Cabin,WireConn,MAT_Connector_PA66,connector,,0.5,-0.46,0.7,0.0,0.0,0.0,1.0,1.0,1.0,true,Console FuseBox connector shell
1110,ALTIMA2000_ELEC_Wire_HVAC_001,Electrical_Cabin,EL,Wire_Cabin,Wire,MAT_Wire_Signal_Blue,wire_blu,,0.301712,-0.396663,0.6,0.0,0.0,0.0,1.0,1.0,1.0,true,"HVAC harness, Power circuit, segment 1/2"
1111,ALTIMA2000_ELEC_Wire_HVAC_002,Electrical_Cabin,EL,Wire_Cabin,Wire,MAT_Wire_Signal_Blue,wire_blu,,0.495709,-0.497195,0.759156,0.0,0.0,0.0,1.0,1.0,1.0,true,"HVAC harness, Power circuit, segment 2/2"
1112,ALTIMA2000_ELEC_Wire_HVAC_003,Electrical_Cabin,EL,Wire_Cabin,Wire,MAT_Wire_Loom_Black,wire_blk,,0.298288,-0.403337,0.6,0.0,0.0,0.0,1.0,1.0,1.0,true,"HVAC harness, Ground circuit, segment 1/2"
1113,ALTIMA2000_ELEC_Wire_HVAC_004,Electrical_Cabin,EL,Wire_Cabin,Wire,MAT_Wire_Loom_Black,wire_blk,,0.501655,-0.501767,0.759156,0.0,0.0,0.0,1.0,1.0,1.0,true,"HVAC harness, Ground circuit, segment 2/2"
1114,ALTIMA2000_ELEC_WireClip_HVAC_001,Electrical_Cabin,EL,Wire_Cabin,WireClip,MAT_Plastic_Black_Matte,plastic_blk_m,,0.365187,-0.43384,0.654019,0.0,0.0,0.0,1.0,1.0,1.0,true,HVAC loom retainer clip
1115,ALTIMA2000_ELEC_WireClip_HVAC_002,Electrical_Cabin,EL,Wire_Cabin,WireClip,MAT_Plastic_Black_Matte,plastic_blk_m,,0.397565,-0.450887,0.681209,0.0,0.0,0.0,1.0,1.0,1.0,true,HVAC loom retainer clip
1116,ALTIMA2000_ELEC_WireClip_HVAC_003,Electrical_Cabin,EL,Wire_Cabin,WireClip,MAT_Plastic_Black_Matte,plastic_blk_m,,0.463398,-0.484333,0.73467,0.0,0.0,0.0,1.0,1.0,1.0,true,HVAC loom retainer clip
1117,ALTIMA2000_ELEC_WireClip_HVAC_004,Electrical_Cabin,EL,Wire_Cabin,WireClip,MAT_Plastic_Black_Matte,plastic_blk_m,,0.498682,-0.499481,0.759156,0.0,0.0,0.0,1.0,1.0,1.0,true,HVAC loom retainer clip
1118,ALTIMA2000_ELEC_WireConn_HVAC_001,Electrical_Cabin,EL,Wire_Cabin,WireConn,MAT_Connector_PA66,connector,,0.3,-0.4,0.6,0.0,0.0,0.0,1.0,1.0,1.0,true,HVAC Blower connector shell
1119,ALTIMA2000_ELEC_WireConn_HVAC_002,Electrical_Cabin,EL,Wire_Cabin,WireConn,MAT_Connector_PA66,connector,,0.5,-0.46,0.7,0.0,0.0,0.0,1.0,1.0,1.0,true,HVAC FuseBox connector shell
1120,ALTIMA2000_ELEC_Wire_SeatPower_001,Electrical_Cabin,EL,Wire_Cabin,Wire,MAT_Wire_Power_Red,wire_red,,0.496837,-0.462015,0.7,0.0,0.0,0.0,1.0,1.0,1.0,true,"SeatPower harness, Power circuit, segment 1/3"
1121,ALTIMA2000_ELEC_Wire_SeatPower_002,Electrical_Cabin,EL,Wire_Cabin,Wire,MAT_Wire_Power_Red,wire_red,,0.190166,0.007073,0.558246,0.0,0.0,0.0,1.0,1.0,1.0,true,"SeatPower harness, Power circuit, segment 2/3"
1122,ALTIMA2000_ELEC_Wire_SeatPower_003,Electrical_Cabin,EL,Wire_Cabin,Wire,MAT_Wire_Power_Red,wire_red,,-0.148777,0.371819,0.4996,0.0,0.0,0.0,1.0,1.0,1.0,true,"SeatPower harness, Power circuit, segment 3/3"
1123,ALTIMA2000_ELEC_Wire_SeatPower_004,Electrical_Cabin,EL,Wire_Cabin,Wire,MAT_Wire_Loom_Black,wire_blk,,0.503163,-0.457985,0.7,0.0,0.0,0.0,1.0,1.0,1.0,true,"SeatPower harness, Ground circuit, segment 1/3"
1124,ALTIMA2000_ELEC_Wire_SeatPower_005,Electrical_Cabin,EL,Wire_Cabin,Wire,MAT_Wire_Loom_Black,wire_blk,,0.196215,0.011507,0.558246,0.0,0.0,0.0,1.0,1.0,1.0,true,"SeatPower harness, Ground circuit, segment 2/3"
1125,ALTIMA2000_ELEC_Wire_SeatPower_006,Electrical_Cabin,EL,Wire_Cabin,Wire,MAT_Wire_Loom_Black,wire_blk,,-0.155891,0.374193,0.4996,0.0,0.0,0.0,1.0,1.0,1.0,true,"SeatPower harness, Ground circuit, segment 3/3"
1126,ALTIMA2000_ELEC_WireClip_SeatPower_001,Electrical_Cabin,EL,Wire_Cabin,WireClip,MAT_Plastic_Black_Matte,plastic_blk_m,,0.340387,-0.205,0.618747,0.0,0.0,0.0,1.0,1.0,1.0,true,SeatPower loom retainer clip
1127,ALTIMA2000_ELEC_WireClip_SeatPower_002,Electrical_Cabin,EL,Wire_Cabin,WireClip,MAT_Plastic_Black_Matte,plastic_blk_m,,0.167171,0.044785,0.551544,0.0,0.0,0.0,1.0,1.0,1.0,true,SeatPower loom retainer clip
1128,ALTIMA2000_ELEC_WireClip_SeatPower_003,Electrical_Cabin,EL,Wire_Cabin,WireClip,MAT_Plastic_Black_Matte,plastic_blk_m,,-0.017129,0.293608,0.51807,0.0,0.0,0.0,1.0,1.0,1.0,true,SeatPower loom retainer clip
1129,ALTIMA2000_ELEC_WireClip_SeatPower_004,Electrical_Cabin,EL,Wire_Cabin,WireClip,MAT_Plastic_Black_Matte,plastic_blk_m,,-0.174278,0.242556,0.495838,0.0,0.0,0.0,1.0,1.0,1.0,true,SeatPower loom retainer clip
1130,ALTIMA2000_ELEC_WireClip_SeatPower_005,Electrical_Cabin,EL,Wire_Cabin,WireClip,MAT_Plastic_Black_Matte,plastic_blk_m,,-0.163863,-0.068726,0.497624,0.0,0.0,0.0,1.0,1.0,1.0,true,SeatPower loom retainer clip
1131,ALTIMA2000_ELEC_WireConn_SeatPower_001,Electrical_Cabin,EL,Wire_Cabin,WireConn,MAT_Connector_PA66,connector,,0.5,-0.46,0.7,0.0,0.0,0.0,1.0,1.0,1.0,true,SeatPower FuseBox connector shell
1132,ALTIMA2000_ELEC_WireConn_SeatPower_002,Electrical_Cabin,EL,Wire_Cabin,WireConn,MAT_Connector_PA66,connector,,-0.15,-0.38,0.5,0.0,0.0,0.0,1.0,1.0,1.0,true,SeatPower SeatR connector shell
1133,ALTIMA2000_ELEC_Wire_AudioRear_001,Electrical_Cabin,EL,Wire_Cabin,Wire,MAT_Wire_Signal_Blue,wire_blu,,0.496789,-0.001936,0.76,0.0,0.0,0.0,1.0,1.0,1.0,true,"AudioRear harness, Signal circuit, segment 1/4"
1134,ALTIMA2000_ELEC_Wire_AudioRear_002,Electrical_Cabin,EL,Wire_Cabin,Wire,MAT_Wire_Signal_Blue,wire_blu,,0.000247,0.695641,0.300479,0.0,0.0,0.0,1.0,1.0,1.0,true,"AudioRear harness, Signal circuit, segment 2/4"
1135,ALTIMA2000_ELEC_Wire_AudioRear_003,Electrical_Cabin,EL,Wire_Cabin,Wire,MAT_Wire_Signal_Blue,wire_blu,,-1.201979,0.696013,0.300712,0.0,0.0,0.0,1.0,1.0,1.0,true,"AudioRear harness, Signal circuit, segment 3/4"
1136,ALTIMA2000_ELEC_Wire_AudioRear_004,Electrical_Cabin,EL,Wire_Cabin,Wire,MAT_Wire_Signal_Blue,wire_blu,,-1.356595,0.515262,0.520459,0.0,0.0,0.0,1.0,1.0,1.0,true,"AudioRear harness, Signal circuit, segment 4/4"
1137,ALTIMA2000_ELEC_Wire_AudioRear_005,Electrical_Cabin,EL,Wire_Cabin,Wire,MAT_Wire_Signal_Grey,wire_gry,,0.503211,0.001936,0.76,0.0,0.0,0.0,1.0,1.0,1.0,true,"AudioRear harness, Signal2 circuit, segment 1/4"
1138,ALTIMA2000_ELEC_Wire_AudioRear_006,Electrical_Cabin,EL,Wire_Cabin,Wire,MAT_Wire_Signal_Grey,wire_gry,,0.002123,0.702902,0.300479,0.0,0.0,0.0,1.0,1.0,1.0,true,"AudioRear harness, Signal2 circuit, segment 2/4"
1139,ALTIMA2000_ELEC_Wire_AudioRear_007,Electrical_Cabin,EL,Wire_Cabin,Wire,MAT_Wire_Signal_Grey,wire_gry,,-1.202788,0.703469,0.300712,0.0,0.0,0.0,1.0,1.0,1.0,true,"AudioRear harness, Signal2 circuit, segment 3/4"
1140,ALTIMA2000_ELEC_Wire_AudioRear_008,Electrical_Cabin,EL,Wire_Cabin,Wire,MAT_Wire_Signal_Grey,wire_gry,,-1.364074,0.515823,0.520459,0.0,0.0,0.0,1.0,1.0,1.0,true,"AudioRear harness, Signal2 circuit, segment 4/4"
1141,ALTIMA2000_ELEC_WireClip_AudioRear_001,Electrical_Cabin,EL,Wire_Cabin,WireClip,MAT_Plastic_Black_Matte,plastic_blk_m,,0.281921,0.413368,0.488358,0.0,0.0,0.0,1.0,1.0,1.0,true,AudioRear loom retainer clip
1142,ALTIMA2000_ELEC_WireClip_AudioRear_002,Electrical_Cabin,EL,Wire_Cabin,WireClip,MAT_Plastic_Black_Matte,plastic_blk_m,,-0.04176,0.710369,0.292899,0.0,0.0,0.0,1.0,1.0,1.0,true,AudioRear loom retainer clip
1143,ALTIMA2000_ELEC_WireClip_AudioRear_003,Electrical_Cabin,EL,Wire_Cabin,WireClip,MAT_Plastic_Black_Matte,plastic_blk_m,,-0.575979,0.755679,0.257554,0.0,0.0,0.0,1.0,1.0,1.0,true,AudioRear loom retainer clip
1144,ALTIMA2000_ELEC_WireClip_AudioRear_004,Electrical_Cabin,EL,Wire_Cabin,WireClip,MAT_Plastic_Black_Matte,plastic_blk_m,,-1.069241,0.71637,0.284039,0.0,0.0,0.0,1.0,1.0,1.0,true,AudioRear loom retainer clip
1145,ALTIMA2000_ELEC_WireClip_AudioRear_005,Electrical_Cabin,EL,Wire_Cabin,WireClip,MAT_Plastic_Black_Matte,plastic_blk_m,,-1.360334,0.515542,0.520459,0.0,0.0,0.0,1.0,1.0,1.0,true,AudioRear loom retainer clip
1146,ALTIMA2000_ELEC_WireClip_AudioRear_006,Electrical_Cabin,EL,Wire_Cabin,WireClip,MAT_Plastic_Black_Matte,plastic_blk_m,,-1.369311,0.020722,0.532802,0.0,0.0,0.0,1.0,1.0,1.0,true,AudioRear loom retainer clip
1147,ALTIMA2000_ELEC_WireConn_AudioRear_001,Electrical_Cabin,EL,Wire_Cabin,WireConn,MAT_Connector_PA66,connector,,0.5,0.0,0.76,0.0,0.0,0.0,1.0,1.0,1.0,true,AudioRear Radio connector shell
1148,ALTIMA2000_ELEC_WireConn_AudioRear_002,Electrical_Cabin,EL,Wire_Cabin,WireConn,MAT_Connector_PA66,connector,,-1.36,-0.52,0.52,0.0,0.0,0.0,1.0,1.0,1.0,true,AudioRear SpeakerR connector shell
1149,ALTIMA2000_ELEC_Wire_BodyRear_001,Electrical_Body,EL,Wire_Body,Wire,MAT_Wire_Power_Red,wire_red,,-1.499225,-0.40746,0.6,0.0,0.0,0.0,1.0,1.0,1.0,true,"BodyRear harness, Power circuit, segment 1/4"
1150,ALTIMA2000_ELEC_Wire_BodyRear_002,Electrical_Body,EL,Wire_Body,Wire,MAT_Wire_Power_Red,wire_red,,-2.009372,-0.39612,0.700463,0.0,0.0,0.0,1.0,1.0,1.0,true,"BodyRear harness, Power circuit, segment 2/4"
1151,ALTIMA2000_ELEC_Wire_BodyRear_003,Electrical_Body,EL,Wire_Body,Wire,MAT_Wire_Power_Red,wire_red,,-2.004771,0.405798,0.699948,0.0,0.0,0.0,1.0,1.0,1.0,true,"BodyRear harness, Power circuit, segment 3/4"
1152,ALTIMA2000_ELEC_Wire_BodyRear_004,Electrical_Body,EL,Wire_Body,Wire,MAT_Wire_Power_Red,wire_red,,-1.499443,0.407745,0.600727,0.0,0.0,0.0,1.0,1.0,1.0,true,"BodyRear harness, Power circuit, segment 4/4"
1153,ALTIMA2000_ELEC_Wire_BodyRear_005,Electrical_Body,EL,Wire_Body,Wire,MAT_Wire_Loom_Black,wire_blk,,-1.5,-0.4,0.6,0.0,0.0,0.0,1.0,1.0,1.0,true,"BodyRear harness, Ground circuit, segment 1/4"
1154,ALTIMA2000_ELEC_Wire_BodyRear_006,Electrical_Body,EL,Wire_Body,Wire,MAT_Wire_Loom_Black,wire_blk,,-2.002316,-0.393576,0.700463,0.0,0.0,0.0,1.0,1.0,1.0,true,"BodyRear harness, Ground circuit, segment 2/4"
1155,ALTIMA2000_ELEC_Wire_BodyRear_007,Electrical_Body,EL,Wire_Body,Wire,MAT_Wire_Loom_Black,wire_blk,,-1.999737,0.400239,0.699948,0.0,0.0,0.0,1.0,1.0,1.0,true,"BodyRear harness, Ground circuit, segment 3/4"
1156,ALTIMA2000_ELEC_Wire_BodyRear_008,Electrical_Body,EL,Wire_Body,Wire,MAT_Wire_Loom_Black,wire_blk,,-1.503581,0.40149,0.600727,0.0,0.0,0.0,1.0,1.0,1.0,true,"BodyRear harness, Ground circuit, segment 4/4"
1157,ALTIMA2000_ELEC_Wire_BodyRear_009,Electrical_Body,EL,Wire_Body,Wire,MAT_Wire_Signal_Green,wire_grn,,-1.500775,-0.39254,0.6,0.0,0.0,0.0,1.0,1.0,1.0,true,"BodyRear harness, Signal circuit, segment 1/4"
1158,ALTIMA2000_ELEC_Wire_BodyRear_010,Electrical_Body,EL,Wire_Body,Wire,MAT_Wire_Signal_Green,wire_grn,,-1.995261,-0.391032,0.700463,0.0,0.0,0.0,1.0,1.0,1.0,true,"BodyRear harness, Signal circuit, segment 2/4"
1159,ALTIMA2000_ELEC_Wire_BodyRear_011,Electrical_Body,EL,Wire_Body,Wire,MAT_Wire_Signal_Green,wire_grn,,-1.994702,0.394679,0.699948,0.0,0.0,0.0,1.0,1.0,1.0,true,"BodyRear harness, Signal circuit, segment 3/4"
1160,ALTIMA2000_ELEC_Wire_BodyRear_012,Electrical_Body,EL,Wire_Body,Wire,MAT_Wire_Signal_Green,wire_grn,,-1.507719,0.395235,0.600727,0.0,0.0,0.0,1.0,1.0,1.0,true,"BodyRear harness, Signal circuit, segment 4/4"
1161,ALTIMA2000_ELEC_Grommet_BodyRear_001,Electrical_Body,EL,Wire_Body,Grommet,MAT_Rubber_EPDM_Seal,rubber,,-1.5,-0.4,0.6,0.0,0.0,0.0,1.0,1.0,1.0,true,BodyRear RearBulkhead grommet
1162,ALTIMA2000_ELEC_WireClip_BodyRear_001,Electrical_Body,EL,Wire_Body,WireClip,MAT_Plastic_Black_Matte,plastic_blk_m,,-1.760505,-0.445601,0.652101,0.0,0.0,0.0,1.0,1.0,1.0,true,BodyRear loom retainer clip
1163,ALTIMA2000_ELEC_WireClip_BodyRear_002,Electrical_Body,EL,Wire_Body,WireClip,MAT_Plastic_Black_Matte,plastic_blk_m,,-2.002316,-0.393576,0.700463,0.0,0.0,0.0,1.0,1.0,1.0,true,BodyRear loom retainer clip
1164,ALTIMA2000_ELEC_WireClip_BodyRear_003,Electrical_Body,EL,Wire_Body,WireClip,MAT_Plastic_Black_Matte,plastic_blk_m,,-2.056909,-0.131211,0.711382,0.0,0.0,0.0,1.0,1.0,1.0,true,BodyRear loom retainer clip
1165,ALTIMA2000_ELEC_WireClip_BodyRear_004,Electrical_Body,EL,Wire_Body,WireClip,MAT_Plastic_Black_Matte,plastic_blk_m,,-2.056602,0.138408,0.71132,0.0,0.0,0.0,1.0,1.0,1.0,true,BodyRear loom retainer clip
1166,ALTIMA2000_ELEC_WireClip_BodyRear_005,Electrical_Body,EL,Wire_Body,WireClip,MAT_Plastic_Black_Matte,plastic_blk_m,,-1.999737,0.400239,0.699948,0.0,0.0,0.0,1.0,1.0,1.0,true,BodyRear loom retainer clip
1167,ALTIMA2000_ELEC_WireClip_BodyRear_006,Electrical_Body,EL,Wire_Body,WireClip,MAT_Plastic_Black_Matte,plastic_blk_m,,-1.757395,0.473516,0.651735,0.0,0.0,0.0,1.0,1.0,1.0,true,BodyRear loom retainer clip
1168,ALTIMA2000_ELEC_WireClip_BodyRear_007,Electrical_Body,EL,Wire_Body,WireClip,MAT_Plastic_Black_Matte,plastic_blk_m,,-1.503581,0.40149,0.600727,0.0,0.0,0.0,1.0,1.0,1.0,true,BodyRear loom retainer clip
1169,ALTIMA2000_ELEC_WireClip_BodyRear_008,Electrical_Body,EL,Wire_Body,WireClip,MAT_Plastic_Black_Matte,plastic_blk_m,,-1.319153,0.212506,0.562001,0.0,0.0,0.0,1.0,1.0,1.0,true,BodyRear loom retainer clip
1170,ALTIMA2000_ELEC_WireConn_BodyRear_001,Electrical_Body,EL,Wire_Body,WireConn,MAT_Connector_PA66,connector,,-1.5,-0.4,0.6,0.0,0.0,0.0,1.0,1.0,1.0,true,BodyRear Bulkhead connector shell
1171,ALTIMA2000_ELEC_WireConn_BodyRear_002,Electrical_Body,EL,Wire_Body,WireConn,MAT_Connector_PA66,connector,,-1.17,-0.01,0.53,0.0,0.0,0.0,1.0,1.0,1.0,true,BodyRear Ground connector shell
1172,ALTIMA2000_ELEC_Wire_FuelPump_001,Electrical_Body,EL,Wire_Body,Wire,MAT_Wire_Power_Red,wire_red,,-0.700694,0.027468,0.4,0.0,0.0,0.0,1.0,1.0,1.0,true,"FuelPump harness, Feed circuit, segment 1/3"
1173,ALTIMA2000_ELEC_Wire_FuelPump_002,Electrical_Body,EL,Wire_Body,Wire,MAT_Wire_Power_Red,wire_red,,-0.40079,0.009727,0.360944,0.0,0.0,0.0,1.0,1.0,1.0,true,"FuelPump harness, Feed circuit, segment 2/3"
1174,ALTIMA2000_ELEC_Wire_FuelPump_003,Electrical_Body,EL,Wire_Body,Wire,MAT_Wire_Power_Red,wire_red,,-0.009541,-0.681136,0.29719,0.0,0.0,0.0,1.0,1.0,1.0,true,"FuelPump harness, Feed circuit, segment 3/3"
1175,ALTIMA2000_ELEC_Wire_FuelPump_004,Electrical_Body,EL,Wire_Body,Wire,MAT_Wire_Signal_Green,wire_grn,,-0.7,0.02,0.4,0.0,0.0,0.0,1.0,1.0,1.0,true,"FuelPump harness, Level circuit, segment 1/3"
1176,ALTIMA2000_ELEC_Wire_FuelPump_005,Electrical_Body,EL,Wire_Body,Wire,MAT_Wire_Signal_Green,wire_grn,,-0.406734,0.005152,0.360944,0.0,0.0,0.0,1.0,1.0,1.0,true,"FuelPump harness, Level circuit, segment 2/3"
1177,ALTIMA2000_ELEC_Wire_FuelPump_006,Electrical_Body,EL,Wire_Body,Wire,MAT_Wire_Signal_Green,wire_grn,,-0.012622,-0.687974,0.29719,0.0,0.0,0.0,1.0,1.0,1.0,true,"FuelPump harness, Level circuit, segment 3/3"
1178,ALTIMA2000_ELEC_Wire_FuelPump_007,Electrical_Body,EL,Wire_Body,Wire,MAT_Wire_Loom_Black,wire_blk,,-0.699306,0.012532,0.4,0.0,0.0,0.0,1.0,1.0,1.0,true,"FuelPump harness, Ground circuit, segment 1/3"
1179,ALTIMA2000_ELEC_Wire_FuelPump_008,Electrical_Body,EL,Wire_Body,Wire,MAT_Wire_Loom_Black,wire_blk,,-0.412677,0.000578,0.360944,0.0,0.0,0.0,1.0,1.0,1.0,true,"FuelPump harness, Ground circuit, segment 2/3"
1180,ALTIMA2000_ELEC_Wire_FuelPump_009,Electrical_Body,EL,Wire_Body,Wire,MAT_Wire_Loom_Black,wire_blk,,-0.015702,-0.694812,0.29719,0.0,0.0,0.0,1.0,1.0,1.0,true,"FuelPump harness, Ground circuit, segment 3/3"
1181,ALTIMA2000_ELEC_Grommet_FuelPump_001,Electrical_Body,EL,Wire_Body,Grommet,MAT_Rubber_EPDM_Seal,rubber,,-0.7,0.02,0.4,0.0,0.0,0.0,1.0,1.0,1.0,true,FuelPump Floor grommet
1182,ALTIMA2000_ELEC_WireClip_FuelPump_001,Electrical_Body,EL,Wire_Body,WireClip,MAT_Plastic_Black_Matte,plastic_blk_m,,-0.406734,0.005152,0.360944,0.0,0.0,0.0,1.0,1.0,1.0,true,FuelPump loom retainer clip
1183,ALTIMA2000_ELEC_WireClip_FuelPump_002,Electrical_Body,EL,Wire_Body,WireClip,MAT_Plastic_Black_Matte,plastic_blk_m,,-0.25648,-0.26622,0.317285,0.0,0.0,0.0,1.0,1.0,1.0,true,FuelPump loom retainer clip
1184,ALTIMA2000_ELEC_WireClip_FuelPump_003,Electrical_Body,EL,Wire_Body,WireClip,MAT_Plastic_Black_Matte,plastic_blk_m,,-0.144971,-0.50999,0.286789,0.0,0.0,0.0,1.0,1.0,1.0,true,FuelPump loom retainer clip
1185,ALTIMA2000_ELEC_WireClip_FuelPump_004,Electrical_Body,EL,Wire_Body,WireClip,MAT_Plastic_Black_Matte,plastic_blk_m,,0.063377,-0.711767,0.332729,0.0,0.0,0.0,1.0,1.0,1.0,true,FuelPump loom retainer clip
1186,ALTIMA2000_ELEC_WireClip_FuelPump_005,Electrical_Body,EL,Wire_Body,WireClip,MAT_Plastic_Black_Matte,plastic_blk_m,,0.290774,-0.603742,0.514167,0.0,0.0,0.0,1.0,1.0,1.0,true,FuelPump loom retainer clip
1187,ALTIMA2000_ELEC_WireConn_FuelPump_001,Electrical_Body,EL,Wire_Body,WireConn,MAT_Connector_PA66,connector,,-0.7,0.02,0.4,0.0,0.0,0.0,1.0,1.0,1.0,true,FuelPump Pump connector shell
1188,ALTIMA2000_ELEC_WireConn_FuelPump_002,Electrical_Body,EL,Wire_Body,WireConn,MAT_Connector_PA66,connector,,0.5,-0.46,0.7,0.0,0.0,0.0,1.0,1.0,1.0,true,FuelPump FuseBox connector shell
1189,ALTIMA2000_ELEC_Wire_Roof_001,Electrical_Body,EL,Wire_Body,Wire,MAT_Wire_Signal_White,wire_wht,,0.243668,0.420782,0.74,0.0,0.0,0.0,1.0,1.0,1.0,true,"Roof harness, Power circuit, segment 1/5"
1190,ALTIMA2000_ELEC_Wire_Roof_002,Electrical_Body,EL,Wire_Body,Wire,MAT_Wire_Signal_White,wire_wht,,0.282274,0.01169,1.387626,0.0,0.0,0.0,1.0,1.0,1.0,true,"Roof harness, Power circuit, segment 2/5"
1191,ALTIMA2000_ELEC_Wire_Roof_003,Electrical_Body,EL,Wire_Body,Wire,MAT_Wire_Signal_White,wire_wht,,-0.298397,0.676303,1.359965,0.0,0.0,0.0,1.0,1.0,1.0,true,"Roof harness, Power circuit, segment 3/5"
1192,ALTIMA2000_ELEC_Wire_Roof_004,Electrical_Body,EL,Wire_Body,Wire,MAT_Wire_Signal_White,wire_wht,,-0.297365,0.020747,1.359963,0.0,0.0,0.0,1.0,1.0,1.0,true,"Roof harness, Power circuit, segment 4/5"
1193,ALTIMA2000_ELEC_Wire_Roof_005,Electrical_Body,EL,Wire_Body,Wire,MAT_Wire_Signal_White,wire_wht,,-0.281586,-0.676926,1.364103,0.0,0.0,0.0,1.0,1.0,1.0,true,"Roof harness, Power circuit, segment 5/5"
1194,ALTIMA2000_ELEC_Wire_Roof_006,Electrical_Body,EL,Wire_Body,Wire,MAT_Wire_Signal_Brown,wire_brn,,0.236332,0.419218,0.74,0.0,0.0,0.0,1.0,1.0,1.0,true,"Roof harness, Ground circuit, segment 1/5"
1195,ALTIMA2000_ELEC_Wire_Roof_007,Electrical_Body,EL,Wire_Body,Wire,MAT_Wire_Signal_Brown,wire_brn,,0.287444,0.017123,1.387626,0.0,0.0,0.0,1.0,1.0,1.0,true,"Roof harness, Ground circuit, segment 2/5"
1196,ALTIMA2000_ELEC_Wire_Roof_008,Electrical_Body,EL,Wire_Body,Wire,MAT_Wire_Signal_Brown,wire_brn,,-0.303693,0.681613,1.359965,0.0,0.0,0.0,1.0,1.0,1.0,true,"Roof harness, Ground circuit, segment 3/5"
1197,ALTIMA2000_ELEC_Wire_Roof_009,Electrical_Body,EL,Wire_Body,Wire,MAT_Wire_Signal_Brown,wire_brn,,-0.304826,0.019981,1.359963,0.0,0.0,0.0,1.0,1.0,1.0,true,"Roof harness, Ground circuit, segment 4/5"
1198,ALTIMA2000_ELEC_Wire_Roof_010,Electrical_Body,EL,Wire_Body,Wire,MAT_Wire_Signal_Brown,wire_brn,,-0.281947,-0.669435,1.364103,0.0,0.0,0.0,1.0,1.0,1.0,true,"Roof harness, Ground circuit, segment 5/5"
1199,ALTIMA2000_ELEC_WireClip_Roof_001,Electrical_Body,EL,Wire_Body,WireClip,MAT_Plastic_Black_Matte,plastic_blk_m,,0.325704,0.005782,1.317577,0.0,0.0,0.0,1.0,1.0,1.0,true,Roof loom retainer clip
1200,ALTIMA2000_ELEC_WireClip_Roof_002,Electrical_Body,EL,Wire_Body,WireClip,MAT_Plastic_Black_Matte,plastic_blk_m,,-0.080291,0.462929,1.396166,0.0,0.0,0.0,1.0,1.0,1.0,true,Roof loom retainer clip
1201,ALTIMA2000_ELEC_WireClip_Roof_003,Electrical_Body,EL,Wire_Body,WireClip,MAT_Plastic_Black_Matte,plastic_blk_m,,-0.323495,0.289361,1.359217,0.0,0.0,0.0,1.0,1.0,1.0,true,Roof loom retainer clip
1202,ALTIMA2000_ELEC_WireClip_Roof_004,Electrical_Body,EL,Wire_Body,WireClip,MAT_Plastic_Black_Matte,plastic_blk_m,,-0.202207,-0.416984,1.382003,0.0,0.0,0.0,1.0,1.0,1.0,true,Roof loom retainer clip
1203,ALTIMA2000_ELEC_WireClip_Roof_005,Electrical_Body,EL,Wire_Body,WireClip,MAT_Plastic_Black_Matte,plastic_blk_m,,-0.660148,-0.574805,1.278967,0.0,0.0,0.0,1.0,1.0,1.0,true,Roof loom retainer clip
1204,ALTIMA2000_ELEC_WireClip_Roof_006,Electrical_Body,EL,Wire_Body,WireClip,MAT_Plastic_Black_Matte,plastic_blk_m,,-1.261157,-0.299298,1.14374,0.0,0.0,0.0,1.0,1.0,1.0,true,Roof loom retainer clip
1205,ALTIMA2000_ELEC_WireConn_Roof_001,Electrical_Body,EL,Wire_Body,WireConn,MAT_Connector_PA66,connector,,0.24,0.42,0.74,0.0,0.0,0.0,1.0,1.0,1.0,true,Roof BCM connector shell
1206,ALTIMA2000_ELEC_WireConn_Roof_002,Electrical_Body,EL,Wire_Body,WireConn,MAT_Connector_PA66,connector,,-1.9,0.0,1.0,0.0,0.0,0.0,1.0,1.0,1.0,true,Roof Antenna connector shell
1207,ALTIMA2000_ELEC_Wire_DoorFL_001,Electrical_Door,EL,Wire_Door,Wire,MAT_Wire_Power_Red,wire_red,,0.651617,0.292497,0.7,0.0,0.0,0.0,1.0,1.0,1.0,true,"DoorFL harness, Power circuit, segment 1/5"
1208,ALTIMA2000_ELEC_Wire_DoorFL_002,Electrical_Door,EL,Wire_Door,Wire,MAT_Wire_Power_Red,wire_red,,0.488544,0.504368,0.75978,0.0,0.0,0.0,1.0,1.0,1.0,true,"DoorFL harness, Power circuit, segment 2/5"
1209,ALTIMA2000_ELEC_Wire_DoorFL_003,Electrical_Door,EL,Wire_Door,Wire,MAT_Wire_Power_Red,wire_red,,0.568603,0.76106,0.703083,0.0,0.0,0.0,1.0,1.0,1.0,true,"DoorFL harness, Power circuit, segment 3/5"
1210,ALTIMA2000_ELEC_Wire_DoorFL_004,Electrical_Door,EL,Wire_Door,Wire,MAT_Wire_Power_Red,wire_red,,0.556055,0.54698,0.569266,0.0,0.0,0.0,1.0,1.0,1.0,true,"DoorFL harness, Power circuit, segment 4/5"
1211,ALTIMA2000_ELEC_Wire_DoorFL_005,Electrical_Door,EL,Wire_Door,Wire,MAT_Wire_Power_Red,wire_red,,0.469154,0.641962,0.858768,0.0,0.0,0.0,1.0,1.0,1.0,true,"DoorFL harness, Power circuit, segment 5/5"
1212,ALTIMA2000_ELEC_Wire_DoorFL_006,Electrical_Door,EL,Wire_Door,Wire,MAT_Wire_Signal_Green,wire_grn,,0.657206,0.297499,0.7,0.0,0.0,0.0,1.0,1.0,1.0,true,"DoorFL harness, Signal circuit, segment 1/5"
1213,ALTIMA2000_ELEC_Wire_DoorFL_007,Electrical_Door,EL,Wire_Door,Wire,MAT_Wire_Signal_Green,wire_grn,,0.496041,0.504562,0.75978,0.0,0.0,0.0,1.0,1.0,1.0,true,"DoorFL harness, Signal circuit, segment 2/5"
1214,ALTIMA2000_ELEC_Wire_DoorFL_008,Electrical_Door,EL,Wire_Door,Wire,MAT_Wire_Signal_Green,wire_grn,,0.561704,0.75812,0.703083,0.0,0.0,0.0,1.0,1.0,1.0,true,"DoorFL harness, Signal circuit, segment 3/5"
1215,ALTIMA2000_ELEC_Wire_DoorFL_009,Electrical_Door,EL,Wire_Door,Wire,MAT_Wire_Signal_Green,wire_grn,,0.556055,0.554478,0.569442,0.0,0.0,0.0,1.0,1.0,1.0,true,"DoorFL harness, Signal circuit, segment 4/5"
1216,ALTIMA2000_ELEC_Wire_DoorFL_010,Electrical_Door,EL,Wire_Door,Wire,MAT_Wire_Signal_Green,wire_grn,,0.476434,0.640158,0.858768,0.0,0.0,0.0,1.0,1.0,1.0,true,"DoorFL harness, Signal circuit, segment 5/5"
1217,ALTIMA2000_ELEC_Wire_DoorFL_011,Electrical_Door,EL,Wire_Door,Wire,MAT_Wire_Signal_Yellow,wire_ylw,,0.662794,0.302501,0.7,0.0,0.0,0.0,1.0,1.0,1.0,true,"DoorFL harness, Signal2 circuit, segment 1/5"
1218,ALTIMA2000_ELEC_Wire_DoorFL_012,Electrical_Door,EL,Wire_Door,Wire,MAT_Wire_Signal_Yellow,wire_ylw,,0.503539,0.504756,0.75978,0.0,0.0,0.0,1.0,1.0,1.0,true,"DoorFL harness, Signal2 circuit, segment 2/5"
1219,ALTIMA2000_ELEC_Wire_DoorFL_013,Electrical_Door,EL,Wire_Door,Wire,MAT_Wire_Signal_Yellow,wire_ylw,,0.554804,0.75518,0.703083,0.0,0.0,0.0,1.0,1.0,1.0,true,"DoorFL harness, Signal2 circuit, segment 3/5"
1220,ALTIMA2000_ELEC_Wire_DoorFL_014,Electrical_Door,EL,Wire_Door,Wire,MAT_Wire_Signal_Yellow,wire_ylw,,0.556055,0.561975,0.569618,0.0,0.0,0.0,1.0,1.0,1.0,true,"DoorFL harness, Signal2 circuit, segment 4/5"
1221,ALTIMA2000_ELEC_Wire_DoorFL_015,Electrical_Door,EL,Wire_Door,Wire,MAT_Wire_Signal_Yellow,wire_ylw,,0.483714,0.638354,0.858768,0.0,0.0,0.0,1.0,1.0,1.0,true,"DoorFL harness, Signal2 circuit, segment 5/5"
1222,ALTIMA2000_ELEC_Wire_DoorFL_016,Electrical_Door,EL,Wire_Door,Wire,MAT_Wire_Loom_Black,wire_blk,,0.668383,0.307503,0.7,0.0,0.0,0.0,1.0,1.0,1.0,true,"DoorFL harness, Ground circuit, segment 1/5"
1223,ALTIMA2000_ELEC_Wire_DoorFL_017,Electrical_Door,EL,Wire_Door,Wire,MAT_Wire_Loom_Black,wire_blk,,0.511036,0.50495,0.75978,0.0,0.0,0.0,1.0,1.0,1.0,true,"DoorFL harness, Ground circuit, segment 2/5"
1224,ALTIMA2000_ELEC_Wire_DoorFL_018,Electrical_Door,EL,Wire_Door,Wire,MAT_Wire_Loom_Black,wire_blk,,0.547904,0.75224,0.703083,0.0,0.0,0.0,1.0,1.0,1.0,true,"DoorFL harness, Ground circuit, segment 3/5"
1225,ALTIMA2000_ELEC_Wire_DoorFL_019,Electrical_Door,EL,Wire_Door,Wire,MAT_Wire_Loom_Black,wire_blk,,0.556055,0.569473,0.569794,0.0,0.0,0.0,1.0,1.0,1.0,true,"DoorFL harness, Ground circuit, segment 4/5"
1226,ALTIMA2000_ELEC_Wire_DoorFL_020,Electrical_Door,EL,Wire_Door,Wire,MAT_Wire_Loom_Black,wire_blk,,0.490994,0.63655,0.858768,0.0,0.0,0.0,1.0,1.0,1.0,true,"DoorFL harness, Ground circuit, segment 5/5"
1227,ALTIMA2000_ELEC_Grommet_DoorFL_001,Electrical_Door,EL,Wire_Door,Grommet,MAT_Rubber_EPDM_Seal,rubber,,0.56,0.76,0.7,0.0,0.0,0.0,1.0,1.0,1.0,true,DoorFL DoorGrommet grommet
1228,ALTIMA2000_ELEC_WireClip_DoorFL_001,Electrical_Door,EL,Wire_Door,WireClip,MAT_Plastic_Black_Matte,plastic_blk_m,,0.514506,0.462347,0.756745,0.0,0.0,0.0,1.0,1.0,1.0,true,DoorFL loom retainer clip
1229,ALTIMA2000_ELEC_WireClip_DoorFL_002,Electrical_Door,EL,Wire_Door,WireClip,MAT_Plastic_Black_Matte,plastic_blk_m,,0.542446,0.720911,0.724337,0.0,0.0,0.0,1.0,1.0,1.0,true,DoorFL loom retainer clip
1230,ALTIMA2000_ELEC_WireClip_DoorFL_003,Electrical_Door,EL,Wire_Door,WireClip,MAT_Plastic_Black_Matte,plastic_blk_m,,0.568278,0.633346,0.583587,0.0,0.0,0.0,1.0,1.0,1.0,true,DoorFL loom retainer clip
1231,ALTIMA2000_ELEC_WireClip_DoorFL_004,Electrical_Door,EL,Wire_Door,WireClip,MAT_Plastic_Black_Matte,plastic_blk_m,,0.511908,0.571866,0.69587,0.0,0.0,0.0,1.0,1.0,1.0,true,DoorFL loom retainer clip
1232,ALTIMA2000_ELEC_WireClip_DoorFL_005,Electrical_Door,EL,Wire_Door,WireClip,MAT_Plastic_Black_Matte,plastic_blk_m,,0.503126,0.708367,0.910517,0.0,0.0,0.0,1.0,1.0,1.0,true,DoorFL loom retainer clip
1233,ALTIMA2000_ELEC_WireConn_DoorFL_001,Electrical_Door,EL,Wire_Door,WireConn,MAT_Connector_PA66,connector,,0.66,0.3,0.7,0.0,0.0,0.0,1.0,1.0,1.0,true,DoorFL Body connector shell
1234,ALTIMA2000_ELEC_WireConn_DoorFL_002,Electrical_Door,EL,Wire_Door,WireConn,MAT_Connector_PA66,connector,,0.6,0.9,0.98,0.0,0.0,0.0,1.0,1.0,1.0,true,DoorFL Mirror connector shell
1235,ALTIMA2000_ELEC_Wire_DoorFR_001,Electrical_Door,EL,Wire_Door,Wire,MAT_Wire_Power_Red,wire_red,,0.668383,-0.307503,0.7,0.0,0.0,0.0,1.0,1.0,1.0,true,"DoorFR harness, Power circuit, segment 1/5"
1236,ALTIMA2000_ELEC_Wire_DoorFR_002,Electrical_Door,EL,Wire_Door,Wire,MAT_Wire_Power_Red,wire_red,,0.511036,-0.50495,0.75978,0.0,0.0,0.0,1.0,1.0,1.0,true,"DoorFR harness, Power circuit, segment 2/5"
1237,ALTIMA2000_ELEC_Wire_DoorFR_003,Electrical_Door,EL,Wire_Door,Wire,MAT_Wire_Power_Red,wire_red,,0.547904,-0.75224,0.703083,0.0,0.0,0.0,1.0,1.0,1.0,true,"DoorFR harness, Power circuit, segment 3/5"
1238,ALTIMA2000_ELEC_Wire_DoorFR_004,Electrical_Door,EL,Wire_Door,Wire,MAT_Wire_Power_Red,wire_red,,0.556055,-0.569473,0.569794,0.0,0.0,0.0,1.0,1.0,1.0,true,"DoorFR harness, Power circuit, segment 4/5"
1239,ALTIMA2000_ELEC_Wire_DoorFR_005,Electrical_Door,EL,Wire_Door,Wire,MAT_Wire_Power_Red,wire_red,,0.490994,-0.63655,0.858768,0.0,0.0,0.0,1.0,1.0,1.0,true,"DoorFR harness, Power circuit, segment 5/5"
1240,ALTIMA2000_ELEC_Wire_DoorFR_006,Electrical_Door,EL,Wire_Door,Wire,MAT_Wire_Signal_Green,wire_grn,,0.662794,-0.302501,0.7,0.0,0.0,0.0,1.0,1.0,1.0,true,"DoorFR harness, Signal circuit, segment 1/5"
1241,ALTIMA2000_ELEC_Wire_DoorFR_007,Electrical_Door,EL,Wire_Door,Wire,MAT_Wire_Signal_Green,wire_grn,,0.503539,-0.504756,0.75978,0.0,0.0,0.0,1.0,1.0,1.0,true,"DoorFR harness, Signal circuit, segment 2/5"
1242,ALTIMA2000_ELEC_Wire_DoorFR_008,Electrical_Door,EL,Wire_Door,Wire,MAT_Wire_Signal_Green,wire_grn,,0.554804,-0.75518,0.703083,0.0,0.0,0.0,1.0,1.0,1.0,true,"DoorFR harness, Signal circuit, segment 3/5"
1243,ALTIMA2000_ELEC_Wire_DoorFR_009,Electrical_Door,EL,Wire_Door,Wire,MAT_Wire_Signal_Green,wire_grn,,0.556055,-0.561975,0.569618,0.0,0.0,0.0,1.0,1.0,1.0,true,"DoorFR harness, Signal circuit, segment 4/5"
1244,ALTIMA2000_ELEC_Wire_DoorFR_010,Electrical_Door,EL,Wire_Door,Wire,MAT_Wire_Signal_Green,wire_grn,,0.483714,-0.638354,0.858768,0.0,0.0,0.0,1.0,1.0,1.0,true,"DoorFR harness, Signal circuit, segment 5/5"
1245,ALTIMA2000_ELEC_Wire_DoorFR_011,Electrical_Door,EL,Wire_Door,Wire,MAT_Wire_Signal_Yellow,wire_ylw,,0.657206,-0.297499,0.7,0.0,0.0,0.0,1.0,1.0,1.0,true,"DoorFR harness, Signal2 circuit, segment 1/5"
1246,ALTIMA2000_ELEC_Wire_DoorFR_012,Electrical_Door,EL,Wire_Door,Wire,MAT_Wire_Signal_Yellow,wire_ylw,,0.496041,-0.504562,0.75978,0.0,0.0,0.0,1.0,1.0,1.0,true,"DoorFR harness, Signal2 circuit, segment 2/5"
1247,ALTIMA2000_ELEC_Wire_DoorFR_013,Electrical_Door,EL,Wire_Door,Wire,MAT_Wire_Signal_Yellow,wire_ylw,,0.561704,-0.75812,0.703083,0.0,0.0,0.0,1.0,1.0,1.0,true,"DoorFR harness, Signal2 circuit, segment 3/5"
1248,ALTIMA2000_ELEC_Wire_DoorFR_014,Electrical_Door,EL,Wire_Door,Wire,MAT_Wire_Signal_Yellow,wire_ylw,,0.556055,-0.554478,0.569442,0.0,0.0,0.0,1.0,1.0,1.0,true,"DoorFR harness, Signal2 circuit, segment 4/5"
1249,ALTIMA2000_ELEC_Wire_DoorFR_015,Electrical_Door,EL,Wire_Door,Wire,MAT_Wire_Signal_Yellow,wire_ylw,,0.476434,-0.640158,0.858768,0.0,0.0,0.0,1.0,1.0,1.0,true,"DoorFR harness, Signal2 circuit, segment 5/5"
1250,ALTIMA2000_ELEC_Wire_DoorFR_016,Electrical_Door,EL,Wire_Door,Wire,MAT_Wire_Loom_Black,wire_blk,,0.651617,-0.292497,0.7,0.0,0.0,0.0,1.0,1.0,1.0,true,"DoorFR harness, Ground circuit, segment 1/5"
1251,ALTIMA2000_ELEC_Wire_DoorFR_017,Electrical_Door,EL,Wire_Door,Wire,MAT_Wire_Loom_Black,wire_blk,,0.488544,-0.504368,0.75978,0.0,0.0,0.0,1.0,1.0,1.0,true,"DoorFR harness, Ground circuit, segment 2/5"
1252,ALTIMA2000_ELEC_Wire_DoorFR_018,Electrical_Door,EL,Wire_Door,Wire,MAT_Wire_Loom_Black,wire_blk,,0.568603,-0.76106,0.703083,0.0,0.0,0.0,1.0,1.0,1.0,true,"DoorFR harness, Ground circuit, segment 3/5"
1253,ALTIMA2000_ELEC_Wire_DoorFR_019,Electrical_Door,EL,Wire_Door,Wire,MAT_Wire_Loom_Black,wire_blk,,0.556055,-0.54698,0.569266,0.0,0.0,0.0,1.0,1.0,1.0,true,"DoorFR harness, Ground circuit, segment 4/5"
1254,ALTIMA2000_ELEC_Wire_DoorFR_020,Electrical_Door,EL,Wire_Door,Wire,MAT_Wire_Loom_Black,wire_blk,,0.469154,-0.641962,0.858768,0.0,0.0,0.0,1.0,1.0,1.0,true,"DoorFR harness, Ground circuit, segment 5/5"
1255,ALTIMA2000_ELEC_Grommet_DoorFR_001,Electrical_Door,EL,Wire_Door,Grommet,MAT_Rubber_EPDM_Seal,rubber,,0.56,-0.76,0.7,0.0,0.0,0.0,1.0,1.0,1.0,true,DoorFR DoorGrommet grommet
1256,ALTIMA2000_ELEC_WireClip_DoorFR_001,Electrical_Door,EL,Wire_Door,WireClip,MAT_Plastic_Black_Matte,plastic_blk_m,,0.514506,-0.462347,0.756745,0.0,0.0,0.0,1.0,1.0,1.0,true,DoorFR loom retainer clip
1257,ALTIMA2000_ELEC_WireClip_DoorFR_002,Electrical_Door,EL,Wire_Door,WireClip,MAT_Plastic_Black_Matte,plastic_blk_m,,0.542446,-0.720911,0.724337,0.0,0.0,0.0,1.0,1.0,1.0,true,DoorFR loom retainer clip
1258,ALTIMA2000_ELEC_WireClip_DoorFR_003,Electrical_Door,EL,Wire_Door,WireClip,MAT_Plastic_Black_Matte,plastic_blk_m,,0.568278,-0.633346,0.583587,0.0,0.0,0.0,1.0,1.0,1.0,true,DoorFR loom retainer clip
1259,ALTIMA2000_ELEC_WireClip_DoorFR_004,Electrical_Door,EL,Wire_Door,WireClip,MAT_Plastic_Black_Matte,plastic_blk_m,,0.511908,-0.571866,0.69587,0.0,0.0,0.0,1.0,1.0,1.0,true,DoorFR loom retainer clip
1260,ALTIMA2000_ELEC_WireClip_DoorFR_005,Electrical_Door,EL,Wire_Door,WireClip,MAT_Plastic_Black_Matte,plastic_blk_m,,0.503126,-0.708367,0.910517,0.0,0.0,0.0,1.0,1.0,1.0,true,DoorFR loom retainer clip
1261,ALTIMA2000_ELEC_WireConn_DoorFR_001,Electrical_Door,EL,Wire_Door,WireConn,MAT_Connector_PA66,connector,,0.66,-0.3,0.7,0.0,0.0,0.0,1.0,1.0,1.0,true,DoorFR Body connector shell
1262,ALTIMA2000_ELEC_WireConn_DoorFR_002,Electrical_Door,EL,Wire_Door,WireConn,MAT_Connector_PA66,connector,,0.6,-0.9,0.98,0.0,0.0,0.0,1.0,1.0,1.0,true,DoorFR Mirror connector shell
1263,ALTIMA2000_ELEC_Wire_DoorRL_001,Electrical_Door,EL,Wire_Door,Wire,MAT_Wire_Power_Red,wire_red,,-0.001286,0.692611,0.3,0.0,0.0,0.0,1.0,1.0,1.0,true,"DoorRL harness, Power circuit, segment 1/2"
1264,ALTIMA2000_ELEC_Wire_DoorRL_002,Electrical_Door,EL,Wire_Door,Wire,MAT_Wire_Power_Red,wire_red,,-0.396661,0.752699,0.559173,0.0,0.0,0.0,1.0,1.0,1.0,true,"DoorRL harness, Power circuit, segment 2/2"
1265,ALTIMA2000_ELEC_Wire_DoorRL_003,Electrical_Door,EL,Wire_Door,Wire,MAT_Wire_Signal_Blue,wire_blu,,0.0,0.7,0.3,0.0,0.0,0.0,1.0,1.0,1.0,true,"DoorRL harness, Signal circuit, segment 1/2"
1266,ALTIMA2000_ELEC_Wire_DoorRL_004,Electrical_Door,EL,Wire_Door,Wire,MAT_Wire_Signal_Blue,wire_blu,,-0.39832,0.760013,0.559173,0.0,0.0,0.0,1.0,1.0,1.0,true,"DoorRL harness, Signal circuit, segment 2/2"
1267,ALTIMA2000_ELEC_Wire_DoorRL_005,Electrical_Door,EL,Wire_Door,Wire,MAT_Wire_Loom_Black,wire_blk,,0.001286,0.707389,0.3,0.0,0.0,0.0,1.0,1.0,1.0,true,"DoorRL harness, Ground circuit, segment 1/2"
1268,ALTIMA2000_ELEC_Wire_DoorRL_006,Electrical_Door,EL,Wire_Door,Wire,MAT_Wire_Loom_Black,wire_blk,,-0.39998,0.767327,0.559173,0.0,0.0,0.0,1.0,1.0,1.0,true,"DoorRL harness, Ground circuit, segment 2/2"
1269,ALTIMA2000_ELEC_Grommet_DoorRL_001,Electrical_Door,EL,Wire_Door,Grommet,MAT_Rubber_EPDM_Seal,rubber,,-0.4,0.76,0.56,0.0,0.0,0.0,1.0,1.0,1.0,true,DoorRL DoorGrommet grommet
1270,ALTIMA2000_ELEC_WireClip_DoorRL_001,Electrical_Door,EL,Wire_Door,WireClip,MAT_Plastic_Black_Matte,plastic_blk_m,,-0.106915,0.719592,0.373049,0.0,0.0,0.0,1.0,1.0,1.0,true,DoorRL loom retainer clip
1271,ALTIMA2000_ELEC_WireClip_DoorRL_002,Electrical_Door,EL,Wire_Door,WireClip,MAT_Plastic_Black_Matte,plastic_blk_m,,-0.212775,0.740804,0.447192,0.0,0.0,0.0,1.0,1.0,1.0,true,DoorRL loom retainer clip
1272,ALTIMA2000_ELEC_WireClip_DoorRL_003,Electrical_Door,EL,Wire_Door,WireClip,MAT_Plastic_Black_Matte,plastic_blk_m,,-0.35915,0.760323,0.539898,0.0,0.0,0.0,1.0,1.0,1.0,true,DoorRL loom retainer clip
1273,ALTIMA2000_ELEC_WireClip_DoorRL_004,Electrical_Door,EL,Wire_Door,WireClip,MAT_Plastic_Black_Matte,plastic_blk_m,,-0.476275,0.72856,0.566697,0.0,0.0,0.0,1.0,1.0,1.0,true,DoorRL loom retainer clip
1274,ALTIMA2000_ELEC_WireConn_DoorRL_001,Electrical_Door,EL,Wire_Door,WireConn,MAT_Connector_PA66,connector,,0.0,0.7,0.3,0.0,0.0,0.0,1.0,1.0,1.0,true,DoorRL Body connector shell
1275,ALTIMA2000_ELEC_WireConn_DoorRL_002,Electrical_Door,EL,Wire_Door,WireConn,MAT_Connector_PA66,connector,,-0.56,0.64,0.52,0.0,0.0,0.0,1.0,1.0,1.0,true,DoorRL Speaker connector shell
1276,ALTIMA2000_ELEC_Wire_DoorRR_001,Electrical_Door,EL,Wire_Door,Wire,MAT_Wire_Power_Red,wire_red,,0.001286,-0.707389,0.3,0.0,0.0,0.0,1.0,1.0,1.0,true,"DoorRR harness, Power circuit, segment 1/2"
1277,ALTIMA2000_ELEC_Wire_DoorRR_002,Electrical_Door,EL,Wire_Door,Wire,MAT_Wire_Power_Red,wire_red,,-0.39998,-0.767327,0.559173,0.0,0.0,0.0,1.0,1.0,1.0,true,"DoorRR harness, Power circuit, segment 2/2"
1278,ALTIMA2000_ELEC_Wire_DoorRR_003,Electrical_Door,EL,Wire_Door,Wire,MAT_Wire_Signal_Blue,wire_blu,,0.0,-0.7,0.3,0.0,0.0,0.0,1.0,1.0,1.0,true,"DoorRR harness, Signal circuit, segment 1/2"
1279,ALTIMA2000_ELEC_Wire_DoorRR_004,Electrical_Door,EL,Wire_Door,Wire,MAT_Wire_Signal_Blue,wire_blu,,-0.39832,-0.760013,0.559173,0.0,0.0,0.0,1.0,1.0,1.0,true,"DoorRR harness, Signal circuit, segment 2/2"
1280,ALTIMA2000_ELEC_Wire_DoorRR_005,Electrical_Door,EL,Wire_Door,Wire,MAT_Wire_Loom_Black,wire_blk,,-0.001286,-0.692611,0.3,0.0,0.0,0.0,1.0,1.0,1.0,true,"DoorRR harness, Ground circuit, segment 1/2"
1281,ALTIMA2000_ELEC_Wire_DoorRR_006,Electrical_Door,EL,Wire_Door,Wire,MAT_Wire_Loom_Black,wire_blk,,-0.396661,-0.752699,0.559173,0.0,0.0,0.0,1.0,1.0,1.0,true,"DoorRR harness, Ground circuit, segment 2/2"
1282,ALTIMA2000_ELEC_Grommet_DoorRR_001,Electrical_Door,EL,Wire_Door,Grommet,MAT_Rubber_EPDM_Seal,rubber,,-0.4,-0.76,0.56,0.0,0.0,0.0,1.0,1.0,1.0,true,DoorRR DoorGrommet grommet
1283,ALTIMA2000_ELEC_WireClip_DoorRR_001,Electrical_Door,EL,Wire_Door,WireClip,MAT_Plastic_Black_Matte,plastic_blk_m,,-0.106915,-0.719592,0.373049,0.0,0.0,0.0,1.0,1.0,1.0,true,DoorRR loom retainer clip
1284,ALTIMA2000_ELEC_WireClip_DoorRR_002,Electrical_Door,EL,Wire_Door,WireClip,MAT_Plastic_Black_Matte,plastic_blk_m,,-0.212775,-0.740804,0.447192,0.0,0.0,0.0,1.0,1.0,1.0,true,DoorRR loom retainer clip
1285,ALTIMA2000_ELEC_WireClip_DoorRR_003,Electrical_Door,EL,Wire_Door,WireClip,MAT_Plastic_Black_Matte,plastic_blk_m,,-0.35915,-0.760323,0.539898,0.0,0.0,0.0,1.0,1.0,1.0,true,DoorRR loom retainer clip
1286,ALTIMA2000_ELEC_WireClip_DoorRR_004,Electrical_Door,EL,Wire_Door,WireClip,MAT_Plastic_Black_Matte,plastic_blk_m,,-0.476275,-0.72856,0.566697,0.0,0.0,0.0,1.0,1.0,1.0,true,DoorRR loom retainer clip
1287,ALTIMA2000_ELEC_WireConn_DoorRR_001,Electrical_Door,EL,Wire_Door,WireConn,MAT_Connector_PA66,connector,,0.0,-0.7,0.3,0.0,0.0,0.0,1.0,1.0,1.0,true,DoorRR Body connector shell
1288,ALTIMA2000_ELEC_WireConn_DoorRR_002,Electrical_Door,EL,Wire_Door,WireConn,MAT_Connector_PA66,connector,,-0.56,-0.64,0.52,0.0,0.0,0.0,1.0,1.0,1.0,true,DoorRR Speaker connector shell
1289,ALTIMA2000_ELEC_Wire_ChassisRear_001,Electrical_Chassis,EL,Wire_Chassis,Wire,MAT_Wire_Power_Red,wire_red,,-0.066473,-0.288727,0.53,0.0,0.0,0.0,1.0,1.0,1.0,true,"ChassisRear harness, Power circuit, segment 1/5"
1290,ALTIMA2000_ELEC_Wire_ChassisRear_002,Electrical_Chassis,EL,Wire_Chassis,Wire,MAT_Wire_Power_Red,wire_red,,-0.01116,-0.705791,0.298837,0.0,0.0,0.0,1.0,1.0,1.0,true,"ChassisRear harness, Power circuit, segment 2/5"
1291,ALTIMA2000_ELEC_Wire_ChassisRear_003,Electrical_Chassis,EL,Wire_Chassis,Wire,MAT_Wire_Power_Red,wire_red,,-1.178417,-0.705278,0.29927,0.0,0.0,0.0,1.0,1.0,1.0,true,"ChassisRear harness, Power circuit, segment 3/5"
1292,ALTIMA2000_ELEC_Wire_ChassisRear_004,Electrical_Chassis,EL,Wire_Chassis,Wire,MAT_Wire_Power_Red,wire_red,,-1.246187,-0.623752,0.338705,0.0,0.0,0.0,1.0,1.0,1.0,true,"ChassisRear harness, Power circuit, segment 4/5"
1293,ALTIMA2000_ELEC_Wire_ChassisRear_005,Electrical_Chassis,EL,Wire_Chassis,Wire,MAT_Wire_Power_Red,wire_red,,-1.240472,0.586966,0.339461,0.0,0.0,0.0,1.0,1.0,1.0,true,"ChassisRear harness, Power circuit, segment 5/5"
1294,ALTIMA2000_ELEC_Wire_ChassisRear_006,Electrical_Chassis,EL,Wire_Chassis,Wire,MAT_Wire_Loom_Black,wire_blk,,-0.073527,-0.291273,0.53,0.0,0.0,0.0,1.0,1.0,1.0,true,"ChassisRear harness, Ground circuit, segment 1/5"
1295,ALTIMA2000_ELEC_Wire_ChassisRear_007,Electrical_Chassis,EL,Wire_Chassis,Wire,MAT_Wire_Loom_Black,wire_blk,,-0.012472,-0.698407,0.298837,0.0,0.0,0.0,1.0,1.0,1.0,true,"ChassisRear harness, Ground circuit, segment 2/5"
1296,ALTIMA2000_ELEC_Wire_ChassisRear_008,Electrical_Chassis,EL,Wire_Chassis,Wire,MAT_Wire_Loom_Black,wire_blk,,-1.178273,-0.697779,0.29927,0.0,0.0,0.0,1.0,1.0,1.0,true,"ChassisRear harness, Ground circuit, segment 3/5"
1297,ALTIMA2000_ELEC_Wire_ChassisRear_009,Electrical_Chassis,EL,Wire_Chassis,Wire,MAT_Wire_Loom_Black,wire_blk,,-1.238695,-0.624084,0.338705,0.0,0.0,0.0,1.0,1.0,1.0,true,"ChassisRear harness, Ground circuit, segment 4/5"
1298,ALTIMA2000_ELEC_Wire_ChassisRear_010,Electrical_Chassis,EL,Wire_Chassis,Wire,MAT_Wire_Loom_Black,wire_blk,,-1.240472,0.594382,0.338338,0.0,0.0,0.0,1.0,1.0,1.0,true,"ChassisRear harness, Ground circuit, segment 5/5"
1299,ALTIMA2000_ELEC_WireClip_ChassisRear_001,Electrical_Chassis,EL,Wire_Chassis,WireClip,MAT_Plastic_Black_Matte,plastic_blk_m,,0.025397,-0.681677,0.310279,0.0,0.0,0.0,1.0,1.0,1.0,true,ChassisRear loom retainer clip
1300,ALTIMA2000_ELEC_WireClip_ChassisRear_002,Electrical_Chassis,EL,Wire_Chassis,WireClip,MAT_Plastic_Black_Matte,plastic_blk_m,,-0.459121,-0.732984,0.282223,0.0,0.0,0.0,1.0,1.0,1.0,true,ChassisRear loom retainer clip
1301,ALTIMA2000_ELEC_WireClip_ChassisRear_003,Electrical_Chassis,EL,Wire_Chassis,WireClip,MAT_Plastic_Black_Matte,plastic_blk_m,,-0.908915,-0.7185,0.290652,0.0,0.0,0.0,1.0,1.0,1.0,true,ChassisRear loom retainer clip
1302,ALTIMA2000_ELEC_WireClip_ChassisRear_004,Electrical_Chassis,EL,Wire_Chassis,WireClip,MAT_Plastic_Black_Matte,plastic_blk_m,,-1.247416,-0.668583,0.336065,0.0,0.0,0.0,1.0,1.0,1.0,true,ChassisRear loom retainer clip
1303,ALTIMA2000_ELEC_WireClip_ChassisRear_005,Electrical_Chassis,EL,Wire_Chassis,WireClip,MAT_Plastic_Black_Matte,plastic_blk_m,,-1.245766,-0.174002,0.335082,0.0,0.0,0.0,1.0,1.0,1.0,true,ChassisRear loom retainer clip
1304,ALTIMA2000_ELEC_WireClip_ChassisRear_006,Electrical_Chassis,EL,Wire_Chassis,WireClip,MAT_Plastic_Black_Matte,plastic_blk_m,,-1.246682,0.276112,0.327641,0.0,0.0,0.0,1.0,1.0,1.0,true,ChassisRear loom retainer clip
1305,ALTIMA2000_ELEC_WireClip_ChassisRear_007,Electrical_Chassis,EL,Wire_Chassis,WireClip,MAT_Plastic_Black_Matte,plastic_blk_m,,-1.21526,0.467529,0.40715,0.0,0.0,0.0,1.0,1.0,1.0,true,ChassisRear loom retainer clip
1306,ALTIMA2000_ELEC_WireConn_ChassisRear_001,Electrical_Chassis,EL,Wire_Chassis,WireConn,MAT_Connector_PA66,connector,,-0.07,-0.29,0.53,0.0,0.0,0.0,1.0,1.0,1.0,true,ChassisRear Body connector shell
1307,ALTIMA2000_ELEC_WireConn_ChassisRear_002,Electrical_Chassis,EL,Wire_Chassis,WireConn,MAT_Connector_PA66,connector,,-1.17,-0.01,0.53,0.0,0.0,0.0,1.0,1.0,1.0,true,ChassisRear Ground connector shell
1308,ALTIMA2000_ENG_Hose_RadiatorUpper_001,Engine_Cooling,EN,Engine_Cooling,Hose_RadiatorUpper,MAT_Hose_Routed_Rubber,hose_routed,,1.5,0.25,0.93,0.0,0.0,0.0,1.0,1.0,1.0,true,"upper radiator hose, radiator to thermostat housing, segment 1/2"
1309,ALTIMA2000_ENG_Hose_RadiatorUpper_002,Engine_Cooling,EN,Engine_Cooling,Hose_RadiatorUpper,MAT_Hose_Routed_Rubber,hose_routed,,1.512728,0.553698,0.901595,0.0,0.0,0.0,1.0,1.0,1.0,true,"upper radiator hose, radiator to thermostat housing, segment 2/2"
1310,ALTIMA2000_CLIP_TieStrap_RadiatorUpper_001,Fasteners_Clips,CL,TieStrap,TieStrap_RadiatorUpper,MAT_TieStrap_Nylon,strap_nylon,,1.521944,0.57201,0.901595,0.0,0.0,0.0,1.0,1.0,1.0,true,RadiatorUpper tie strap
1311,ALTIMA2000_CLIP_TieStrap_RadiatorUpper_002,Fasteners_Clips,CL,TieStrap,TieStrap_RadiatorUpper,MAT_TieStrap_Nylon,strap_nylon,,1.274371,0.423707,0.898259,0.0,0.0,0.0,1.0,1.0,1.0,true,RadiatorUpper tie strap
1312,ALTIMA2000_ENG_Hose_RadiatorLower_001,Engine_Cooling,EN,Engine_Cooling,Hose_RadiatorLower,MAT_Hose_Routed_Rubber,hose_routed,,1.5,-0.25,0.56,0.0,0.0,0.0,1.0,1.0,1.0,true,"lower radiator hose, radiator to water pump, segment 1/2"
1313,ALTIMA2000_ENG_Hose_RadiatorLower_002,Engine_Cooling,EN,Engine_Cooling,Hose_RadiatorLower,MAT_Hose_Routed_Rubber,hose_routed,,2.13646,-0.511657,0.759467,0.0,0.0,0.0,1.0,1.0,1.0,true,"lower radiator hose, radiator to water pump, segment 2/2"
1314,ALTIMA2000_CLIP_TieStrap_RadiatorLower_001,Fasteners_Clips,CL,TieStrap,TieStrap_RadiatorLower,MAT_TieStrap_Nylon,strap_nylon,,2.143056,-0.547295,0.743937,0.0,0.0,0.0,1.0,1.0,1.0,true,RadiatorLower tie strap
1315,ALTIMA2000_CLIP_TieStrap_RadiatorLower_002,Fasteners_Clips,CL,TieStrap,TieStrap_RadiatorLower,MAT_TieStrap_Nylon,strap_nylon,,1.589508,-0.178596,0.700119,0.0,0.0,0.0,1.0,1.0,1.0,true,RadiatorLower tie strap
1316,ALTIMA2000_ENG_Hose_HeaterInlet_001,Engine_Cooling,EN,Engine_Cooling,Hose_HeaterInlet,MAT_Hose_Routed_Rubber,hose_routed,,0.95,0.15,0.62,0.0,0.0,0.0,1.0,1.0,1.0,true,"heater inlet hose, water pump through the firewall to the heater core, segment 1/2"
1317,ALTIMA2000_ENG_Hose_HeaterInlet_002,Engine_Cooling,EN,Engine_Cooling,Hose_HeaterInlet,MAT_Hose_Routed_Rubber,hose_routed,,0.645363,0.306012,0.730036,0.0,0.0,0.0,1.0,1.0,1.0,true,"heater inlet hose, water pump through the firewall to the heater core, segment 2/2"
1318,ALTIMA2000_CLIP_TieStrap_HeaterInlet_001,Fasteners_Clips,CL,TieStrap,TieStrap_HeaterInlet,MAT_TieStrap_Nylon,strap_nylon,,0.855359,0.21826,0.652946,0.0,0.0,0.0,1.0,1.0,1.0,true,HeaterInlet tie strap
1319,ALTIMA2000_CLIP_TieStrap_HeaterInlet_002,Fasteners_Clips,CL,TieStrap,TieStrap_HeaterInlet,MAT_TieStrap_Nylon,strap_nylon,,0.752902,0.272023,0.685781,0.0,0.0,0.0,1.0,1.0,1.0,true,HeaterInlet tie strap
1320,ALTIMA2000_CLIP_TieStrap_HeaterInlet_003,Fasteners_Clips,CL,TieStrap,TieStrap_HeaterInlet,MAT_TieStrap_Nylon,strap_nylon,,0.684811,0.306359,0.711871,0.0,0.0,0.0,1.0,1.0,1.0,true,HeaterInlet tie strap
1321,ALTIMA2000_ENG_Hose_HeaterOutlet_001,Engine_Cooling,EN,Engine_Cooling,Hose_HeaterOutlet,MAT_Hose_Routed_Rubber,hose_routed,,0.62,0.3,0.8,0.0,0.0,0.0,1.0,1.0,1.0,true,"heater outlet hose, heater core back to the thermostat housing, segment 1/2"
1322,ALTIMA2000_ENG_Hose_HeaterOutlet_002,Engine_Cooling,EN,Engine_Cooling,Hose_HeaterOutlet,MAT_Hose_Routed_Rubber,hose_routed,,0.651069,-0.287943,0.719432,0.0,0.0,0.0,1.0,1.0,1.0,true,"heater outlet hose, heater core back to the thermostat housing, segment 2/2"
1323,ALTIMA2000_CLIP_TieStrap_HeaterOutlet_001,Fasteners_Clips,CL,TieStrap,TieStrap_HeaterOutlet,MAT_TieStrap_Nylon,strap_nylon,,0.602539,-0.016471,0.751854,0.0,0.0,0.0,1.0,1.0,1.0,true,HeaterOutlet tie strap
1324,ALTIMA2000_CLIP_TieStrap_HeaterOutlet_002,Fasteners_Clips,CL,TieStrap,TieStrap_HeaterOutlet,MAT_TieStrap_Nylon,strap_nylon,,0.686375,-0.306248,0.727326,0.0,0.0,0.0,1.0,1.0,1.0,true,HeaterOutlet tie strap
1325,ALTIMA2000_CLIP_TieStrap_HeaterOutlet_003,Fasteners_Clips,CL,TieStrap,TieStrap_HeaterOutlet,MAT_TieStrap_Nylon,strap_nylon,,0.889276,-0.063997,0.81476,0.0,0.0,0.0,1.0,1.0,1.0,true,HeaterOutlet tie strap
1326,ALTIMA2000_ENG_Hose_Bypass_001,Engine_Cooling,EN,Engine_Cooling,Hose_Bypass,MAT_Hose_Routed_Rubber,hose_routed,,1.05,0.2,0.9,0.0,0.0,0.0,1.0,1.0,1.0,true,"coolant bypass hose, thermostat to water pump, segment 1/1"
1327,ALTIMA2000_CLIP_TieStrap_Bypass_001,Fasteners_Clips,CL,TieStrap,TieStrap_Bypass,MAT_TieStrap_Nylon,strap_nylon,,1.0,0.160726,0.762549,0.0,0.0,0.0,1.0,1.0,1.0,true,Bypass tie strap
1328,ALTIMA2000_ENG_Hose_Reservoir_001,Engine_Cooling,EN,Engine_Cooling,Hose_Reservoir,MAT_Hose_Routed_Rubber,hose_routed,,1.54,0.4,0.76,0.0,0.0,0.0,1.0,1.0,1.0,true,"coolant reservoir overflow hose, segment 1/2"
1329,ALTIMA2000_ENG_Hose_Reservoir_002,Engine_Cooling,EN,Engine_Cooling,Hose_Reservoir,MAT_Hose_Routed_Rubber,hose_routed,,1.504231,0.560517,0.883505,0.0,0.0,0.0,1.0,1.0,1.0,true,"coolant reservoir overflow hose, segment 2/2"
1330,ALTIMA2000_CLIP_TieStrap_Reservoir_001,Fasteners_Clips,CL,TieStrap,TieStrap_Reservoir,MAT_TieStrap_Nylon,strap_nylon,,1.524483,0.535571,0.854629,0.0,0.0,0.0,1.0,1.0,1.0,true,Reservoir tie strap
1331,ALTIMA2000_CLIP_TieStrap_Reservoir_002,Fasteners_Clips,CL,TieStrap,TieStrap_Reservoir,MAT_TieStrap_Nylon,strap_nylon,,1.485311,0.41488,0.922543,0.0,0.0,0.0,1.0,1.0,1.0,true,Reservoir tie strap
1332,ALTIMA2000_BRAK_Hose_VacuumBooster_001,Brakes_Hydraulics,BR,Brakes_Hydraulics,Hose_VacuumBooster,MAT_Hose_Routed_Rubber,hose_routed,,1.0,0.2,0.78,0.0,0.0,0.0,1.0,1.0,1.0,true,"brake booster vacuum hose, intake manifold to the booster, segment 1/2"
1333,ALTIMA2000_BRAK_Hose_VacuumBooster_002,Brakes_Hydraulics,BR,Brakes_Hydraulics,Hose_VacuumBooster,MAT_Hose_Routed_Rubber,hose_routed,,0.660591,-0.29904,0.720115,0.0,0.0,0.0,1.0,1.0,1.0,true,"brake booster vacuum hose, intake manifold to the booster, segment 2/2"
1334,ALTIMA2000_CLIP_TieStrap_VacuumBooster_001,Fasteners_Clips,CL,TieStrap,TieStrap_VacuumBooster,MAT_TieStrap_Nylon,strap_nylon,,0.851487,0.009185,0.756177,0.0,0.0,0.0,1.0,1.0,1.0,true,VacuumBooster tie strap
1335,ALTIMA2000_CLIP_TieStrap_VacuumBooster_002,Fasteners_Clips,CL,TieStrap,TieStrap_VacuumBooster,MAT_TieStrap_Nylon,strap_nylon,,0.714446,-0.189903,0.732311,0.0,0.0,0.0,1.0,1.0,1.0,true,VacuumBooster tie strap
1336,ALTIMA2000_ENG_Hose_VacuumLine_001,Engine_Intake,EN,Engine_Intake,Hose_VacuumLine,MAT_Hose_Routed_Rubber,hose_routed,,1.0,0.2,0.78,0.0,0.0,0.0,1.0,1.0,1.0,true,"intake vacuum line, manifold to throttle body and purge valve, segment 1/3"
1337,ALTIMA2000_ENG_Hose_VacuumLine_002,Engine_Intake,EN,Engine_Intake,Hose_VacuumLine,MAT_Hose_Routed_Rubber,hose_routed,,0.938319,0.425438,0.7306,0.0,0.0,0.0,1.0,1.0,1.0,true,"intake vacuum line, manifold to throttle body and purge valve, segment 2/3"
1338,ALTIMA2000_ENG_Hose_VacuumLine_003,Engine_Intake,EN,Engine_Intake,Hose_VacuumLine,MAT_Hose_Routed_Rubber,hose_routed,,1.118527,0.18251,0.799509,0.0,0.0,0.0,1.0,1.0,1.0,true,"intake vacuum line, manifold to throttle body and purge valve, segment 3/3"
1339,ALTIMA2000_CLIP_TieStrap_VacuumLine_001,Fasteners_Clips,CL,TieStrap,TieStrap_VacuumLine,MAT_TieStrap_Nylon,strap_nylon,,1.006604,0.343219,0.760647,0.0,0.0,0.0,1.0,1.0,1.0,true,VacuumLine tie strap
1340,ALTIMA2000_CLIP_TieStrap_VacuumLine_002,Fasteners_Clips,CL,TieStrap,TieStrap_VacuumLine,MAT_TieStrap_Nylon,strap_nylon,,1.185346,0.038366,0.820858,0.0,0.0,0.0,1.0,1.0,1.0,true,VacuumLine tie strap
1341,ALTIMA2000_CLIP_TieStrap_VacuumLine_003,Fasteners_Clips,CL,TieStrap,TieStrap_VacuumLine,MAT_TieStrap_Nylon,strap_nylon,,1.329923,-0.24484,0.858545,0.0,0.0,0.0,1.0,1.0,1.0,true,VacuumLine tie strap
1342,ALTIMA2000_EMIS_Hose_EVAP_001,Engine_Emission,EM,Engine_Emission,Hose_EVAP,MAT_Hose_Routed_Rubber,hose_routed,,1.3,-0.35,0.45,0.0,0.0,0.0,1.0,1.0,1.0,true,"EVAP purge hose, canister to purge valve and intake, segment 1/3"
1343,ALTIMA2000_EMIS_Hose_EVAP_002,Engine_Emission,EM,Engine_Emission,Hose_EVAP,MAT_Hose_Routed_Rubber,hose_routed,,2.139873,-0.526782,0.748896,0.0,0.0,0.0,1.0,1.0,1.0,true,"EVAP purge hose, canister to purge valve and intake, segment 2/3"
1344,ALTIMA2000_EMIS_Hose_EVAP_003,Engine_Emission,EM,Engine_Emission,Hose_EVAP,MAT_Hose_Routed_Rubber,hose_routed,,1.107513,0.187335,0.800024,0.0,0.0,0.0,1.0,1.0,1.0,true,"EVAP purge hose, canister to purge valve and intake, segment 3/3"
1345,ALTIMA2000_CLIP_TieStrap_EVAP_001,Fasteners_Clips,CL,TieStrap,TieStrap_EVAP,MAT_TieStrap_Nylon,strap_nylon,,1.85351,-0.503775,0.626483,0.0,0.0,0.0,1.0,1.0,1.0,true,EVAP tie strap
1346,ALTIMA2000_CLIP_TieStrap_EVAP_002,Fasteners_Clips,CL,TieStrap,TieStrap_EVAP,MAT_TieStrap_Nylon,strap_nylon,,1.956739,-0.34416,0.79267,0.0,0.0,0.0,1.0,1.0,1.0,true,EVAP tie strap
1347,ALTIMA2000_CLIP_TieStrap_EVAP_003,Fasteners_Clips,CL,TieStrap,TieStrap_EVAP,MAT_TieStrap_Nylon,strap_nylon,,1.487776,-0.035714,0.801077,0.0,0.0,0.0,1.0,1.0,1.0,true,EVAP tie strap
1348,ALTIMA2000_ENG_Hose_AirIntake_001,Engine_Intake,EN,Engine_Intake,Hose_AirIntake,MAT_Hose_Routed_Rubber,hose_routed,,1.38,0.05,0.72,0.0,0.0,0.0,1.0,1.0,1.0,true,"air intake duct, air cleaner to throttle body, segment 1/2"
1349,ALTIMA2000_ENG_Hose_AirIntake_002,Engine_Intake,EN,Engine_Intake,Hose_AirIntake,MAT_Hose_Routed_Rubber,hose_routed,,1.498881,0.560319,0.899832,0.0,0.0,0.0,1.0,1.0,1.0,true,"air intake duct, air cleaner to throttle body, segment 2/2"
1350,ALTIMA2000_CLIP_TieStrap_AirIntake_001,Fasteners_Clips,CL,TieStrap,TieStrap_AirIntake,MAT_TieStrap_Nylon,strap_nylon,,1.536649,0.40163,0.856215,0.0,0.0,0.0,1.0,1.0,1.0,true,AirIntake tie strap
1351,ALTIMA2000_CLIP_TieStrap_AirIntake_002,Fasteners_Clips,CL,TieStrap,TieStrap_AirIntake,MAT_TieStrap_Nylon,strap_nylon,,1.297999,0.582134,0.851371,0.0,0.0,0.0,1.0,1.0,1.0,true,AirIntake tie strap
1352,ALTIMA2000_ENG_Hose_PowerSteering_001,Engine_Accessory,EN,Engine_Accessory,Hose_PowerSteering,MAT_Hose_Routed_Rubber,hose_routed,,0.9,-0.3,0.55,0.0,0.0,0.0,1.0,1.0,1.0,true,"power steering pressure hose, pump to rack, segment 1/2"
1353,ALTIMA2000_ENG_Hose_PowerSteering_002,Engine_Accessory,EN,Engine_Accessory,Hose_PowerSteering,MAT_Hose_Routed_Rubber,hose_routed,,2.141214,-0.522282,0.759818,0.0,0.0,0.0,1.0,1.0,1.0,true,"power steering pressure hose, pump to rack, segment 2/2"
1354,ALTIMA2000_CLIP_TieStrap_PowerSteering_001,Fasteners_Clips,CL,TieStrap,TieStrap_PowerSteering,MAT_TieStrap_Nylon,strap_nylon,,1.475591,-0.448692,0.658641,0.0,0.0,0.0,1.0,1.0,1.0,true,PowerSteering tie strap
1355,ALTIMA2000_CLIP_TieStrap_PowerSteering_002,Fasteners_Clips,CL,TieStrap,TieStrap_PowerSteering,MAT_TieStrap_Nylon,strap_nylon,,2.064878,-0.555939,0.758203,0.0,0.0,0.0,1.0,1.0,1.0,true,PowerSteering tie strap
1356,ALTIMA2000_CLIP_TieStrap_PowerSteering_003,Fasteners_Clips,CL,TieStrap,TieStrap_PowerSteering,MAT_TieStrap_Nylon,strap_nylon,,1.879439,-0.083827,0.585298,0.0,0.0,0.0,1.0,1.0,1.0,true,PowerSteering tie strap
1357,ALTIMA2000_ENG_Hose_ACRefrigerant_001,Engine_Accessory,EN,Engine_Accessory,Hose_ACRefrigerant,MAT_Hose_Routed_Rubber,hose_routed,,0.88,-0.28,0.42,0.0,0.0,0.0,1.0,1.0,1.0,true,"A/C refrigerant line, compressor to condenser, drier and evaporator, segment 1/4"
1358,ALTIMA2000_ENG_Hose_ACRefrigerant_002,Engine_Accessory,EN,Engine_Accessory,Hose_ACRefrigerant,MAT_Hose_Routed_Rubber,hose_routed,,2.133606,-0.520528,0.756325,0.0,0.0,0.0,1.0,1.0,1.0,true,"A/C refrigerant line, compressor to condenser, drier and evaporator, segment 2/4"
1359,ALTIMA2000_ENG_Hose_ACRefrigerant_003,Engine_Accessory,EN,Engine_Accessory,Hose_ACRefrigerant,MAT_Hose_Routed_Rubber,hose_routed,,1.906566,-0.005066,0.586596,0.0,0.0,0.0,1.0,1.0,1.0,true,"A/C refrigerant line, compressor to condenser, drier and evaporator, segment 3/4"
1360,ALTIMA2000_ENG_Hose_ACRefrigerant_004,Engine_Accessory,EN,Engine_Accessory,Hose_ACRefrigerant,MAT_Hose_Routed_Rubber,hose_routed,,1.970161,-0.293426,0.559017,0.0,0.0,0.0,1.0,1.0,1.0,true,"A/C refrigerant line, compressor to condenser, drier and evaporator, segment 4/4"
1361,ALTIMA2000_CLIP_TieStrap_ACRefrigerant_001,Fasteners_Clips,CL,TieStrap,TieStrap_ACRefrigerant,MAT_TieStrap_Nylon,strap_nylon,,1.746127,-0.489254,0.659042,0.0,0.0,0.0,1.0,1.0,1.0,true,ACRefrigerant tie strap
1362,ALTIMA2000_CLIP_TieStrap_ACRefrigerant_002,Fasteners_Clips,CL,TieStrap,TieStrap_ACRefrigerant,MAT_TieStrap_Nylon,strap_nylon,,1.996972,-0.096679,0.64835,0.0,0.0,0.0,1.0,1.0,1.0,true,ACRefrigerant tie strap
1363,ALTIMA2000_CLIP_TieStrap_ACRefrigerant_003,Fasteners_Clips,CL,TieStrap,TieStrap_ACRefrigerant,MAT_TieStrap_Nylon,strap_nylon,,1.575083,-0.308939,0.605067,0.0,0.0,0.0,1.0,1.0,1.0,true,ACRefrigerant tie strap
1364,ALTIMA2000_FLUD_Hose_Washer_001,Fluids_Body,FL,Fluids_Body,Hose_Washer,MAT_Hose_Routed_Rubber,hose_routed,,2.115,-0.33,0.63,0.0,0.0,0.0,1.0,1.0,1.0,true,"washer fluid hose, bottle to the hood nozzles, segment 1/3"
1365,ALTIMA2000_FLUD_Hose_Washer_002,Fluids_Body,FL,Fluids_Body,Hose_Washer,MAT_Hose_Routed_Rubber,hose_routed,,1.498298,-0.560489,0.903376,0.0,0.0,0.0,1.0,1.0,1.0,true,"washer fluid hose, bottle to the hood nozzles, segment 2/3"
1366,ALTIMA2000_FLUD_Hose_Washer_003,Fluids_Body,FL,Fluids_Body,Hose_Washer,MAT_Hose_Routed_Rubber,hose_routed,,1.700829,-0.393103,0.960249,0.0,0.0,0.0,1.0,1.0,1.0,true,"washer fluid hose, bottle to the hood nozzles, segment 3/3"
1367,ALTIMA2000_CLIP_TieStrap_Washer_001,Fasteners_Clips,CL,TieStrap,TieStrap_Washer,MAT_TieStrap_Nylon,strap_nylon,,1.697671,-0.482817,0.801792,0.0,0.0,0.0,1.0,1.0,1.0,true,Washer tie strap
1368,ALTIMA2000_CLIP_TieStrap_Washer_002,Fasteners_Clips,CL,TieStrap,TieStrap_Washer,MAT_TieStrap_Nylon,strap_nylon,,1.647332,-0.499626,0.953936,0.0,0.0,0.0,1.0,1.0,1.0,true,Washer tie strap
1369,ALTIMA2000_CLIP_TieStrap_Washer_003,Fasteners_Clips,CL,TieStrap,TieStrap_Washer,MAT_TieStrap_Nylon,strap_nylon,,1.721595,-0.076087,0.963929,0.0,0.0,0.0,1.0,1.0,1.0,true,Washer tie strap
1370,ALTIMA2000_FLUD_Hose_FuelFiller_001,Fluids_Body,FL,Fluids_Body,Hose_FuelFiller,MAT_Hose_Routed_Rubber,hose_routed,,-1.7,0.7,0.62,0.0,0.0,0.0,1.0,1.0,1.0,true,"fuel filler hose, filler neck to the tank, segment 1/3"
1371,ALTIMA2000_FLUD_Hose_FuelFiller_002,Fluids_Body,FL,Fluids_Body,Hose_FuelFiller,MAT_Hose_Routed_Rubber,hose_routed,,-1.196198,0.699453,0.299185,0.0,0.0,0.0,1.0,1.0,1.0,true,"fuel filler hose, filler neck to the tank, segment 2/3"
1372,ALTIMA2000_FLUD_Hose_FuelFiller_003,Fluids_Body,FL,Fluids_Body,Hose_FuelFiller,MAT_Hose_Routed_Rubber,hose_routed,,-0.398182,0.491508,0.241855,0.0,0.0,0.0,1.0,1.0,1.0,true,"fuel filler hose, filler neck to the tank, segment 3/3"
1373,ALTIMA2000_CLIP_TieStrap_FuelFiller_001,Fasteners_Clips,CL,TieStrap,TieStrap_FuelFiller,MAT_TieStrap_Nylon,strap_nylon,,-1.122372,0.661047,0.282518,0.0,0.0,0.0,1.0,1.0,1.0,true,FuelFiller tie strap
1374,ALTIMA2000_CLIP_TieStrap_FuelFiller_002,Fasteners_Clips,CL,TieStrap,TieStrap_FuelFiller,MAT_TieStrap_Nylon,strap_nylon,,-0.472301,0.517639,0.235437,0.0,0.0,0.0,1.0,1.0,1.0,true,FuelFiller tie strap
1375,ALTIMA2000_FLUD_Hose_FuelFeed_001,Fluids_Body,FL,Fluids_Body,Hose_FuelFeed,MAT_Hose_Routed_Rubber,hose_routed,,-0.7,0.02,0.4,0.0,0.0,0.0,1.0,1.0,1.0,true,"fuel feed line, tank to the fuel rail, segment 1/4"
1376,ALTIMA2000_FLUD_Hose_FuelFeed_002,Fluids_Body,FL,Fluids_Body,Hose_FuelFeed,MAT_Hose_Routed_Rubber,hose_routed,,-0.390778,-0.50937,0.238901,0.0,0.0,0.0,1.0,1.0,1.0,true,"fuel feed line, tank to the fuel rail, segment 2/4"
1377,ALTIMA2000_FLUD_Hose_FuelFeed_003,Fluids_Body,FL,Fluids_Body,Hose_FuelFeed,MAT_Hose_Routed_Rubber,hose_routed,,0.008921,-0.697126,0.304855,0.0,0.0,0.0,1.0,1.0,1.0,true,"fuel feed line, tank to the fuel rail, segment 3/4"
1378,ALTIMA2000_FLUD_Hose_FuelFeed_004,Fluids_Body,FL,Fluids_Body,Hose_FuelFeed,MAT_Hose_Routed_Rubber,hose_routed,,0.661746,-0.298447,0.720647,0.0,0.0,0.0,1.0,1.0,1.0,true,"fuel feed line, tank to the fuel rail, segment 4/4"
1379,ALTIMA2000_CLIP_TieStrap_FuelFeed_001,Fasteners_Clips,CL,TieStrap,TieStrap_FuelFeed,MAT_TieStrap_Nylon,strap_nylon,,-0.474149,-0.424344,0.257904,0.0,0.0,0.0,1.0,1.0,1.0,true,FuelFeed tie strap
1380,ALTIMA2000_CLIP_TieStrap_FuelFeed_002,Fasteners_Clips,CL,TieStrap,TieStrap_FuelFeed,MAT_TieStrap_Nylon,strap_nylon,,-0.064004,-0.715429,0.274245,0.0,0.0,0.0,1.0,1.0,1.0,true,FuelFeed tie strap
1381,ALTIMA2000_CLIP_TieStrap_FuelFeed_003,Fasteners_Clips,CL,TieStrap,TieStrap_FuelFeed,MAT_TieStrap_Nylon,strap_nylon,,0.324888,-0.556807,0.501723,0.0,0.0,0.0,1.0,1.0,1.0,true,FuelFeed tie strap
1382,ALTIMA2000_CLIP_TieStrap_FuelFeed_004,Fasteners_Clips,CL,TieStrap,TieStrap_FuelFeed,MAT_TieStrap_Nylon,strap_nylon,,0.698046,-0.281538,0.731261,0.0,0.0,0.0,1.0,1.0,1.0,true,FuelFeed tie strap
1383,ALTIMA2000_ENG_HexBolt_OilPan_001,Engine_LongBlock,EN,OilPan,HexBolt_OilPan,MAT_Steel_Phosphate_Fastener,steel_phos,TPL_Bolt_M6,2.328085,-0.2812,0.97,0.0,0.0,0.0,1.0,1.0,1.0,true,oil pan bolt (M6 x 20)
1384,ALTIMA2000_ENG_HexBolt_OilPan_002,Engine_LongBlock,EN,OilPan,HexBolt_OilPan,MAT_Steel_Phosphate_Fastener,steel_phos,TPL_Bolt_M6,-0.483838,-0.643981,0.53984,0.0,0.0,0.7,1.0,1.0,1.0,true,oil pan bolt (M6 x 20)
1385,ALTIMA2000_ENG_HexBolt_OilPan_003,Engine_LongBlock,EN,OilPan,HexBolt_OilPan,MAT_Steel_Phosphate_Fastener,steel_phos,TPL_Bolt_M6,1.254026,0.473238,1.109681,0.0,0.0,1.4,1.0,1.0,1.0,true,oil pan bolt (M6 x 20)
1386,ALTIMA2000_ENG_HexBolt_OilPan_004,Engine_LongBlock,EN,OilPan,HexBolt_OilPan,MAT_Steel_Phosphate_Fastener,steel_phos,TPL_Bolt_M6,-1.557897,0.110457,0.679521,0.0,0.0,2.1,1.0,1.0,1.0,true,oil pan bolt (M6 x 20)
1387,ALTIMA2000_ENG_HexBolt_OilPan_005,Engine_LongBlock,EN,OilPan,HexBolt_OilPan,MAT_Steel_Phosphate_Fastener,steel_phos,TPL_Bolt_M6,0.179967,-0.252324,1.249361,0.0,0.0,2.8,1.0,1.0,1.0,true,oil pan bolt (M6 x 20)
1388,ALTIMA2000_ENG_HexBolt_OilPan_006,Engine_LongBlock,EN,OilPan,HexBolt_OilPan,MAT_Steel_Phosphate_Fastener,steel_phos,TPL_Bolt_M6,1.917831,-0.615105,0.819201,0.0,0.0,0.36,1.0,1.0,1.0,true,oil pan bolt (M6 x 20)
1389,ALTIMA2000_ENG_HexBolt_OilPan_007,Engine_LongBlock,EN,OilPan,HexBolt_OilPan,MAT_Steel_Phosphate_Fastener,steel_phos,TPL_Bolt_M6,-0.894092,0.502114,0.389042,0.0,0.0,1.06,1.0,1.0,1.0,true,oil pan bolt (M6 x 20)
1390,ALTIMA2000_ENG_HexBolt_OilPan_008,Engine_LongBlock,EN,OilPan,HexBolt_OilPan,MAT_Steel_Phosphate_Fastener,steel_phos,TPL_Bolt_M6,0.843772,0.139333,0.958882,0.0,0.0,1.76,1.0,1.0,1.0,true,oil pan bolt (M6 x 20)
1391,ALTIMA2000_ENG_HexBolt_OilPan_009,Engine_LongBlock,EN,OilPan,HexBolt_OilPan,MAT_Steel_Phosphate_Fastener,steel_phos,TPL_Bolt_M6,-1.968151,-0.223448,0.528722,0.0,0.0,2.46,1.0,1.0,1.0,true,oil pan bolt (M6 x 20)
1392,ALTIMA2000_ENG_HexBolt_OilPan_010,Engine_LongBlock,EN,OilPan,HexBolt_OilPan,MAT_Steel_Phosphate_Fastener,steel_phos,TPL_Bolt_M6,-0.230287,-0.58623,1.098563,0.0,0.0,0.02,1.0,1.0,1.0,true,oil pan bolt (M6 x 20)
1393,ALTIMA2000_ENG_HexBolt_OilPan_011,Engine_LongBlock,EN,OilPan,HexBolt_OilPan,MAT_Steel_Phosphate_Fastener,steel_phos,TPL_Bolt_M6,1.507577,0.530989,0.668403,0.0,0.0,0.72,1.0,1.0,1.0,true,oil pan bolt (M6 x 20)
1394,ALTIMA2000_ENG_HexBolt_OilPan_012,Engine_LongBlock,EN,OilPan,HexBolt_OilPan,MAT_Steel_Phosphate_Fastener,steel_phos,TPL_Bolt_M6,-1.304346,0.168208,1.238243,0.0,0.0,1.42,1.0,1.0,1.0,true,oil pan bolt (M6 x 20)
1395,ALTIMA2000_ENG_HexBolt_OilPan_013,Engine_LongBlock,EN,OilPan,HexBolt_OilPan,MAT_Steel_Phosphate_Fastener,steel_phos,TPL_Bolt_M6,0.433518,-0.194573,0.808083,0.0,0.0,2.12,1.0,1.0,1.0,true,oil pan bolt (M6 x 20)
1396,ALTIMA2000_ENG_HexBolt_OilPan_014,Engine_LongBlock,EN,OilPan,HexBolt_OilPan,MAT_Steel_Phosphate_Fastener,steel_phos,TPL_Bolt_M6,2.171382,-0.557354,0.377924,0.0,0.0,2.82,1.0,1.0,1.0,true,oil pan bolt (M6 x 20)
1397,ALTIMA2000_ENG_HexBolt_OilPan_015,Engine_LongBlock,EN,OilPan,HexBolt_OilPan,MAT_Steel_Phosphate_Fastener,steel_phos,TPL_Bolt_M6,-0.640541,0.559865,0.947764,0.0,0.0,0.38,1.0,1.0,1.0,true,oil pan bolt (M6 x 20)
1398,ALTIMA2000_ENG_HexBolt_OilPan_016,Engine_LongBlock,EN,OilPan,HexBolt_OilPan,MAT_Steel_Phosphate_Fastener,steel_phos,TPL_Bolt_M6,1.097323,0.197084,0.517604,0.0,0.0,1.08,1.0,1.0,1.0,true,oil pan bolt (M6 x 20)
1399,ALTIMA2000_ENG_HexBolt_OilPan_017,Engine_LongBlock,EN,OilPan,HexBolt_OilPan,MAT_Steel_Phosphate_Fastener,steel_phos,TPL_Bolt_M6,-1.7146,-0.165697,1.087445,0.0,0.0,1.78,1.0,1.0,1.0,true,oil pan bolt (M6 x 20)
1400,ALTIMA2000_ENG_HexBolt_OilPan_018,Engine_LongBlock,EN,OilPan,HexBolt_OilPan,MAT_Steel_Phosphate_Fastener,steel_phos,TPL_Bolt_M6,0.023264,-0.528478,0.657285,0.0,0.0,2.48,1.0,1.0,1.0,true,oil pan bolt (M6 x 20)
1401,ALTIMA2000_ENG_HexBolt_TimingCover_001,Engine_LongBlock,EN,TimingCover,HexBolt_TimingCover,MAT_Steel_Phosphate_Fastener,steel_phos,TPL_Bolt_M6,2.328085,-0.2812,0.97,0.0,0.0,0.0,1.0,1.0,1.0,true,timing cover bolt (M6 x 25)
1402,ALTIMA2000_ENG_HexBolt_TimingCover_002,Engine_LongBlock,EN,TimingCover,HexBolt_TimingCover,MAT_Steel_Phosphate_Fastener,steel_phos,TPL_Bolt_M6,-0.483838,-0.643981,0.53984,0.0,0.0,0.7,1.0,1.0,1.0,true,timing cover bolt (M6 x 25)
1403,ALTIMA2000_ENG_HexBolt_TimingCover_003,Engine_LongBlock,EN,TimingCover,HexBolt_TimingCover,MAT_Steel_Phosphate_Fastener,steel_phos,TPL_Bolt_M6,1.254026,0.473238,1.109681,0.0,0.0,1.4,1.0,1.0,1.0,true,timing cover bolt (M6 x 25)
1404,ALTIMA2000_ENG_HexBolt_TimingCover_004,Engine_LongBlock,EN,TimingCover,HexBolt_TimingCover,MAT_Steel_Phosphate_Fastener,steel_phos,TPL_Bolt_M6,-1.557897,0.110457,0.679521,0.0,0.0,2.1,1.0,1.0,1.0,true,timing cover bolt (M6 x 25)
1405,ALTIMA2000_ENG_HexBolt_TimingCover_005,Engine_LongBlock,EN,TimingCover,HexBolt_TimingCover,MAT_Steel_Phosphate_Fastener,steel_phos,TPL_Bolt_M6,0.179967,-0.252324,1.249361,0.0,0.0,2.8,1.0,1.0,1.0,true,timing cover bolt (M6 x 25)
1406,ALTIMA2000_ENG_HexBolt_TimingCover_006,Engine_LongBlock,EN,TimingCover,HexBolt_TimingCover,MAT_Steel_Phosphate_Fastener,steel_phos,TPL_Bolt_M6,1.917831,-0.615105,0.819201,0.0,0.0,0.36,1.0,1.0,1.0,true,timing cover bolt (M6 x 25)
1407,ALTIMA2000_ENG_HexBolt_TimingCover_007,Engine_LongBlock,EN,TimingCover,HexBolt_TimingCover,MAT_Steel_Phosphate_Fastener,steel_phos,TPL_Bolt_M6,-0.894092,0.502114,0.389042,0.0,0.0,1.06,1.0,1.0,1.0,true,timing cover bolt (M6 x 25)
1408,ALTIMA2000_ENG_HexBolt_TimingCover_008,Engine_LongBlock,EN,TimingCover,HexBolt_TimingCover,MAT_Steel_Phosphate_Fastener,steel_phos,TPL_Bolt_M6,0.843772,0.139333,0.958882,0.0,0.0,1.76,1.0,1.0,1.0,true,timing cover bolt (M6 x 25)
1409,ALTIMA2000_ENG_HexBolt_TimingCover_009,Engine_LongBlock,EN,TimingCover,HexBolt_TimingCover,MAT_Steel_Phosphate_Fastener,steel_phos,TPL_Bolt_M6,-1.968151,-0.223448,0.528722,0.0,0.0,2.46,1.0,1.0,1.0,true,timing cover bolt (M6 x 25)
1410,ALTIMA2000_ENG_HexBolt_TimingCover_010,Engine_LongBlock,EN,TimingCover,HexBolt_TimingCover,MAT_Steel_Phosphate_Fastener,steel_phos,TPL_Bolt_M6,-0.230287,-0.58623,1.098563,0.0,0.0,0.02,1.0,1.0,1.0,true,timing cover bolt (M6 x 25)
1411,ALTIMA2000_ENG_HexBolt_TimingCover_011,Engine_LongBlock,EN,TimingCover,HexBolt_TimingCover,MAT_Steel_Phosphate_Fastener,steel_phos,TPL_Bolt_M6,1.507577,0.530989,0.668403,0.0,0.0,0.72,1.0,1.0,1.0,true,timing cover bolt (M6 x 25)
1412,ALTIMA2000_ENG_HexBolt_TimingCover_012,Engine_LongBlock,EN,TimingCover,HexBolt_TimingCover,MAT_Steel_Phosphate_Fastener,steel_phos,TPL_Bolt_M6,-1.304346,0.168208,1.238243,0.0,0.0,1.42,1.0,1.0,1.0,true,timing cover bolt (M6 x 25)
1413,ALTIMA2000_ENG_HexBolt_Crankcase_001,Engine_LongBlock,EN,Crankcase,HexBolt_Crankcase,MAT_Steel_Phosphate_Fastener,steel_phos,TPL_Bolt_M8,2.328085,-0.2812,0.97,0.0,0.0,0.0,1.0,1.0,1.0,true,main bearing cap bolt (M8)
1414,ALTIMA2000_ENG_HexBolt_Crankcase_002,Engine_LongBlock,EN,Crankcase,HexBolt_Crankcase,MAT_Steel_Phosphate_Fastener,steel_phos,TPL_Bolt_M8,-0.483838,-0.643981,0.53984,0.0,0.0,0.7,1.0,1.0,1.0,true,main bearing cap bolt (M8)
1415,ALTIMA2000_ENG_HexBolt_Crankcase_003,Engine_LongBlock,EN,Crankcase,HexBolt_Crankcase,MAT_Steel_Phosphate_Fastener,steel_phos,TPL_Bolt_M8,1.254026,0.473238,1.109681,0.0,0.0,1.4,1.0,1.0,1.0,true,main bearing cap bolt (M8)
1416,ALTIMA2000_ENG_HexBolt_Crankcase_004,Engine_LongBlock,EN,Crankcase,HexBolt_Crankcase,MAT_Steel_Phosphate_Fastener,steel_phos,TPL_Bolt_M8,-1.557897,0.110457,0.679521,0.0,0.0,2.1,1.0,1.0,1.0,true,main bearing cap bolt (M8)
1417,ALTIMA2000_ENG_HexBolt_Crankcase_005,Engine_LongBlock,EN,Crankcase,HexBolt_Crankcase,MAT_Steel_Phosphate_Fastener,steel_phos,TPL_Bolt_M8,0.179967,-0.252324,1.249361,0.0,0.0,2.8,1.0,1.0,1.0,true,main bearing cap bolt (M8)
1418,ALTIMA2000_ENG_HexBolt_Crankcase_006,Engine_LongBlock,EN,Crankcase,HexBolt_Crankcase,MAT_Steel_Phosphate_Fastener,steel_phos,TPL_Bolt_M8,1.917831,-0.615105,0.819201,0.0,0.0,0.36,1.0,1.0,1.0,true,main bearing cap bolt (M8)
1419,ALTIMA2000_ENG_HexBolt_Crankcase_007,Engine_LongBlock,EN,Crankcase,HexBolt_Crankcase,MAT_Steel_Phosphate_Fastener,steel_phos,TPL_Bolt_M8,-0.894092,0.502114,0.389042,0.0,0.0,1.06,1.0,1.0,1.0,true,main bearing cap bolt (M8)
1420,ALTIMA2000_ENG_HexBolt_Crankcase_008,Engine_LongBlock,EN,Crankcase,HexBolt_Crankcase,MAT_Steel_Phosphate_Fastener,steel_phos,TPL_Bolt_M8,0.843772,0.139333,0.958882,0.0,0.0,1.76,1.0,1.0,1.0,true,main bearing cap bolt (M8)
1421,ALTIMA2000_ENG_HexBolt_Crankcase_009,Engine_LongBlock,EN,Crankcase,HexBolt_Crankcase,MAT_Steel_Phosphate_Fastener,steel_phos,TPL_Bolt_M8,-1.968151,-0.223448,0.528722,0.0,0.0,2.46,1.0,1.0,1.0,true,main bearing cap bolt (M8)
1422,ALTIMA2000_ENG_HexBolt_Crankcase_010,Engine_LongBlock,EN,Crankcase,HexBolt_Crankcase,MAT_Steel_Phosphate_Fastener,steel_phos,TPL_Bolt_M8,-0.230287,-0.58623,1.098563,0.0,0.0,0.02,1.0,1.0,1.0,true,main bearing cap bolt (M8)
1423,ALTIMA2000_ENG_HexBolt_CylinderHead_001,Engine_Head,EN,CylinderHead,HexBolt_CylinderHead,MAT_Steel_Phosphate_Fastener,steel_phos,TPL_Bolt_M10,2.328085,-0.2812,0.97,0.0,0.0,0.0,1.0,1.0,1.0,true,"cylinder head bolt (M10, torque-to-yield)"
1424,ALTIMA2000_ENG_HexBolt_CylinderHead_002,Engine_Head,EN,CylinderHead,HexBolt_CylinderHead,MAT_Steel_Phosphate_Fastener,steel_phos,TPL_Bolt_M10,-0.483838,-0.643981,0.53984,0.0,0.0,0.7,1.0,1.0,1.0,true,"cylinder head bolt (M10, torque-to-yield)"
1425,ALTIMA2000_ENG_HexBolt_CylinderHead_003,Engine_Head,EN,CylinderHead,HexBolt_CylinderHead,MAT_Steel_Phosphate_Fastener,steel_phos,TPL_Bolt_M10,1.254026,0.473238,1.109681,0.0,0.0,1.4,1.0,1.0,1.0,true,"cylinder head bolt (M10, torque-to-yield)"
1426,ALTIMA2000_ENG_HexBolt_CylinderHead_004,Engine_Head,EN,CylinderHead,HexBolt_CylinderHead,MAT_Steel_Phosphate_Fastener,steel_phos,TPL_Bolt_M10,-1.557897,0.110457,0.679521,0.0,0.0,2.1,1.0,1.0,1.0,true,"cylinder head bolt (M10, torque-to-yield)"
1427,ALTIMA2000_ENG_HexBolt_CylinderHead_005,Engine_Head,EN,CylinderHead,HexBolt_CylinderHead,MAT_Steel_Phosphate_Fastener,steel_phos,TPL_Bolt_M10,0.179967,-0.252324,1.249361,0.0,0.0,2.8,1.0,1.0,1.0,true,"cylinder head bolt (M10, torque-to-yield)"
1428,ALTIMA2000_ENG_HexBolt_CylinderHead_006,Engine_Head,EN,CylinderHead,HexBolt_CylinderHead,MAT_Steel_Phosphate_Fastener,steel_phos,TPL_Bolt_M10,1.917831,-0.615105,0.819201,0.0,0.0,0.36,1.0,1.0,1.0,true,"cylinder head bolt (M10, torque-to-yield)"
1429,ALTIMA2000_ENG_HexBolt_CylinderHead_007,Engine_Head,EN,CylinderHead,HexBolt_CylinderHead,MAT_Steel_Phosphate_Fastener,steel_phos,TPL_Bolt_M10,-0.894092,0.502114,0.389042,0.0,0.0,1.06,1.0,1.0,1.0,true,"cylinder head bolt (M10, torque-to-yield)"
1430,ALTIMA2000_ENG_HexBolt_CylinderHead_008,Engine_Head,EN,CylinderHead,HexBolt_CylinderHead,MAT_Steel_Phosphate_Fastener,steel_phos,TPL_Bolt_M10,0.843772,0.139333,0.958882,0.0,0.0,1.76,1.0,1.0,1.0,true,"cylinder head bolt (M10, torque-to-yield)"
1431,ALTIMA2000_ENG_HexBolt_CylinderHead_009,Engine_Head,EN,CylinderHead,HexBolt_CylinderHead,MAT_Steel_Phosphate_Fastener,steel_phos,TPL_Bolt_M10,-1.968151,-0.223448,0.528722,0.0,0.0,2.46,1.0,1.0,1.0,true,"cylinder head bolt (M10, torque-to-yield)"
1432,ALTIMA2000_ENG_HexBolt_CylinderHead_010,Engine_Head,EN,CylinderHead,HexBolt_CylinderHead,MAT_Steel_Phosphate_Fastener,steel_phos,TPL_Bolt_M10,-0.230287,-0.58623,1.098563,0.0,0.0,0.02,1.0,1.0,1.0,true,"cylinder head bolt (M10, torque-to-yield)"
1433,ALTIMA2000_ENG_HexBolt_CamCap_001,Engine_Head,EN,CamCap,HexBolt_CamCap,MAT_Steel_Phosphate_Fastener,steel_phos,TPL_Bolt_M6,2.328085,-0.2812,0.97,0.0,0.0,0.0,1.0,1.0,1.0,true,camshaft bearing cap bolt (M6)
1434,ALTIMA2000_ENG_HexBolt_CamCap_002,Engine_Head,EN,CamCap,HexBolt_CamCap,MAT_Steel_Phosphate_Fastener,steel_phos,TPL_Bolt_M6,-0.483838,-0.643981,0.53984,0.0,0.0,0.7,1.0,1.0,1.0,true,camshaft bearing cap bolt (M6)
1435,ALTIMA2000_ENG_HexBolt_CamCap_003,Engine_Head,EN,CamCap,HexBolt_CamCap,MAT_Steel_Phosphate_Fastener,steel_phos,TPL_Bolt_M6,1.254026,0.473238,1.109681,0.0,0.0,1.4,1.0,1.0,1.0,true,camshaft bearing cap bolt (M6)
1436,ALTIMA2000_ENG_HexBolt_CamCap_004,Engine_Head,EN,CamCap,HexBolt_CamCap,MAT_Steel_Phosphate_Fastener,steel_phos,TPL_Bolt_M6,-1.557897,0.110457,0.679521,0.0,0.0,2.1,1.0,1.0,1.0,true,camshaft bearing cap bolt (M6)
1437,ALTIMA2000_ENG_HexBolt_CamCap_005,Engine_Head,EN,CamCap,HexBolt_CamCap,MAT_Steel_Phosphate_Fastener,steel_phos,TPL_Bolt_M6,0.179967,-0.252324,1.249361,0.0,0.0,2.8,1.0,1.0,1.0,true,camshaft bearing cap bolt (M6)
1438,ALTIMA2000_ENG_HexBolt_CamCap_006,Engine_Head,EN,CamCap,HexBolt_CamCap,MAT_Steel_Phosphate_Fastener,steel_phos,TPL_Bolt_M6,1.917831,-0.615105,0.819201,0.0,0.0,0.36,1.0,1.0,1.0,true,camshaft bearing cap bolt (M6)
1439,ALTIMA2000_ENG_HexBolt_CamCap_007,Engine_Head,EN,CamCap,HexBolt_CamCap,MAT_Steel_Phosphate_Fastener,steel_phos,TPL_Bolt_M6,-0.894092,0.502114,0.389042,0.0,0.0,1.06,1.0,1.0,1.0,true,camshaft bearing cap bolt (M6)
1440,ALTIMA2000_ENG_HexBolt_CamCap_008,Engine_Head,EN,CamCap,HexBolt_CamCap,MAT_Steel_Phosphate_Fastener,steel_phos,TPL_Bolt_M6,0.843772,0.139333,0.958882,0.0,0.0,1.76,1.0,1.0,1.0,true,camshaft bearing cap bolt (M6)
1441,ALTIMA2000_ENG_HexBolt_CamCap_009,Engine_Head,EN,CamCap,HexBolt_CamCap,MAT_Steel_Phosphate_Fastener,steel_phos,TPL_Bolt_M6,-1.968151,-0.223448,0.528722,0.0,0.0,2.46,1.0,1.0,1.0,true,camshaft bearing cap bolt (M6)
1442,ALTIMA2000_ENG_HexBolt_CamCap_010,Engine_Head,EN,CamCap,HexBolt_CamCap,MAT_Steel_Phosphate_Fastener,steel_phos,TPL_Bolt_M6,-0.230287,-0.58623,1.098563,0.0,0.0,0.02,1.0,1.0,1.0,true,camshaft bearing cap bolt (M6)
1443,ALTIMA2000_ENG_HexBolt_IntakeManifold_001,Engine_Head,EN,IntakeManifold,HexBolt_IntakeManifold,MAT_Steel_Phosphate_Fastener,steel_phos,TPL_Bolt_M8,2.328085,-0.2812,0.97,0.0,0.0,0.0,1.0,1.0,1.0,true,intake manifold bolt (M8)
1444,ALTIMA2000_ENG_HexBolt_IntakeManifold_002,Engine_Head,EN,IntakeManifold,HexBolt_IntakeManifold,MAT_Steel_Phosphate_Fastener,steel_phos,TPL_Bolt_M8,-0.483838,-0.643981,0.53984,0.0,0.0,0.7,1.0,1.0,1.0,true,intake manifold bolt (M8)
1445,ALTIMA2000_ENG_HexBolt_IntakeManifold_003,Engine_Head,EN,IntakeManifold,HexBolt_IntakeManifold,MAT_Steel_Phosphate_Fastener,steel_phos,TPL_Bolt_M8,1.254026,0.473238,1.109681,0.0,0.0,1.4,1.0,1.0,1.0,true,intake manifold bolt (M8)
1446,ALTIMA2000_ENG_HexBolt_IntakeManifold_004,Engine_Head,EN,IntakeManifold,HexBolt_IntakeManifold,MAT_Steel_Phosphate_Fastener,steel_phos,TPL_Bolt_M8,-1.557897,0.110457,0.679521,0.0,0.0,2.1,1.0,1.0,1.0,true,intake manifold bolt (M8)
1447,ALTIMA2000_ENG_HexBolt_IntakeManifold_005,Engine_Head,EN,IntakeManifold,HexBolt_IntakeManifold,MAT_Steel_Phosphate_Fastener,steel_phos,TPL_Bolt_M8,0.179967,-0.252324,1.249361,0.0,0.0,2.8,1.0,1.0,1.0,true,intake manifold bolt (M8)
1448,ALTIMA2000_ENG_HexBolt_IntakeManifold_006,Engine_Head,EN,IntakeManifold,HexBolt_IntakeManifold,MAT_Steel_Phosphate_Fastener,steel_phos,TPL_Bolt_M8,1.917831,-0.615105,0.819201,0.0,0.0,0.36,1.0,1.0,1.0,true,intake manifold bolt (M8)
1449,ALTIMA2000_ENG_HexBolt_IntakeManifold_007,Engine_Head,EN,IntakeManifold,HexBolt_IntakeManifold,MAT_Steel_Phosphate_Fastener,steel_phos,TPL_Bolt_M8,-0.894092,0.502114,0.389042,0.0,0.0,1.06,1.0,1.0,1.0,true,intake manifold bolt (M8)
1450,ALTIMA2000_ENG_HexBolt_IntakeManifold_008,Engine_Head,EN,IntakeManifold,HexBolt_IntakeManifold,MAT_Steel_Phosphate_Fastener,steel_phos,TPL_Bolt_M8,0.843772,0.139333,0.958882,0.0,0.0,1.76,1.0,1.0,1.0,true,intake manifold bolt (M8)
1451,ALTIMA2000_EXH_Stud_Manifold_001,Engine_ExhaustSide,EX,Manifold,Stud_Manifold,MAT_Steel_Phosphate_Fastener,steel_phos,TPL_Bolt_M10,2.328085,-0.2812,0.97,0.0,0.0,0.0,1.0,1.0,1.0,true,exhaust manifold stud (M10)
1452,ALTIMA2000_EXH_Stud_Manifold_002,Engine_ExhaustSide,EX,Manifold,Stud_Manifold,MAT_Steel_Phosphate_Fastener,steel_phos,TPL_Bolt_M10,-0.483838,-0.643981,0.53984,0.0,0.0,0.7,1.0,1.0,1.0,true,exhaust manifold stud (M10)
1453,ALTIMA2000_EXH_Stud_Manifold_003,Engine_ExhaustSide,EX,Manifold,Stud_Manifold,MAT_Steel_Phosphate_Fastener,steel_phos,TPL_Bolt_M10,1.254026,0.473238,1.109681,0.0,0.0,1.4,1.0,1.0,1.0,true,exhaust manifold stud (M10)
1454,ALTIMA2000_EXH_Stud_Manifold_004,Engine_ExhaustSide,EX,Manifold,Stud_Manifold,MAT_Steel_Phosphate_Fastener,steel_phos,TPL_Bolt_M10,-1.557897,0.110457,0.679521,0.0,0.0,2.1,1.0,1.0,1.0,true,exhaust manifold stud (M10)
1455,ALTIMA2000_EXH_Stud_Manifold_005,Engine_ExhaustSide,EX,Manifold,Stud_Manifold,MAT_Steel_Phosphate_Fastener,steel_phos,TPL_Bolt_M10,0.179967,-0.252324,1.249361,0.0,0.0,2.8,1.0,1.0,1.0,true,exhaust manifold stud (M10)
1456,ALTIMA2000_EXH_Stud_Manifold_006,Engine_ExhaustSide,EX,Manifold,Stud_Manifold,MAT_Steel_Phosphate_Fastener,steel_phos,TPL_Bolt_M10,1.917831,-0.615105,0.819201,0.0,0.0,0.36,1.0,1.0,1.0,true,exhaust manifold stud (M10)
1457,ALTIMA2000_EXH_Stud_Manifold_007,Engine_ExhaustSide,EX,Manifold,Stud_Manifold,MAT_Steel_Phosphate_Fastener,steel_phos,TPL_Bolt_M10,-0.894092,0.502114,0.389042,0.0,0.0,1.06,1.0,1.0,1.0,true,exhaust manifold stud (M10)
1458,ALTIMA2000_EXH_Stud_Manifold_008,Engine_ExhaustSide,EX,Manifold,Stud_Manifold,MAT_Steel_Phosphate_Fastener,steel_phos,TPL_Bolt_M10,0.843772,0.139333,0.958882,0.0,0.0,1.76,1.0,1.0,1.0,true,exhaust manifold stud (M10)
1459,ALTIMA2000_ENG_HexBolt_WaterPump_001,Engine_Cooling,EN,WaterPump,HexBolt_WaterPump,MAT_Steel_Phosphate_Fastener,steel_phos,TPL_Bolt_M6,2.328085,-0.2812,0.97,0.0,0.0,0.0,1.0,1.0,1.0,true,water pump bolt (M6)
1460,ALTIMA2000_ENG_HexBolt_WaterPump_002,Engine_Cooling,EN,WaterPump,HexBolt_WaterPump,MAT_Steel_Phosphate_Fastener,steel_phos,TPL_Bolt_M6,-0.483838,-0.643981,0.53984,0.0,0.0,0.7,1.0,1.0,1.0,true,water pump bolt (M6)
1461,ALTIMA2000_ENG_HexBolt_WaterPump_003,Engine_Cooling,EN,WaterPump,HexBolt_WaterPump,MAT_Steel_Phosphate_Fastener,steel_phos,TPL_Bolt_M6,1.254026,0.473238,1.109681,0.0,0.0,1.4,1.0,1.0,1.0,true,water pump bolt (M6)
1462,ALTIMA2000_ENG_HexBolt_WaterPump_004,Engine_Cooling,EN,WaterPump,HexBolt_WaterPump,MAT_Steel_Phosphate_Fastener,steel_phos,TPL_Bolt_M6,-1.557897,0.110457,0.679521,0.0,0.0,2.1,1.0,1.0,1.0,true,water pump bolt (M6)
1463,ALTIMA2000_ENG_HexBolt_WaterPump_005,Engine_Cooling,EN,WaterPump,HexBolt_WaterPump,MAT_Steel_Phosphate_Fastener,steel_phos,TPL_Bolt_M6,0.179967,-0.252324,1.249361,0.0,0.0,2.8,1.0,1.0,1.0,true,water pump bolt (M6)
1464,ALTIMA2000_ENG_HexBolt_WaterPump_006,Engine_Cooling,EN,WaterPump,HexBolt_WaterPump,MAT_Steel_Phosphate_Fastener,steel_phos,TPL_Bolt_M6,1.917831,-0.615105,0.819201,0.0,0.0,0.36,1.0,1.0,1.0,true,water pump bolt (M6)
1465,ALTIMA2000_ENG_HexBolt_Injector_001,Engine_Fuel,EN,Injector,HexBolt_Injector,MAT_Steel_Phosphate_Fastener,steel_phos,TPL_Bolt_M5,2.328085,-0.2812,0.97,0.0,0.0,0.0,1.0,1.0,1.0,true,fuel injector retainer bolt (M5)
1466,ALTIMA2000_ENG_HexBolt_Injector_002,Engine_Fuel,EN,Injector,HexBolt_Injector,MAT_Steel_Phosphate_Fastener,steel_phos,TPL_Bolt_M5,-0.483838,-0.643981,0.53984,0.0,0.0,0.7,1.0,1.0,1.0,true,fuel injector retainer bolt (M5)
1467,ALTIMA2000_ENG_HexBolt_Injector_003,Engine_Fuel,EN,Injector,HexBolt_Injector,MAT_Steel_Phosphate_Fastener,steel_phos,TPL_Bolt_M5,1.254026,0.473238,1.109681,0.0,0.0,1.4,1.0,1.0,1.0,true,fuel injector retainer bolt (M5)
1468,ALTIMA2000_ENG_HexBolt_Injector_004,Engine_Fuel,EN,Injector,HexBolt_Injector,MAT_Steel_Phosphate_Fastener,steel_phos,TPL_Bolt_M5,-1.557897,0.110457,0.679521,0.0,0.0,2.1,1.0,1.0,1.0,true,fuel injector retainer bolt (M5)
1469,ALTIMA2000_ENG_HexBolt_Alternator_001,Engine_Accessory,EN,Alternator,HexBolt_Alternator,MAT_Steel_Phosphate_Fastener,steel_phos,TPL_Bolt_M8,2.328085,-0.2812,0.97,0.0,0.0,0.0,1.0,1.0,1.0,true,alternator mounting bolt (M8)
1470,ALTIMA2000_ENG_HexBolt_Alternator_002,Engine_Accessory,EN,Alternator,HexBolt_Alternator,MAT_Steel_Phosphate_Fastener,steel_phos,TPL_Bolt_M8,-0.483838,-0.643981,0.53984,0.0,0.0,0.7,1.0,1.0,1.0,true,alternator mounting bolt (M8)
1471,ALTIMA2000_ENG_HexBolt_Alternator_003,Engine_Accessory,EN,Alternator,HexBolt_Alternator,MAT_Steel_Phosphate_Fastener,steel_phos,TPL_Bolt_M8,1.254026,0.473238,1.109681,0.0,0.0,1.4,1.0,1.0,1.0,true,alternator mounting bolt (M8)
1472,ALTIMA2000_ENG_HexBolt_Compressor_001,Engine_Accessory,EN,Compressor,HexBolt_Compressor,MAT_Steel_Phosphate_Fastener,steel_phos,TPL_Bolt_M8,2.328085,-0.2812,0.97,0.0,0.0,0.0,1.0,1.0,1.0,true,A/C compressor bolt (M8)
1473,ALTIMA2000_ENG_HexBolt_Compressor_002,Engine_Accessory,EN,Compressor,HexBolt_Compressor,MAT_Steel_Phosphate_Fastener,steel_phos,TPL_Bolt_M8,-0.483838,-0.643981,0.53984,0.0,0.0,0.7,1.0,1.0,1.0,true,A/C compressor bolt (M8)
1474,ALTIMA2000_ENG_HexBolt_Compressor_003,Engine_Accessory,EN,Compressor,HexBolt_Compressor,MAT_Steel_Phosphate_Fastener,steel_phos,TPL_Bolt_M8,1.254026,0.473238,1.109681,0.0,0.0,1.4,1.0,1.0,1.0,true,A/C compressor bolt (M8)
1475,ALTIMA2000_ENG_HexBolt_Compressor_004,Engine_Accessory,EN,Compressor,HexBolt_Compressor,MAT_Steel_Phosphate_Fastener,steel_phos,TPL_Bolt_M8,-1.557897,0.110457,0.679521,0.0,0.0,2.1,1.0,1.0,1.0,true,A/C compressor bolt (M8)
1476,ALTIMA2000_ENG_HexBolt_BeltTensioner_001,Engine_Accessory,EN,BeltTensioner,HexBolt_BeltTensioner,MAT_Steel_Phosphate_Fastener,steel_phos,TPL_Bolt_M8,2.328085,-0.2812,0.97,0.0,0.0,0.0,1.0,1.0,1.0,true,belt tensioner bolt (M8)
1477,ALTIMA2000_ENG_HexBolt_BeltTensioner_002,Engine_Accessory,EN,BeltTensioner,HexBolt_BeltTensioner,MAT_Steel_Phosphate_Fastener,steel_phos,TPL_Bolt_M8,-0.483838,-0.643981,0.53984,0.0,0.0,0.7,1.0,1.0,1.0,true,belt tensioner bolt (M8)
1478,ALTIMA2000_ENG_HexBolt_BeltTensioner_003,Engine_Accessory,EN,BeltTensioner,HexBolt_BeltTensioner,MAT_Steel_Phosphate_Fastener,steel_phos,TPL_Bolt_M8,1.254026,0.473238,1.109681,0.0,0.0,1.4,1.0,1.0,1.0,true,belt tensioner bolt (M8)
1479,ALTIMA2000_TRN_HexBolt_Bellhousing_001,Drivetrain_Transaxle,TR,Bellhousing,HexBolt_Bellhousing,MAT_Steel_Phosphate_Fastener,steel_phos,TPL_Bolt_M12,2.328085,-0.2812,0.97,0.0,0.0,0.0,1.0,1.0,1.0,true,transaxle bellhousing bolt (M12)
1480,ALTIMA2000_TRN_HexBolt_Bellhousing_002,Drivetrain_Transaxle,TR,Bellhousing,HexBolt_Bellhousing,MAT_Steel_Phosphate_Fastener,steel_phos,TPL_Bolt_M12,-0.483838,-0.643981,0.53984,0.0,0.0,0.7,1.0,1.0,1.0,true,transaxle bellhousing bolt (M12)
1481,ALTIMA2000_TRN_HexBolt_Bellhousing_003,Drivetrain_Transaxle,TR,Bellhousing,HexBolt_Bellhousing,MAT_Steel_Phosphate_Fastener,steel_phos,TPL_Bolt_M12,1.254026,0.473238,1.109681,0.0,0.0,1.4,1.0,1.0,1.0,true,transaxle bellhousing bolt (M12)
1482,ALTIMA2000_TRN_HexBolt_Bellhousing_004,Drivetrain_Transaxle,TR,Bellhousing,HexBolt_Bellhousing,MAT_Steel_Phosphate_Fastener,steel_phos,TPL_Bolt_M12,-1.557897,0.110457,0.679521,0.0,0.0,2.1,1.0,1.0,1.0,true,transaxle bellhousing bolt (M12)
1483,ALTIMA2000_TRN_HexBolt_Bellhousing_005,Drivetrain_Transaxle,TR,Bellhousing,HexBolt_Bellhousing,MAT_Steel_Phosphate_Fastener,steel_phos,TPL_Bolt_M12,0.179967,-0.252324,1.249361,0.0,0.0,2.8,1.0,1.0,1.0,true,transaxle bellhousing bolt (M12)
1484,ALTIMA2000_TRN_HexBolt_Bellhousing_006,Drivetrain_Transaxle,TR,Bellhousing,HexBolt_Bellhousing,MAT_Steel_Phosphate_Fastener,steel_phos,TPL_Bolt_M12,1.917831,-0.615105,0.819201,0.0,0.0,0.36,1.0,1.0,1.0,true,transaxle bellhousing bolt (M12)
1485,ALTIMA2000_TRN_HexBolt_Bellhousing_007,Drivetrain_Transaxle,TR,Bellhousing,HexBolt_Bellhousing,MAT_Steel_Phosphate_Fastener,steel_phos,TPL_Bolt_M12,-0.894092,0.502114,0.389042,0.0,0.0,1.06,1.0,1.0,1.0,true,transaxle bellhousing bolt (M12)
1486,ALTIMA2000_TRN_HexBolt_Bellhousing_008,Drivetrain_Transaxle,TR,Bellhousing,HexBolt_Bellhousing,MAT_Steel_Phosphate_Fastener,steel_phos,TPL_Bolt_M12,0.843772,0.139333,0.958882,0.0,0.0,1.76,1.0,1.0,1.0,true,transaxle bellhousing bolt (M12)
1487,ALTIMA2000_TRN_HexBolt_ValveBody_001,Drivetrain_Transaxle,TR,ValveBody,HexBolt_ValveBody,MAT_Steel_Phosphate_Fastener,steel_phos,TPL_Bolt_M6,2.328085,-0.2812,0.97,0.0,0.0,0.0,1.0,1.0,1.0,true,valve body bolt (M6)
1488,ALTIMA2000_TRN_HexBolt_ValveBody_002,Drivetrain_Transaxle,TR,ValveBody,HexBolt_ValveBody,MAT_Steel_Phosphate_Fastener,steel_phos,TPL_Bolt_M6,-0.483838,-0.643981,0.53984,0.0,0.0,0.7,1.0,1.0,1.0,true,valve body bolt (M6)
1489,ALTIMA2000_TRN_HexBolt_ValveBody_003,Drivetrain_Transaxle,TR,ValveBody,HexBolt_ValveBody,MAT_Steel_Phosphate_Fastener,steel_phos,TPL_Bolt_M6,1.254026,0.473238,1.109681,0.0,0.0,1.4,1.0,1.0,1.0,true,valve body bolt (M6)
1490,ALTIMA2000_TRN_HexBolt_ValveBody_004,Drivetrain_Transaxle,TR,ValveBody,HexBolt_ValveBody,MAT_Steel_Phosphate_Fastener,steel_phos,TPL_Bolt_M6,-1.557897,0.110457,0.679521,0.0,0.0,2.1,1.0,1.0,1.0,true,valve body bolt (M6)
1491,ALTIMA2000_TRN_HexBolt_ValveBody_005,Drivetrain_Transaxle,TR,ValveBody,HexBolt_ValveBody,MAT_Steel_Phosphate_Fastener,steel_phos,TPL_Bolt_M6,0.179967,-0.252324,1.249361,0.0,0.0,2.8,1.0,1.0,1.0,true,valve body bolt (M6)
1492,ALTIMA2000_TRN_HexBolt_ValveBody_006,Drivetrain_Transaxle,TR,ValveBody,HexBolt_ValveBody,MAT_Steel_Phosphate_Fastener,steel_phos,TPL_Bolt_M6,1.917831,-0.615105,0.819201,0.0,0.0,0.36,1.0,1.0,1.0,true,valve body bolt (M6)
1493,ALTIMA2000_TRN_HexBolt_ValveBody_007,Drivetrain_Transaxle,TR,ValveBody,HexBolt_ValveBody,MAT_Steel_Phosphate_Fastener,steel_phos,TPL_Bolt_M6,-0.894092,0.502114,0.389042,0.0,0.0,1.06,1.0,1.0,1.0,true,valve body bolt (M6)
1494,ALTIMA2000_TRN_HexBolt_ValveBody_008,Drivetrain_Transaxle,TR,ValveBody,HexBolt_ValveBody,MAT_Steel_Phosphate_Fastener,steel_phos,TPL_Bolt_M6,0.843772,0.139333,0.958882,0.0,0.0,1.76,1.0,1.0,1.0,true,valve body bolt (M6)
1495,ALTIMA2000_TRN_HexBolt_ValveBody_009,Drivetrain_Transaxle,TR,ValveBody,HexBolt_ValveBody,MAT_Steel_Phosphate_Fastener,steel_phos,TPL_Bolt_M6,-1.968151,-0.223448,0.528722,0.0,0.0,2.46,1.0,1.0,1.0,true,valve body bolt (M6)
1496,ALTIMA2000_TRN_HexBolt_ValveBody_010,Drivetrain_Transaxle,TR,ValveBody,HexBolt_ValveBody,MAT_Steel_Phosphate_Fastener,steel_phos,TPL_Bolt_M6,-0.230287,-0.58623,1.098563,0.0,0.0,0.02,1.0,1.0,1.0,true,valve body bolt (M6)
1497,ALTIMA2000_TRN_HexBolt_OilPanTransaxle_001,Drivetrain_Transaxle,TR,OilPanTransaxle,HexBolt_OilPanTransaxle,MAT_Steel_Phosphate_Fastener,steel_phos,TPL_Bolt_M6,2.328085,-0.2812,0.97,0.0,0.0,0.0,1.0,1.0,1.0,true,transaxle oil pan bolt (M6)
1498,ALTIMA2000_TRN_HexBolt_OilPanTransaxle_002,Drivetrain_Transaxle,TR,OilPanTransaxle,HexBolt_OilPanTransaxle,MAT_Steel_Phosphate_Fastener,steel_phos,TPL_Bolt_M6,-0.483838,-0.643981,0.53984,0.0,0.0,0.7,1.0,1.0,1.0,true,transaxle oil pan bolt (M6)
1499,ALTIMA2000_TRN_HexBolt_OilPanTransaxle_003,Drivetrain_Transaxle,TR,OilPanTransaxle,HexBolt_OilPanTransaxle,MAT_Steel_Phosphate_Fastener,steel_phos,TPL_Bolt_M6,1.254026,0.473238,1.109681,0.0,0.0,1.4,1.0,1.0,1.0,true,transaxle oil pan bolt (M6)
1500,ALTIMA2000_TRN_HexBolt_OilPanTransaxle_004,Drivetrain_Transaxle,TR,OilPanTransaxle,HexBolt_OilPanTransaxle,MAT_Steel_Phosphate_Fastener,steel_phos,TPL_Bolt_M6,-1.557897,0.110457,0.679521,0.0,0.0,2.1,1.0,1.0,1.0,true,transaxle oil pan bolt (M6)
1501,ALTIMA2000_TRN_HexBolt_OilPanTransaxle_005,Drivetrain_Transaxle,TR,OilPanTransaxle,HexBolt_OilPanTransaxle,MAT_Steel_Phosphate_Fastener,steel_phos,TPL_Bolt_M6,0.179967,-0.252324,1.249361,0.0,0.0,2.8,1.0,1.0,1.0,true,transaxle oil pan bolt (M6)
1502,ALTIMA2000_TRN_HexBolt_OilPanTransaxle_006,Drivetrain_Transaxle,TR,OilPanTransaxle,HexBolt_OilPanTransaxle,MAT_Steel_Phosphate_Fastener,steel_phos,TPL_Bolt_M6,1.917831,-0.615105,0.819201,0.0,0.0,0.36,1.0,1.0,1.0,true,transaxle oil pan bolt (M6)
1503,ALTIMA2000_TRN_HexBolt_OilPanTransaxle_007,Drivetrain_Transaxle,TR,OilPanTransaxle,HexBolt_OilPanTransaxle,MAT_Steel_Phosphate_Fastener,steel_phos,TPL_Bolt_M6,-0.894092,0.502114,0.389042,0.0,0.0,1.06,1.0,1.0,1.0,true,transaxle oil pan bolt (M6)
1504,ALTIMA2000_TRN_HexBolt_OilPanTransaxle_008,Drivetrain_Transaxle,TR,OilPanTransaxle,HexBolt_OilPanTransaxle,MAT_Steel_Phosphate_Fastener,steel_phos,TPL_Bolt_M6,0.843772,0.139333,0.958882,0.0,0.0,1.76,1.0,1.0,1.0,true,transaxle oil pan bolt (M6)
1505,ALTIMA2000_TRN_HexBolt_OilPanTransaxle_009,Drivetrain_Transaxle,TR,OilPanTransaxle,HexBolt_OilPanTransaxle,MAT_Steel_Phosphate_Fastener,steel_phos,TPL_Bolt_M6,-1.968151,-0.223448,0.528722,0.0,0.0,2.46,1.0,1.0,1.0,true,transaxle oil pan bolt (M6)
1506,ALTIMA2000_TRN_HexBolt_OilPanTransaxle_010,Drivetrain_Transaxle,TR,OilPanTransaxle,HexBolt_OilPanTransaxle,MAT_Steel_Phosphate_Fastener,steel_phos,TPL_Bolt_M6,-0.230287,-0.58623,1.098563,0.0,0.0,0.02,1.0,1.0,1.0,true,transaxle oil pan bolt (M6)
1507,ALTIMA2000_TRN_HexBolt_OilPanTransaxle_011,Drivetrain_Transaxle,TR,OilPanTransaxle,HexBolt_OilPanTransaxle,MAT_Steel_Phosphate_Fastener,steel_phos,TPL_Bolt_M6,1.507577,0.530989,0.668403,0.0,0.0,0.72,1.0,1.0,1.0,true,transaxle oil pan bolt (M6)
1508,ALTIMA2000_TRN_HexBolt_OilPanTransaxle_012,Drivetrain_Transaxle,TR,OilPanTransaxle,HexBolt_OilPanTransaxle,MAT_Steel_Phosphate_Fastener,steel_phos,TPL_Bolt_M6,-1.304346,0.168208,1.238243,0.0,0.0,1.42,1.0,1.0,1.0,true,transaxle oil pan bolt (M6)
1509,ALTIMA2000_TRN_HexBolt_EngineMount_001,Drivetrain_Mount,TR,EngineMount,HexBolt_EngineMount,MAT_Steel_Phosphate_Fastener,steel_phos,TPL_Bolt_M10,2.328085,-0.2812,0.97,0.0,0.0,0.0,1.0,1.0,1.0,true,engine mount bolt (M10)
1510,ALTIMA2000_TRN_HexBolt_EngineMount_002,Drivetrain_Mount,TR,EngineMount,HexBolt_EngineMount,MAT_Steel_Phosphate_Fastener,steel_phos,TPL_Bolt_M10,-0.483838,-0.643981,0.53984,0.0,0.0,0.7,1.0,1.0,1.0,true,engine mount bolt (M10)
1511,ALTIMA2000_TRN_HexBolt_EngineMount_003,Drivetrain_Mount,TR,EngineMount,HexBolt_EngineMount,MAT_Steel_Phosphate_Fastener,steel_phos,TPL_Bolt_M10,1.254026,0.473238,1.109681,0.0,0.0,1.4,1.0,1.0,1.0,true,engine mount bolt (M10)
1512,ALTIMA2000_TRN_HexBolt_EngineMount_004,Drivetrain_Mount,TR,EngineMount,HexBolt_EngineMount,MAT_Steel_Phosphate_Fastener,steel_phos,TPL_Bolt_M10,-1.557897,0.110457,0.679521,0.0,0.0,2.1,1.0,1.0,1.0,true,engine mount bolt (M10)
1513,ALTIMA2000_TRN_HexBolt_EngineMount_005,Drivetrain_Mount,TR,EngineMount,HexBolt_EngineMount,MAT_Steel_Phosphate_Fastener,steel_phos,TPL_Bolt_M10,0.179967,-0.252324,1.249361,0.0,0.0,2.8,1.0,1.0,1.0,true,engine mount bolt (M10)
1514,ALTIMA2000_TRN_HexBolt_EngineMount_006,Drivetrain_Mount,TR,EngineMount,HexBolt_EngineMount,MAT_Steel_Phosphate_Fastener,steel_phos,TPL_Bolt_M10,1.917831,-0.615105,0.819201,0.0,0.0,0.36,1.0,1.0,1.0,true,engine mount bolt (M10)
1515,ALTIMA2000_TRN_HexBolt_EngineMount_007,Drivetrain_Mount,TR,EngineMount,HexBolt_EngineMount,MAT_Steel_Phosphate_Fastener,steel_phos,TPL_Bolt_M10,-0.894092,0.502114,0.389042,0.0,0.0,1.06,1.0,1.0,1.0,true,engine mount bolt (M10)
1516,ALTIMA2000_TRN_HexBolt_EngineMount_008,Drivetrain_Mount,TR,EngineMount,HexBolt_EngineMount,MAT_Steel_Phosphate_Fastener,steel_phos,TPL_Bolt_M10,0.843772,0.139333,0.958882,0.0,0.0,1.76,1.0,1.0,1.0,true,engine mount bolt (M10)
1517,ALTIMA2000_TRN_HexBolt_TransMount_001,Drivetrain_Mount,TR,TransMount,HexBolt_TransMount,MAT_Steel_Phosphate_Fastener,steel_phos,TPL_Bolt_M10,2.328085,-0.2812,0.97,0.0,0.0,0.0,1.0,1.0,1.0,true,transaxle mount bolt (M10)
1518,ALTIMA2000_TRN_HexBolt_TransMount_002,Drivetrain_Mount,TR,TransMount,HexBolt_TransMount,MAT_Steel_Phosphate_Fastener,steel_phos,TPL_Bolt_M10,-0.483838,-0.643981,0.53984,0.0,0.0,0.7,1.0,1.0,1.0,true,transaxle mount bolt (M10)
1519,ALTIMA2000_TRN_HexBolt_TransMount_003,Drivetrain_Mount,TR,TransMount,HexBolt_TransMount,MAT_Steel_Phosphate_Fastener,steel_phos,TPL_Bolt_M10,1.254026,0.473238,1.109681,0.0,0.0,1.4,1.0,1.0,1.0,true,transaxle mount bolt (M10)
1520,ALTIMA2000_TRN_HexBolt_TransMount_004,Drivetrain_Mount,TR,TransMount,HexBolt_TransMount,MAT_Steel_Phosphate_Fastener,steel_phos,TPL_Bolt_M10,-1.557897,0.110457,0.679521,0.0,0.0,2.1,1.0,1.0,1.0,true,transaxle mount bolt (M10)
1521,ALTIMA2000_TRN_HexBolt_TransMount_005,Drivetrain_Mount,TR,TransMount,HexBolt_TransMount,MAT_Steel_Phosphate_Fastener,steel_phos,TPL_Bolt_M10,0.179967,-0.252324,1.249361,0.0,0.0,2.8,1.0,1.0,1.0,true,transaxle mount bolt (M10)
1522,ALTIMA2000_TRN_HexBolt_TransMount_006,Drivetrain_Mount,TR,TransMount,HexBolt_TransMount,MAT_Steel_Phosphate_Fastener,steel_phos,TPL_Bolt_M10,1.917831,-0.615105,0.819201,0.0,0.0,0.36,1.0,1.0,1.0,true,transaxle mount bolt (M10)
1523,ALTIMA2000_TRN_HexBolt_CVJoint_001,Drivetrain_Drive,TR,CVJoint,HexBolt_CVJoint,MAT_Steel_Phosphate_Fastener,steel_phos,TPL_Bolt_M8,2.328085,-0.2812,0.97,0.0,0.0,0.0,1.0,1.0,1.0,true,CV joint flange bolt (M8)
1524,ALTIMA2000_TRN_HexBolt_CVJoint_002,Drivetrain_Drive,TR,CVJoint,HexBolt_CVJoint,MAT_Steel_Phosphate_Fastener,steel_phos,TPL_Bolt_M8,-0.483838,-0.643981,0.53984,0.0,0.0,0.7,1.0,1.0,1.0,true,CV joint flange bolt (M8)
1525,ALTIMA2000_TRN_HexBolt_CVJoint_003,Drivetrain_Drive,TR,CVJoint,HexBolt_CVJoint,MAT_Steel_Phosphate_Fastener,steel_phos,TPL_Bolt_M8,1.254026,0.473238,1.109681,0.0,0.0,1.4,1.0,1.0,1.0,true,CV joint flange bolt (M8)
1526,ALTIMA2000_TRN_HexBolt_CVJoint_004,Drivetrain_Drive,TR,CVJoint,HexBolt_CVJoint,MAT_Steel_Phosphate_Fastener,steel_phos,TPL_Bolt_M8,-1.557897,0.110457,0.679521,0.0,0.0,2.1,1.0,1.0,1.0,true,CV joint flange bolt (M8)
1527,ALTIMA2000_TRN_HexBolt_CVJoint_005,Drivetrain_Drive,TR,CVJoint,HexBolt_CVJoint,MAT_Steel_Phosphate_Fastener,steel_phos,TPL_Bolt_M8,0.179967,-0.252324,1.249361,0.0,0.0,2.8,1.0,1.0,1.0,true,CV joint flange bolt (M8)
1528,ALTIMA2000_TRN_HexBolt_CVJoint_006,Drivetrain_Drive,TR,CVJoint,HexBolt_CVJoint,MAT_Steel_Phosphate_Fastener,steel_phos,TPL_Bolt_M8,1.917831,-0.615105,0.819201,0.0,0.0,0.36,1.0,1.0,1.0,true,CV joint flange bolt (M8)
1529,ALTIMA2000_TRN_HexBolt_CVJoint_007,Drivetrain_Drive,TR,CVJoint,HexBolt_CVJoint,MAT_Steel_Phosphate_Fastener,steel_phos,TPL_Bolt_M8,-0.894092,0.502114,0.389042,0.0,0.0,1.06,1.0,1.0,1.0,true,CV joint flange bolt (M8)
1530,ALTIMA2000_TRN_HexBolt_CVJoint_008,Drivetrain_Drive,TR,CVJoint,HexBolt_CVJoint,MAT_Steel_Phosphate_Fastener,steel_phos,TPL_Bolt_M8,0.843772,0.139333,0.958882,0.0,0.0,1.76,1.0,1.0,1.0,true,CV joint flange bolt (M8)
1531,ALTIMA2000_TRN_HexBolt_CVJoint_009,Drivetrain_Drive,TR,CVJoint,HexBolt_CVJoint,MAT_Steel_Phosphate_Fastener,steel_phos,TPL_Bolt_M8,-1.968151,-0.223448,0.528722,0.0,0.0,2.46,1.0,1.0,1.0,true,CV joint flange bolt (M8)
1532,ALTIMA2000_TRN_HexBolt_CVJoint_010,Drivetrain_Drive,TR,CVJoint,HexBolt_CVJoint,MAT_Steel_Phosphate_Fastener,steel_phos,TPL_Bolt_M8,-0.230287,-0.58623,1.098563,0.0,0.0,0.02,1.0,1.0,1.0,true,CV joint flange bolt (M8)
1533,ALTIMA2000_TRN_HexBolt_CVJoint_011,Drivetrain_Drive,TR,CVJoint,HexBolt_CVJoint,MAT_Steel_Phosphate_Fastener,steel_phos,TPL_Bolt_M8,1.507577,0.530989,0.668403,0.0,0.0,0.72,1.0,1.0,1.0,true,CV joint flange bolt (M8)
1534,ALTIMA2000_TRN_HexBolt_CVJoint_012,Drivetrain_Drive,TR,CVJoint,HexBolt_CVJoint,MAT_Steel_Phosphate_Fastener,steel_phos,TPL_Bolt_M8,-1.304346,0.168208,1.238243,0.0,0.0,1.42,1.0,1.0,1.0,true,CV joint flange bolt (M8)
1535,ALTIMA2000_SUSP_HexBolt_StrutMount_001,Suspension_Front,SU,StrutMount,HexBolt_StrutMount,MAT_Steel_Phosphate_Fastener,steel_phos,TPL_Bolt_M10,2.328085,-0.2812,0.97,0.0,0.0,0.0,1.0,1.0,1.0,true,strut upper mount nut/bolt (M10)
1536,ALTIMA2000_SUSP_HexBolt_StrutMount_002,Suspension_Front,SU,StrutMount,HexBolt_StrutMount,MAT_Steel_Phosphate_Fastener,steel_phos,TPL_Bolt_M10,-0.483838,-0.643981,0.53984,0.0,0.0,0.7,1.0,1.0,1.0,true,strut upper mount nut/bolt (M10)
1537,ALTIMA2000_SUSP_HexBolt_StrutMount_003,Suspension_Front,SU,StrutMount,HexBolt_StrutMount,MAT_Steel_Phosphate_Fastener,steel_phos,TPL_Bolt_M10,1.254026,0.473238,1.109681,0.0,0.0,1.4,1.0,1.0,1.0,true,strut upper mount nut/bolt (M10)
1538,ALTIMA2000_SUSP_HexBolt_StrutMount_004,Suspension_Front,SU,StrutMount,HexBolt_StrutMount,MAT_Steel_Phosphate_Fastener,steel_phos,TPL_Bolt_M10,-1.557897,0.110457,0.679521,0.0,0.0,2.1,1.0,1.0,1.0,true,strut upper mount nut/bolt (M10)
1539,ALTIMA2000_SUSP_HexBolt_StrutMount_005,Suspension_Front,SU,StrutMount,HexBolt_StrutMount,MAT_Steel_Phosphate_Fastener,steel_phos,TPL_Bolt_M10,0.179967,-0.252324,1.249361,0.0,0.0,2.8,1.0,1.0,1.0,true,strut upper mount nut/bolt (M10)
1540,ALTIMA2000_SUSP_HexBolt_StrutMount_006,Suspension_Front,SU,StrutMount,HexBolt_StrutMount,MAT_Steel_Phosphate_Fastener,steel_phos,TPL_Bolt_M10,1.917831,-0.615105,0.819201,0.0,0.0,0.36,1.0,1.0,1.0,true,strut upper mount nut/bolt (M10)
1541,ALTIMA2000_SUSP_HexBolt_StrutClamp_001,Suspension_Front,SU,StrutClamp,HexBolt_StrutClamp,MAT_Steel_Phosphate_Fastener,steel_phos,TPL_Bolt_M12,2.328085,-0.2812,0.97,0.0,0.0,0.0,1.0,1.0,1.0,true,strut to knuckle clamp bolt (M12)
1542,ALTIMA2000_SUSP_HexBolt_StrutClamp_002,Suspension_Front,SU,StrutClamp,HexBolt_StrutClamp,MAT_Steel_Phosphate_Fastener,steel_phos,TPL_Bolt_M12,-0.483838,-0.643981,0.53984,0.0,0.0,0.7,1.0,1.0,1.0,true,strut to knuckle clamp bolt (M12)
1543,ALTIMA2000_SUSP_HexBolt_StrutClamp_003,Suspension_Front,SU,StrutClamp,HexBolt_StrutClamp,MAT_Steel_Phosphate_Fastener,steel_phos,TPL_Bolt_M12,1.254026,0.473238,1.109681,0.0,0.0,1.4,1.0,1.0,1.0,true,strut to knuckle clamp bolt (M12)
1544,ALTIMA2000_SUSP_HexBolt_StrutClamp_004,Suspension_Front,SU,StrutClamp,HexBolt_StrutClamp,MAT_Steel_Phosphate_Fastener,steel_phos,TPL_Bolt_M12,-1.557897,0.110457,0.679521,0.0,0.0,2.1,1.0,1.0,1.0,true,strut to knuckle clamp bolt (M12)
1545,ALTIMA2000_SUSP_HexBolt_BallJoint_001,Suspension_Front,SU,BallJoint,HexBolt_BallJoint,MAT_Steel_Phosphate_Fastener,steel_phos,TPL_Bolt_M10,2.328085,-0.2812,0.97,0.0,0.0,0.0,1.0,1.0,1.0,true,ball joint bolt (M10)
1546,ALTIMA2000_SUSP_HexBolt_BallJoint_002,Suspension_Front,SU,BallJoint,HexBolt_BallJoint,MAT_Steel_Phosphate_Fastener,steel_phos,TPL_Bolt_M10,-0.483838,-0.643981,0.53984,0.0,0.0,0.7,1.0,1.0,1.0,true,ball joint bolt (M10)
1547,ALTIMA2000_SUSP_HexBolt_BallJoint_003,Suspension_Front,SU,BallJoint,HexBolt_BallJoint,MAT_Steel_Phosphate_Fastener,steel_phos,TPL_Bolt_M10,1.254026,0.473238,1.109681,0.0,0.0,1.4,1.0,1.0,1.0,true,ball joint bolt (M10)
1548,ALTIMA2000_SUSP_HexBolt_BallJoint_004,Suspension_Front,SU,BallJoint,HexBolt_BallJoint,MAT_Steel_Phosphate_Fastener,steel_phos,TPL_Bolt_M10,-1.557897,0.110457,0.679521,0.0,0.0,2.1,1.0,1.0,1.0,true,ball joint bolt (M10)
1549,ALTIMA2000_SUSP_HexBolt_BallJoint_005,Suspension_Front,SU,BallJoint,HexBolt_BallJoint,MAT_Steel_Phosphate_Fastener,steel_phos,TPL_Bolt_M10,0.179967,-0.252324,1.249361,0.0,0.0,2.8,1.0,1.0,1.0,true,ball joint bolt (M10)
1550,ALTIMA2000_SUSP_HexBolt_BallJoint_006,Suspension_Front,SU,BallJoint,HexBolt_BallJoint,MAT_Steel_Phosphate_Fastener,steel_phos,TPL_Bolt_M10,1.917831,-0.615105,0.819201,0.0,0.0,0.36,1.0,1.0,1.0,true,ball joint bolt (M10)
1551,ALTIMA2000_SUSP_HexBolt_ControlArm_001,Suspension_Front,SU,ControlArm,HexBolt_ControlArm,MAT_Steel_Phosphate_Fastener,steel_phos,TPL_Bolt_M12,2.328085,-0.2812,0.97,0.0,0.0,0.0,1.0,1.0,1.0,true,lower control arm pivot bolt (M12)
1552,ALTIMA2000_SUSP_HexBolt_ControlArm_002,Suspension_Front,SU,ControlArm,HexBolt_ControlArm,MAT_Steel_Phosphate_Fastener,steel_phos,TPL_Bolt_M12,-0.483838,-0.643981,0.53984,0.0,0.0,0.7,1.0,1.0,1.0,true,lower control arm pivot bolt (M12)
1553,ALTIMA2000_SUSP_HexBolt_ControlArm_003,Suspension_Front,SU,ControlArm,HexBolt_ControlArm,MAT_Steel_Phosphate_Fastener,steel_phos,TPL_Bolt_M12,1.254026,0.473238,1.109681,0.0,0.0,1.4,1.0,1.0,1.0,true,lower control arm pivot bolt (M12)
1554,ALTIMA2000_SUSP_HexBolt_ControlArm_004,Suspension_Front,SU,ControlArm,HexBolt_ControlArm,MAT_Steel_Phosphate_Fastener,steel_phos,TPL_Bolt_M12,-1.557897,0.110457,0.679521,0.0,0.0,2.1,1.0,1.0,1.0,true,lower control arm pivot bolt (M12)
1555,ALTIMA2000_SUSP_HexBolt_SwayBar_001,Suspension_Front,SU,SwayBar,HexBolt_SwayBar,MAT_Steel_Phosphate_Fastener,steel_phos,TPL_Bolt_M8,2.328085,-0.2812,0.97,0.0,0.0,0.0,1.0,1.0,1.0,true,stabiliser bar bracket bolt (M8)
1556,ALTIMA2000_SUSP_HexBolt_SwayBar_002,Suspension_Front,SU,SwayBar,HexBolt_SwayBar,MAT_Steel_Phosphate_Fastener,steel_phos,TPL_Bolt_M8,-0.483838,-0.643981,0.53984,0.0,0.0,0.7,1.0,1.0,1.0,true,stabiliser bar bracket bolt (M8)
1557,ALTIMA2000_SUSP_HexBolt_SwayBar_003,Suspension_Front,SU,SwayBar,HexBolt_SwayBar,MAT_Steel_Phosphate_Fastener,steel_phos,TPL_Bolt_M8,1.254026,0.473238,1.109681,0.0,0.0,1.4,1.0,1.0,1.0,true,stabiliser bar bracket bolt (M8)
1558,ALTIMA2000_SUSP_HexBolt_SwayBar_004,Suspension_Front,SU,SwayBar,HexBolt_SwayBar,MAT_Steel_Phosphate_Fastener,steel_phos,TPL_Bolt_M8,-1.557897,0.110457,0.679521,0.0,0.0,2.1,1.0,1.0,1.0,true,stabiliser bar bracket bolt (M8)
1559,ALTIMA2000_SUSP_HexBolt_SwayBar_005,Suspension_Front,SU,SwayBar,HexBolt_SwayBar,MAT_Steel_Phosphate_Fastener,steel_phos,TPL_Bolt_M8,0.179967,-0.252324,1.249361,0.0,0.0,2.8,1.0,1.0,1.0,true,stabiliser bar bracket bolt (M8)
1560,ALTIMA2000_SUSP_HexBolt_SwayBar_006,Suspension_Front,SU,SwayBar,HexBolt_SwayBar,MAT_Steel_Phosphate_Fastener,steel_phos,TPL_Bolt_M8,1.917831,-0.615105,0.819201,0.0,0.0,0.36,1.0,1.0,1.0,true,stabiliser bar bracket bolt (M8)
1561,ALTIMA2000_SUSP_HexBolt_BeamAxle_001,Suspension_Rear,SU,BeamAxle,HexBolt_BeamAxle,MAT_Steel_Phosphate_Fastener,steel_phos,TPL_Bolt_M12,2.328085,-0.2812,0.97,0.0,0.0,0.0,1.0,1.0,1.0,true,rear beam axle bolt (M12)
1562,ALTIMA2000_SUSP_HexBolt_BeamAxle_002,Suspension_Rear,SU,BeamAxle,HexBolt_BeamAxle,MAT_Steel_Phosphate_Fastener,steel_phos,TPL_Bolt_M12,-0.483838,-0.643981,0.53984,0.0,0.0,0.7,1.0,1.0,1.0,true,rear beam axle bolt (M12)
1563,ALTIMA2000_SUSP_HexBolt_BeamAxle_003,Suspension_Rear,SU,BeamAxle,HexBolt_BeamAxle,MAT_Steel_Phosphate_Fastener,steel_phos,TPL_Bolt_M12,1.254026,0.473238,1.109681,0.0,0.0,1.4,1.0,1.0,1.0,true,rear beam axle bolt (M12)
1564,ALTIMA2000_SUSP_HexBolt_BeamAxle_004,Suspension_Rear,SU,BeamAxle,HexBolt_BeamAxle,MAT_Steel_Phosphate_Fastener,steel_phos,TPL_Bolt_M12,-1.557897,0.110457,0.679521,0.0,0.0,2.1,1.0,1.0,1.0,true,rear beam axle bolt (M12)
1565,ALTIMA2000_SUSP_HexBolt_BeamAxle_005,Suspension_Rear,SU,BeamAxle,HexBolt_BeamAxle,MAT_Steel_Phosphate_Fastener,steel_phos,TPL_Bolt_M12,0.179967,-0.252324,1.249361,0.0,0.0,2.8,1.0,1.0,1.0,true,rear beam axle bolt (M12)
1566,ALTIMA2000_SUSP_HexBolt_BeamAxle_006,Suspension_Rear,SU,BeamAxle,HexBolt_BeamAxle,MAT_Steel_Phosphate_Fastener,steel_phos,TPL_Bolt_M12,1.917831,-0.615105,0.819201,0.0,0.0,0.36,1.0,1.0,1.0,true,rear beam axle bolt (M12)
1567,ALTIMA2000_SUSP_HexBolt_BeamAxle_007,Suspension_Rear,SU,BeamAxle,HexBolt_BeamAxle,MAT_Steel_Phosphate_Fastener,steel_phos,TPL_Bolt_M12,-0.894092,0.502114,0.389042,0.0,0.0,1.06,1.0,1.0,1.0,true,rear beam axle bolt (M12)
1568,ALTIMA2000_SUSP_HexBolt_BeamAxle_008,Suspension_Rear,SU,BeamAxle,HexBolt_BeamAxle,MAT_Steel_Phosphate_Fastener,steel_phos,TPL_Bolt_M12,0.843772,0.139333,0.958882,0.0,0.0,1.76,1.0,1.0,1.0,true,rear beam axle bolt (M12)
1569,ALTIMA2000_SUSP_HexBolt_BeamAxle_009,Suspension_Rear,SU,BeamAxle,HexBolt_BeamAxle,MAT_Steel_Phosphate_Fastener,steel_phos,TPL_Bolt_M12,-1.968151,-0.223448,0.528722,0.0,0.0,2.46,1.0,1.0,1.0,true,rear beam axle bolt (M12)
1570,ALTIMA2000_SUSP_HexBolt_BeamAxle_010,Suspension_Rear,SU,BeamAxle,HexBolt_BeamAxle,MAT_Steel_Phosphate_Fastener,steel_phos,TPL_Bolt_M12,-0.230287,-0.58623,1.098563,0.0,0.0,0.02,1.0,1.0,1.0,true,rear beam axle bolt (M12)
1571,ALTIMA2000_SUSP_HexBolt_TrailingArm_001,Suspension_Rear,SU,TrailingArm,HexBolt_TrailingArm,MAT_Steel_Phosphate_Fastener,steel_phos,TPL_Bolt_M10,2.328085,-0.2812,0.97,0.0,0.0,0.0,1.0,1.0,1.0,true,trailing arm bolt (M10)
1572,ALTIMA2000_SUSP_HexBolt_TrailingArm_002,Suspension_Rear,SU,TrailingArm,HexBolt_TrailingArm,MAT_Steel_Phosphate_Fastener,steel_phos,TPL_Bolt_M10,-0.483838,-0.643981,0.53984,0.0,0.0,0.7,1.0,1.0,1.0,true,trailing arm bolt (M10)
1573,ALTIMA2000_SUSP_HexBolt_TrailingArm_003,Suspension_Rear,SU,TrailingArm,HexBolt_TrailingArm,MAT_Steel_Phosphate_Fastener,steel_phos,TPL_Bolt_M10,1.254026,0.473238,1.109681,0.0,0.0,1.4,1.0,1.0,1.0,true,trailing arm bolt (M10)
1574,ALTIMA2000_SUSP_HexBolt_TrailingArm_004,Suspension_Rear,SU,TrailingArm,HexBolt_TrailingArm,MAT_Steel_Phosphate_Fastener,steel_phos,TPL_Bolt_M10,-1.557897,0.110457,0.679521,0.0,0.0,2.1,1.0,1.0,1.0,true,trailing arm bolt (M10)
1575,ALTIMA2000_SUSP_HexBolt_TrailingArm_005,Suspension_Rear,SU,TrailingArm,HexBolt_TrailingArm,MAT_Steel_Phosphate_Fastener,steel_phos,TPL_Bolt_M10,0.179967,-0.252324,1.249361,0.0,0.0,2.8,1.0,1.0,1.0,true,trailing arm bolt (M10)
1576,ALTIMA2000_SUSP_HexBolt_TrailingArm_006,Suspension_Rear,SU,TrailingArm,HexBolt_TrailingArm,MAT_Steel_Phosphate_Fastener,steel_phos,TPL_Bolt_M10,1.917831,-0.615105,0.819201,0.0,0.0,0.36,1.0,1.0,1.0,true,trailing arm bolt (M10)
1577,ALTIMA2000_SUSP_HexBolt_TrailingArm_007,Suspension_Rear,SU,TrailingArm,HexBolt_TrailingArm,MAT_Steel_Phosphate_Fastener,steel_phos,TPL_Bolt_M10,-0.894092,0.502114,0.389042,0.0,0.0,1.06,1.0,1.0,1.0,true,trailing arm bolt (M10)
1578,ALTIMA2000_SUSP_HexBolt_TrailingArm_008,Suspension_Rear,SU,TrailingArm,HexBolt_TrailingArm,MAT_Steel_Phosphate_Fastener,steel_phos,TPL_Bolt_M10,0.843772,0.139333,0.958882,0.0,0.0,1.76,1.0,1.0,1.0,true,trailing arm bolt (M10)
1579,ALTIMA2000_STR_HexBolt_SteeringRack_001,Suspension_Steering,SR,SteeringRack,HexBolt_SteeringRack,MAT_Steel_Phosphate_Fastener,steel_phos,TPL_Bolt_M10,2.328085,-0.2812,0.97,0.0,0.0,0.0,1.0,1.0,1.0,true,steering rack bolt (M10)
1580,ALTIMA2000_STR_HexBolt_SteeringRack_002,Suspension_Steering,SR,SteeringRack,HexBolt_SteeringRack,MAT_Steel_Phosphate_Fastener,steel_phos,TPL_Bolt_M10,-0.483838,-0.643981,0.53984,0.0,0.0,0.7,1.0,1.0,1.0,true,steering rack bolt (M10)
1581,ALTIMA2000_STR_HexBolt_SteeringRack_003,Suspension_Steering,SR,SteeringRack,HexBolt_SteeringRack,MAT_Steel_Phosphate_Fastener,steel_phos,TPL_Bolt_M10,1.254026,0.473238,1.109681,0.0,0.0,1.4,1.0,1.0,1.0,true,steering rack bolt (M10)
1582,ALTIMA2000_STR_HexBolt_SteeringRack_004,Suspension_Steering,SR,SteeringRack,HexBolt_SteeringRack,MAT_Steel_Phosphate_Fastener,steel_phos,TPL_Bolt_M10,-1.557897,0.110457,0.679521,0.0,0.0,2.1,1.0,1.0,1.0,true,steering rack bolt (M10)
1583,ALTIMA2000_STR_HexBolt_Column_001,Suspension_Steering,SR,Column,HexBolt_Column,MAT_Steel_Phosphate_Fastener,steel_phos,TPL_Bolt_M8,2.328085,-0.2812,0.97,0.0,0.0,0.0,1.0,1.0,1.0,true,steering column bolt (M8)
1584,ALTIMA2000_STR_HexBolt_Column_002,Suspension_Steering,SR,Column,HexBolt_Column,MAT_Steel_Phosphate_Fastener,steel_phos,TPL_Bolt_M8,-0.483838,-0.643981,0.53984,0.0,0.0,0.7,1.0,1.0,1.0,true,steering column bolt (M8)
1585,ALTIMA2000_STR_HexBolt_Column_003,Suspension_Steering,SR,Column,HexBolt_Column,MAT_Steel_Phosphate_Fastener,steel_phos,TPL_Bolt_M8,1.254026,0.473238,1.109681,0.0,0.0,1.4,1.0,1.0,1.0,true,steering column bolt (M8)
1586,ALTIMA2000_STR_HexBolt_Column_004,Suspension_Steering,SR,Column,HexBolt_Column,MAT_Steel_Phosphate_Fastener,steel_phos,TPL_Bolt_M8,-1.557897,0.110457,0.679521,0.0,0.0,2.1,1.0,1.0,1.0,true,steering column bolt (M8)
1587,ALTIMA2000_BRAK_HexBolt_Caliper_001,Brakes_Front,BR,Caliper,HexBolt_Caliper,MAT_Steel_Phosphate_Fastener,steel_phos,TPL_Bolt_M14,2.328085,-0.2812,0.97,0.0,0.0,0.0,1.0,1.0,1.0,true,front caliper mounting bolt (M14)
1588,ALTIMA2000_BRAK_HexBolt_Caliper_002,Brakes_Front,BR,Caliper,HexBolt_Caliper,MAT_Steel_Phosphate_Fastener,steel_phos,TPL_Bolt_M14,-0.483838,-0.643981,0.53984,0.0,0.0,0.7,1.0,1.0,1.0,true,front caliper mounting bolt (M14)
1589,ALTIMA2000_BRAK_HexBolt_Caliper_003,Brakes_Front,BR,Caliper,HexBolt_Caliper,MAT_Steel_Phosphate_Fastener,steel_phos,TPL_Bolt_M14,1.254026,0.473238,1.109681,0.0,0.0,1.4,1.0,1.0,1.0,true,front caliper mounting bolt (M14)
1590,ALTIMA2000_BRAK_HexBolt_Caliper_004,Brakes_Front,BR,Caliper,HexBolt_Caliper,MAT_Steel_Phosphate_Fastener,steel_phos,TPL_Bolt_M14,-1.557897,0.110457,0.679521,0.0,0.0,2.1,1.0,1.0,1.0,true,front caliper mounting bolt (M14)
1591,ALTIMA2000_BRAK_HexBolt_Caliper_005,Brakes_Front,BR,Caliper,HexBolt_Caliper,MAT_Steel_Phosphate_Fastener,steel_phos,TPL_Bolt_M14,0.179967,-0.252324,1.249361,0.0,0.0,2.8,1.0,1.0,1.0,true,front caliper mounting bolt (M14)
1592,ALTIMA2000_BRAK_HexBolt_Caliper_006,Brakes_Front,BR,Caliper,HexBolt_Caliper,MAT_Steel_Phosphate_Fastener,steel_phos,TPL_Bolt_M14,1.917831,-0.615105,0.819201,0.0,0.0,0.36,1.0,1.0,1.0,true,front caliper mounting bolt (M14)
1593,ALTIMA2000_BRAK_HexBolt_Caliper_007,Brakes_Front,BR,Caliper,HexBolt_Caliper,MAT_Steel_Phosphate_Fastener,steel_phos,TPL_Bolt_M14,-0.894092,0.502114,0.389042,0.0,0.0,1.06,1.0,1.0,1.0,true,front caliper mounting bolt (M14)
1594,ALTIMA2000_BRAK_HexBolt_Caliper_008,Brakes_Front,BR,Caliper,HexBolt_Caliper,MAT_Steel_Phosphate_Fastener,steel_phos,TPL_Bolt_M14,0.843772,0.139333,0.958882,0.0,0.0,1.76,1.0,1.0,1.0,true,front caliper mounting bolt (M14)
1595,ALTIMA2000_BRAK_HexBolt_CaliperRear_001,Brakes_Rear,BR,CaliperRear,HexBolt_CaliperRear,MAT_Steel_Phosphate_Fastener,steel_phos,TPL_Bolt_M12,2.328085,-0.2812,0.97,0.0,0.0,0.0,1.0,1.0,1.0,true,rear caliper mounting bolt (M12)
1596,ALTIMA2000_BRAK_HexBolt_CaliperRear_002,Brakes_Rear,BR,CaliperRear,HexBolt_CaliperRear,MAT_Steel_Phosphate_Fastener,steel_phos,TPL_Bolt_M12,-0.483838,-0.643981,0.53984,0.0,0.0,0.7,1.0,1.0,1.0,true,rear caliper mounting bolt (M12)
1597,ALTIMA2000_BRAK_HexBolt_CaliperRear_003,Brakes_Rear,BR,CaliperRear,HexBolt_CaliperRear,MAT_Steel_Phosphate_Fastener,steel_phos,TPL_Bolt_M12,1.254026,0.473238,1.109681,0.0,0.0,1.4,1.0,1.0,1.0,true,rear caliper mounting bolt (M12)
1598,ALTIMA2000_BRAK_HexBolt_CaliperRear_004,Brakes_Rear,BR,CaliperRear,HexBolt_CaliperRear,MAT_Steel_Phosphate_Fastener,steel_phos,TPL_Bolt_M12,-1.557897,0.110457,0.679521,0.0,0.0,2.1,1.0,1.0,1.0,true,rear caliper mounting bolt (M12)
1599,ALTIMA2000_BRAK_HexBolt_CaliperRear_005,Brakes_Rear,BR,CaliperRear,HexBolt_CaliperRear,MAT_Steel_Phosphate_Fastener,steel_phos,TPL_Bolt_M12,0.179967,-0.252324,1.249361,0.0,0.0,2.8,1.0,1.0,1.0,true,rear caliper mounting bolt (M12)
1600,ALTIMA2000_BRAK_HexBolt_CaliperRear_006,Brakes_Rear,BR,CaliperRear,HexBolt_CaliperRear,MAT_Steel_Phosphate_Fastener,steel_phos,TPL_Bolt_M12,1.917831,-0.615105,0.819201,0.0,0.0,0.36,1.0,1.0,1.0,true,rear caliper mounting bolt (M12)
1601,ALTIMA2000_BRAK_HexBolt_CaliperRear_007,Brakes_Rear,BR,CaliperRear,HexBolt_CaliperRear,MAT_Steel_Phosphate_Fastener,steel_phos,TPL_Bolt_M12,-0.894092,0.502114,0.389042,0.0,0.0,1.06,1.0,1.0,1.0,true,rear caliper mounting bolt (M12)
1602,ALTIMA2000_BRAK_HexBolt_CaliperRear_008,Brakes_Rear,BR,CaliperRear,HexBolt_CaliperRear,MAT_Steel_Phosphate_Fastener,steel_phos,TPL_Bolt_M12,0.843772,0.139333,0.958882,0.0,0.0,1.76,1.0,1.0,1.0,true,rear caliper mounting bolt (M12)
1603,ALTIMA2000_BRAK_HexBolt_MasterCylinder_001,Brakes_Hydraulics,BR,MasterCylinder,HexBolt_MasterCylinder,MAT_Steel_Phosphate_Fastener,steel_phos,TPL_Bolt_M8,2.328085,-0.2812,0.97,0.0,0.0,0.0,1.0,1.0,1.0,true,master cylinder nut (M8)
1604,ALTIMA2000_BRAK_HexBolt_MasterCylinder_002,Brakes_Hydraulics,BR,MasterCylinder,HexBolt_MasterCylinder,MAT_Steel_Phosphate_Fastener,steel_phos,TPL_Bolt_M8,-0.483838,-0.643981,0.53984,0.0,0.0,0.7,1.0,1.0,1.0,true,master cylinder nut (M8)
1605,ALTIMA2000_BRAK_HexBolt_MasterCylinder_003,Brakes_Hydraulics,BR,MasterCylinder,HexBolt_MasterCylinder,MAT_Steel_Phosphate_Fastener,steel_phos,TPL_Bolt_M8,1.254026,0.473238,1.109681,0.0,0.0,1.4,1.0,1.0,1.0,true,master cylinder nut (M8)
1606,ALTIMA2000_BRAK_HexBolt_MasterCylinder_004,Brakes_Hydraulics,BR,MasterCylinder,HexBolt_MasterCylinder,MAT_Steel_Phosphate_Fastener,steel_phos,TPL_Bolt_M8,-1.557897,0.110457,0.679521,0.0,0.0,2.1,1.0,1.0,1.0,true,master cylinder nut (M8)
1607,ALTIMA2000_BRAK_HexBolt_Booster_001,Brakes_Hydraulics,BR,Booster,HexBolt_Booster,MAT_Steel_Phosphate_Fastener,steel_phos,TPL_Bolt_M8,2.328085,-0.2812,0.97,0.0,0.0,0.0,1.0,1.0,1.0,true,brake booster nut (M8)
1608,ALTIMA2000_BRAK_HexBolt_Booster_002,Brakes_Hydraulics,BR,Booster,HexBolt_Booster,MAT_Steel_Phosphate_Fastener,steel_phos,TPL_Bolt_M8,-0.483838,-0.643981,0.53984,0.0,0.0,0.7,1.0,1.0,1.0,true,brake booster nut (M8)
1609,ALTIMA2000_BRAK_HexBolt_Booster_003,Brakes_Hydraulics,BR,Booster,HexBolt_Booster,MAT_Steel_Phosphate_Fastener,steel_phos,TPL_Bolt_M8,1.254026,0.473238,1.109681,0.0,0.0,1.4,1.0,1.0,1.0,true,brake booster nut (M8)
1610,ALTIMA2000_BRAK_HexBolt_Booster_004,Brakes_Hydraulics,BR,Booster,HexBolt_Booster,MAT_Steel_Phosphate_Fastener,steel_phos,TPL_Bolt_M8,-1.557897,0.110457,0.679521,0.0,0.0,2.1,1.0,1.0,1.0,true,brake booster nut (M8)
1611,ALTIMA2000_BODY_HexBolt_Fender_001,Body_Panels,BD,Fender,HexBolt_Fender,MAT_Steel_Phosphate_Fastener,steel_phos,TPL_Bolt_M6,2.328085,-0.2812,0.97,0.0,0.0,0.0,1.0,1.0,1.0,true,fender / bolt-on panel bolt (M6)
1612,ALTIMA2000_BODY_HexBolt_Fender_002,Body_Panels,BD,Fender,HexBolt_Fender,MAT_Steel_Phosphate_Fastener,steel_phos,TPL_Bolt_M6,-0.483838,-0.643981,0.53984,0.0,0.0,0.7,1.0,1.0,1.0,true,fender / bolt-on panel bolt (M6)
1613,ALTIMA2000_BODY_HexBolt_Fender_003,Body_Panels,BD,Fender,HexBolt_Fender,MAT_Steel_Phosphate_Fastener,steel_phos,TPL_Bolt_M6,1.254026,0.473238,1.109681,0.0,0.0,1.4,1.0,1.0,1.0,true,fender / bolt-on panel bolt (M6)
1614,ALTIMA2000_BODY_HexBolt_Fender_004,Body_Panels,BD,Fender,HexBolt_Fender,MAT_Steel_Phosphate_Fastener,steel_phos,TPL_Bolt_M6,-1.557897,0.110457,0.679521,0.0,0.0,2.1,1.0,1.0,1.0,true,fender / bolt-on panel bolt (M6)
1615,ALTIMA2000_BODY_HexBolt_Fender_005,Body_Panels,BD,Fender,HexBolt_Fender,MAT_Steel_Phosphate_Fastener,steel_phos,TPL_Bolt_M6,0.179967,-0.252324,1.249361,0.0,0.0,2.8,1.0,1.0,1.0,true,fender / bolt-on panel bolt (M6)
1616,ALTIMA2000_BODY_HexBolt_Fender_006,Body_Panels,BD,Fender,HexBolt_Fender,MAT_Steel_Phosphate_Fastener,steel_phos,TPL_Bolt_M6,1.917831,-0.615105,0.819201,0.0,0.0,0.36,1.0,1.0,1.0,true,fender / bolt-on panel bolt (M6)
1617,ALTIMA2000_BODY_HexBolt_Fender_007,Body_Panels,BD,Fender,HexBolt_Fender,MAT_Steel_Phosphate_Fastener,steel_phos,TPL_Bolt_M6,-0.894092,0.502114,0.389042,0.0,0.0,1.06,1.0,1.0,1.0,true,fender / bolt-on panel bolt (M6)
1618,ALTIMA2000_BODY_HexBolt_Fender_008,Body_Panels,BD,Fender,HexBolt_Fender,MAT_Steel_Phosphate_Fastener,steel_phos,TPL_Bolt_M6,0.843772,0.139333,0.958882,0.0,0.0,1.76,1.0,1.0,1.0,true,fender / bolt-on panel bolt (M6)
1619,ALTIMA2000_BODY_HexBolt_Fender_009,Body_Panels,BD,Fender,HexBolt_Fender,MAT_Steel_Phosphate_Fastener,steel_phos,TPL_Bolt_M6,-1.968151,-0.223448,0.528722,0.0,0.0,2.46,1.0,1.0,1.0,true,fender / bolt-on panel bolt (M6)
1620,ALTIMA2000_BODY_HexBolt_Fender_010,Body_Panels,BD,Fender,HexBolt_Fender,MAT_Steel_Phosphate_Fastener,steel_phos,TPL_Bolt_M6,-0.230287,-0.58623,1.098563,0.0,0.0,0.02,1.0,1.0,1.0,true,fender / bolt-on panel bolt (M6)
1621,ALTIMA2000_BODY_HexBolt_Fender_011,Body_Panels,BD,Fender,HexBolt_Fender,MAT_Steel_Phosphate_Fastener,steel_phos,TPL_Bolt_M6,1.507577,0.530989,0.668403,0.0,0.0,0.72,1.0,1.0,1.0,true,fender / bolt-on panel bolt (M6)
1622,ALTIMA2000_BODY_HexBolt_Fender_012,Body_Panels,BD,Fender,HexBolt_Fender,MAT_Steel_Phosphate_Fastener,steel_phos,TPL_Bolt_M6,-1.304346,0.168208,1.238243,0.0,0.0,1.42,1.0,1.0,1.0,true,fender / bolt-on panel bolt (M6)
1623,ALTIMA2000_BODY_HexBolt_Fender_013,Body_Panels,BD,Fender,HexBolt_Fender,MAT_Steel_Phosphate_Fastener,steel_phos,TPL_Bolt_M6,0.433518,-0.194573,0.808083,0.0,0.0,2.12,1.0,1.0,1.0,true,fender / bolt-on panel bolt (M6)
1624,ALTIMA2000_BODY_HexBolt_Fender_014,Body_Panels,BD,Fender,HexBolt_Fender,MAT_Steel_Phosphate_Fastener,steel_phos,TPL_Bolt_M6,2.171382,-0.557354,0.377924,0.0,0.0,2.82,1.0,1.0,1.0,true,fender / bolt-on panel bolt (M6)
1625,ALTIMA2000_BODY_HexBolt_Fender_015,Body_Panels,BD,Fender,HexBolt_Fender,MAT_Steel_Phosphate_Fastener,steel_phos,TPL_Bolt_M6,-0.640541,0.559865,0.947764,0.0,0.0,0.38,1.0,1.0,1.0,true,fender / bolt-on panel bolt (M6)
1626,ALTIMA2000_BODY_HexBolt_Fender_016,Body_Panels,BD,Fender,HexBolt_Fender,MAT_Steel_Phosphate_Fastener,steel_phos,TPL_Bolt_M6,1.097323,0.197084,0.517604,0.0,0.0,1.08,1.0,1.0,1.0,true,fender / bolt-on panel bolt (M6)
1627,ALTIMA2000_BODY_HexBolt_Fender_017,Body_Panels,BD,Fender,HexBolt_Fender,MAT_Steel_Phosphate_Fastener,steel_phos,TPL_Bolt_M6,-1.7146,-0.165697,1.087445,0.0,0.0,1.78,1.0,1.0,1.0,true,fender / bolt-on panel bolt (M6)
1628,ALTIMA2000_BODY_HexBolt_Fender_018,Body_Panels,BD,Fender,HexBolt_Fender,MAT_Steel_Phosphate_Fastener,steel_phos,TPL_Bolt_M6,0.023264,-0.528478,0.657285,0.0,0.0,2.48,1.0,1.0,1.0,true,fender / bolt-on panel bolt (M6)
1629,ALTIMA2000_BODY_HexBolt_Fender_019,Body_Panels,BD,Fender,HexBolt_Fender,MAT_Steel_Phosphate_Fastener,steel_phos,TPL_Bolt_M6,1.761128,0.588741,1.227125,0.0,0.0,0.04,1.0,1.0,1.0,true,fender / bolt-on panel bolt (M6)
1630,ALTIMA2000_BODY_HexBolt_Fender_020,Body_Panels,BD,Fender,HexBolt_Fender,MAT_Steel_Phosphate_Fastener,steel_phos,TPL_Bolt_M6,-1.050795,0.22596,0.796966,0.0,0.0,0.74,1.0,1.0,1.0,true,fender / bolt-on panel bolt (M6)
1631,ALTIMA2000_BODY_HexBolt_HoodHinge_001,Body_Panels,BD,HoodHinge,HexBolt_HoodHinge,MAT_Steel_Phosphate_Fastener,steel_phos,TPL_Bolt_M8,2.328085,-0.2812,0.97,0.0,0.0,0.0,1.0,1.0,1.0,true,hood hinge bolt (M8)
1632,ALTIMA2000_BODY_HexBolt_HoodHinge_002,Body_Panels,BD,HoodHinge,HexBolt_HoodHinge,MAT_Steel_Phosphate_Fastener,steel_phos,TPL_Bolt_M8,-0.483838,-0.643981,0.53984,0.0,0.0,0.7,1.0,1.0,1.0,true,hood hinge bolt (M8)
1633,ALTIMA2000_BODY_HexBolt_HoodHinge_003,Body_Panels,BD,HoodHinge,HexBolt_HoodHinge,MAT_Steel_Phosphate_Fastener,steel_phos,TPL_Bolt_M8,1.254026,0.473238,1.109681,0.0,0.0,1.4,1.0,1.0,1.0,true,hood hinge bolt (M8)
1634,ALTIMA2000_BODY_HexBolt_HoodHinge_004,Body_Panels,BD,HoodHinge,HexBolt_HoodHinge,MAT_Steel_Phosphate_Fastener,steel_phos,TPL_Bolt_M8,-1.557897,0.110457,0.679521,0.0,0.0,2.1,1.0,1.0,1.0,true,hood hinge bolt (M8)
1635,ALTIMA2000_BODY_HexBolt_HoodHinge_005,Body_Panels,BD,HoodHinge,HexBolt_HoodHinge,MAT_Steel_Phosphate_Fastener,steel_phos,TPL_Bolt_M8,0.179967,-0.252324,1.249361,0.0,0.0,2.8,1.0,1.0,1.0,true,hood hinge bolt (M8)
1636,ALTIMA2000_BODY_HexBolt_HoodHinge_006,Body_Panels,BD,HoodHinge,HexBolt_HoodHinge,MAT_Steel_Phosphate_Fastener,steel_phos,TPL_Bolt_M8,1.917831,-0.615105,0.819201,0.0,0.0,0.36,1.0,1.0,1.0,true,hood hinge bolt (M8)
1637,ALTIMA2000_BODY_HexBolt_HoodHinge_007,Body_Panels,BD,HoodHinge,HexBolt_HoodHinge,MAT_Steel_Phosphate_Fastener,steel_phos,TPL_Bolt_M8,-0.894092,0.502114,0.389042,0.0,0.0,1.06,1.0,1.0,1.0,true,hood hinge bolt (M8)
1638,ALTIMA2000_BODY_HexBolt_HoodHinge_008,Body_Panels,BD,HoodHinge,HexBolt_HoodHinge,MAT_Steel_Phosphate_Fastener,steel_phos,TPL_Bolt_M8,0.843772,0.139333,0.958882,0.0,0.0,1.76,1.0,1.0,1.0,true,hood hinge bolt (M8)
1639,ALTIMA2000_BODY_HexBolt_TrunkHinge_001,Body_Panels,BD,TrunkHinge,HexBolt_TrunkHinge,MAT_Steel_Phosphate_Fastener,steel_phos,TPL_Bolt_M8,2.328085,-0.2812,0.97,0.0,0.0,0.0,1.0,1.0,1.0,true,trunk hinge bolt (M8)
1640,ALTIMA2000_BODY_HexBolt_TrunkHinge_002,Body_Panels,BD,TrunkHinge,HexBolt_TrunkHinge,MAT_Steel_Phosphate_Fastener,steel_phos,TPL_Bolt_M8,-0.483838,-0.643981,0.53984,0.0,0.0,0.7,1.0,1.0,1.0,true,trunk hinge bolt (M8)
1641,ALTIMA2000_BODY_HexBolt_TrunkHinge_003,Body_Panels,BD,TrunkHinge,HexBolt_TrunkHinge,MAT_Steel_Phosphate_Fastener,steel_phos,TPL_Bolt_M8,1.254026,0.473238,1.109681,0.0,0.0,1.4,1.0,1.0,1.0,true,trunk hinge bolt (M8)
1642,ALTIMA2000_BODY_HexBolt_TrunkHinge_004,Body_Panels,BD,TrunkHinge,HexBolt_TrunkHinge,MAT_Steel_Phosphate_Fastener,steel_phos,TPL_Bolt_M8,-1.557897,0.110457,0.679521,0.0,0.0,2.1,1.0,1.0,1.0,true,trunk hinge bolt (M8)
1643,ALTIMA2000_BODY_HexBolt_TrunkHinge_005,Body_Panels,BD,TrunkHinge,HexBolt_TrunkHinge,MAT_Steel_Phosphate_Fastener,steel_phos,TPL_Bolt_M8,0.179967,-0.252324,1.249361,0.0,0.0,2.8,1.0,1.0,1.0,true,trunk hinge bolt (M8)
1644,ALTIMA2000_BODY_HexBolt_TrunkHinge_006,Body_Panels,BD,TrunkHinge,HexBolt_TrunkHinge,MAT_Steel_Phosphate_Fastener,steel_phos,TPL_Bolt_M8,1.917831,-0.615105,0.819201,0.0,0.0,0.36,1.0,1.0,1.0,true,trunk hinge bolt (M8)
1645,ALTIMA2000_BODY_HexBolt_TrunkHinge_007,Body_Panels,BD,TrunkHinge,HexBolt_TrunkHinge,MAT_Steel_Phosphate_Fastener,steel_phos,TPL_Bolt_M8,-0.894092,0.502114,0.389042,0.0,0.0,1.06,1.0,1.0,1.0,true,trunk hinge bolt (M8)
1646,ALTIMA2000_BODY_HexBolt_TrunkHinge_008,Body_Panels,BD,TrunkHinge,HexBolt_TrunkHinge,MAT_Steel_Phosphate_Fastener,steel_phos,TPL_Bolt_M8,0.843772,0.139333,0.958882,0.0,0.0,1.76,1.0,1.0,1.0,true,trunk hinge bolt (M8)
1647,ALTIMA2000_BODY_HexBolt_BumperFront_001,Body_Panels,BD,BumperFront,HexBolt_BumperFront,MAT_Steel_Phosphate_Fastener,steel_phos,TPL_Bolt_M8,2.328085,-0.2812,0.97,0.0,0.0,0.0,1.0,1.0,1.0,true,front bumper fastener (M8)
1648,ALTIMA2000_BODY_HexBolt_BumperFront_002,Body_Panels,BD,BumperFront,HexBolt_BumperFront,MAT_Steel_Phosphate_Fastener,steel_phos,TPL_Bolt_M8,-0.483838,-0.643981,0.53984,0.0,0.0,0.7,1.0,1.0,1.0,true,front bumper fastener (M8)
1649,ALTIMA2000_BODY_HexBolt_BumperFront_003,Body_Panels,BD,BumperFront,HexBolt_BumperFront,MAT_Steel_Phosphate_Fastener,steel_phos,TPL_Bolt_M8,1.254026,0.473238,1.109681,0.0,0.0,1.4,1.0,1.0,1.0,true,front bumper fastener (M8)
1650,ALTIMA2000_BODY_HexBolt_BumperFront_004,Body_Panels,BD,BumperFront,HexBolt_BumperFront,MAT_Steel_Phosphate_Fastener,steel_phos,TPL_Bolt_M8,-1.557897,0.110457,0.679521,0.0,0.0,2.1,1.0,1.0,1.0,true,front bumper fastener (M8)
1651,ALTIMA2000_BODY_HexBolt_BumperFront_005,Body_Panels,BD,BumperFront,HexBolt_BumperFront,MAT_Steel_Phosphate_Fastener,steel_phos,TPL_Bolt_M8,0.179967,-0.252324,1.249361,0.0,0.0,2.8,1.0,1.0,1.0,true,front bumper fastener (M8)
1652,ALTIMA2000_BODY_HexBolt_BumperFront_006,Body_Panels,BD,BumperFront,HexBolt_BumperFront,MAT_Steel_Phosphate_Fastener,steel_phos,TPL_Bolt_M8,1.917831,-0.615105,0.819201,0.0,0.0,0.36,1.0,1.0,1.0,true,front bumper fastener (M8)
1653,ALTIMA2000_BODY_HexBolt_BumperFront_007,Body_Panels,BD,BumperFront,HexBolt_BumperFront,MAT_Steel_Phosphate_Fastener,steel_phos,TPL_Bolt_M8,-0.894092,0.502114,0.389042,0.0,0.0,1.06,1.0,1.0,1.0,true,front bumper fastener (M8)
1654,ALTIMA2000_BODY_HexBolt_BumperFront_008,Body_Panels,BD,BumperFront,HexBolt_BumperFront,MAT_Steel_Phosphate_Fastener,steel_phos,TPL_Bolt_M8,0.843772,0.139333,0.958882,0.0,0.0,1.76,1.0,1.0,1.0,true,front bumper fastener (M8)
1655,ALTIMA2000_BODY_HexBolt_BumperFront_009,Body_Panels,BD,BumperFront,HexBolt_BumperFront,MAT_Steel_Phosphate_Fastener,steel_phos,TPL_Bolt_M8,-1.968151,-0.223448,0.528722,0.0,0.0,2.46,1.0,1.0,1.0,true,front bumper fastener (M8)
1656,ALTIMA2000_BODY_HexBolt_BumperFront_010,Body_Panels,BD,BumperFront,HexBolt_BumperFront,MAT_Steel_Phosphate_Fastener,steel_phos,TPL_Bolt_M8,-0.230287,-0.58623,1.098563,0.0,0.0,0.02,1.0,1.0,1.0,true,front bumper fastener (M8)
1657,ALTIMA2000_BODY_HexBolt_BumperRear_001,Body_Panels,BD,BumperRear,HexBolt_BumperRear,MAT_Steel_Phosphate_Fastener,steel_phos,TPL_Bolt_M8,2.328085,-0.2812,0.97,0.0,0.0,0.0,1.0,1.0,1.0,true,rear bumper fastener (M8)
1658,ALTIMA2000_BODY_HexBolt_BumperRear_002,Body_Panels,BD,BumperRear,HexBolt_BumperRear,MAT_Steel_Phosphate_Fastener,steel_phos,TPL_Bolt_M8,-0.483838,-0.643981,0.53984,0.0,0.0,0.7,1.0,1.0,1.0,true,rear bumper fastener (M8)
1659,ALTIMA2000_BODY_HexBolt_BumperRear_003,Body_Panels,BD,BumperRear,HexBolt_BumperRear,MAT_Steel_Phosphate_Fastener,steel_phos,TPL_Bolt_M8,1.254026,0.473238,1.109681,0.0,0.0,1.4,1.0,1.0,1.0,true,rear bumper fastener (M8)
1660,ALTIMA2000_BODY_HexBolt_BumperRear_004,Body_Panels,BD,BumperRear,HexBolt_BumperRear,MAT_Steel_Phosphate_Fastener,steel_phos,TPL_Bolt_M8,-1.557897,0.110457,0.679521,0.0,0.0,2.1,1.0,1.0,1.0,true,rear bumper fastener (M8)
1661,ALTIMA2000_BODY_HexBolt_BumperRear_005,Body_Panels,BD,BumperRear,HexBolt_BumperRear,MAT_Steel_Phosphate_Fastener,steel_phos,TPL_Bolt_M8,0.179967,-0.252324,1.249361,0.0,0.0,2.8,1.0,1.0,1.0,true,rear bumper fastener (M8)
1662,ALTIMA2000_BODY_HexBolt_BumperRear_006,Body_Panels,BD,BumperRear,HexBolt_BumperRear,MAT_Steel_Phosphate_Fastener,steel_phos,TPL_Bolt_M8,1.917831,-0.615105,0.819201,0.0,0.0,0.36,1.0,1.0,1.0,true,rear bumper fastener (M8)
1663,ALTIMA2000_BODY_HexBolt_BumperRear_007,Body_Panels,BD,BumperRear,HexBolt_BumperRear,MAT_Steel_Phosphate_Fastener,steel_phos,TPL_Bolt_M8,-0.894092,0.502114,0.389042,0.0,0.0,1.06,1.0,1.0,1.0,true,rear bumper fastener (M8)
1664,ALTIMA2000_BODY_HexBolt_BumperRear_008,Body_Panels,BD,BumperRear,HexBolt_BumperRear,MAT_Steel_Phosphate_Fastener,steel_phos,TPL_Bolt_M8,0.843772,0.139333,0.958882,0.0,0.0,1.76,1.0,1.0,1.0,true,rear bumper fastener (M8)
1665,ALTIMA2000_BODY_HexBolt_BumperRear_009,Body_Panels,BD,BumperRear,HexBolt_BumperRear,MAT_Steel_Phosphate_Fastener,steel_phos,TPL_Bolt_M8,-1.968151,-0.223448,0.528722,0.0,0.0,2.46,1.0,1.0,1.0,true,rear bumper fastener (M8)
1666,ALTIMA2000_BODY_HexBolt_BumperRear_010,Body_Panels,BD,BumperRear,HexBolt_BumperRear,MAT_Steel_Phosphate_Fastener,steel_phos,TPL_Bolt_M8,-0.230287,-0.58623,1.098563,0.0,0.0,0.02,1.0,1.0,1.0,true,rear bumper fastener (M8)
1667,ALTIMA2000_BODY_HexBolt_Bracket_001,Body_Panels,BD,Bracket,HexBolt_Bracket,MAT_Steel_Phosphate_Fastener,steel_phos,TPL_Bolt_M6,2.328085,-0.2812,0.97,0.0,0.0,0.0,1.0,1.0,1.0,true,general body bracket bolt (M6)
1668,ALTIMA2000_BODY_HexBolt_Bracket_002,Body_Panels,BD,Bracket,HexBolt_Bracket,MAT_Steel_Phosphate_Fastener,steel_phos,TPL_Bolt_M6,-0.483838,-0.643981,0.53984,0.0,0.0,0.7,1.0,1.0,1.0,true,general body bracket bolt (M6)
1669,ALTIMA2000_BODY_HexBolt_Bracket_003,Body_Panels,BD,Bracket,HexBolt_Bracket,MAT_Steel_Phosphate_Fastener,steel_phos,TPL_Bolt_M6,1.254026,0.473238,1.109681,0.0,0.0,1.4,1.0,1.0,1.0,true,general body bracket bolt (M6)
1670,ALTIMA2000_BODY_HexBolt_Bracket_004,Body_Panels,BD,Bracket,HexBolt_Bracket,MAT_Steel_Phosphate_Fastener,steel_phos,TPL_Bolt_M6,-1.557897,0.110457,0.679521,0.0,0.0,2.1,1.0,1.0,1.0,true,general body bracket bolt (M6)
1671,ALTIMA2000_BODY_HexBolt_Bracket_005,Body_Panels,BD,Bracket,HexBolt_Bracket,MAT_Steel_Phosphate_Fastener,steel_phos,TPL_Bolt_M6,0.179967,-0.252324,1.249361,0.0,0.0,2.8,1.0,1.0,1.0,true,general body bracket bolt (M6)
1672,ALTIMA2000_BODY_HexBolt_Bracket_006,Body_Panels,BD,Bracket,HexBolt_Bracket,MAT_Steel_Phosphate_Fastener,steel_phos,TPL_Bolt_M6,1.917831,-0.615105,0.819201,0.0,0.0,0.36,1.0,1.0,1.0,true,general body bracket bolt (M6)
1673,ALTIMA2000_BODY_HexBolt_Bracket_007,Body_Panels,BD,Bracket,HexBolt_Bracket,MAT_Steel_Phosphate_Fastener,steel_phos,TPL_Bolt_M6,-0.894092,0.502114,0.389042,0.0,0.0,1.06,1.0,1.0,1.0,true,general body bracket bolt (M6)
1674,ALTIMA2000_BODY_HexBolt_Bracket_008,Body_Panels,BD,Bracket,HexBolt_Bracket,MAT_Steel_Phosphate_Fastener,steel_phos,TPL_Bolt_M6,0.843772,0.139333,0.958882,0.0,0.0,1.76,1.0,1.0,1.0,true,general body bracket bolt (M6)
1675,ALTIMA2000_BODY_HexBolt_Bracket_009,Body_Panels,BD,Bracket,HexBolt_Bracket,MAT_Steel_Phosphate_Fastener,steel_phos,TPL_Bolt_M6,-1.968151,-0.223448,0.528722,0.0,0.0,2.46,1.0,1.0,1.0,true,general body bracket bolt (M6)
1676,ALTIMA2000_BODY_HexBolt_Bracket_010,Body_Panels,BD,Bracket,HexBolt_Bracket,MAT_Steel_Phosphate_Fastener,steel_phos,TPL_Bolt_M6,-0.230287,-0.58623,1.098563,0.0,0.0,0.02,1.0,1.0,1.0,true,general body bracket bolt (M6)
1677,ALTIMA2000_BODY_HexBolt_Bracket_011,Body_Panels,BD,Bracket,HexBolt_Bracket,MAT_Steel_Phosphate_Fastener,steel_phos,TPL_Bolt_M6,1.507577,0.530989,0.668403,0.0,0.0,0.72,1.0,1.0,1.0,true,general body bracket bolt (M6)
1678,ALTIMA2000_BODY_HexBolt_Bracket_012,Body_Panels,BD,Bracket,HexBolt_Bracket,MAT_Steel_Phosphate_Fastener,steel_phos,TPL_Bolt_M6,-1.304346,0.168208,1.238243,0.0,0.0,1.42,1.0,1.0,1.0,true,general body bracket bolt (M6)
1679,ALTIMA2000_BODY_HexBolt_Bracket_013,Body_Panels,BD,Bracket,HexBolt_Bracket,MAT_Steel_Phosphate_Fastener,steel_phos,TPL_Bolt_M6,0.433518,-0.194573,0.808083,0.0,0.0,2.12,1.0,1.0,1.0,true,general body bracket bolt (M6)
1680,ALTIMA2000_BODY_HexBolt_Bracket_014,Body_Panels,BD,Bracket,HexBolt_Bracket,MAT_Steel_Phosphate_Fastener,steel_phos,TPL_Bolt_M6,2.171382,-0.557354,0.377924,0.0,0.0,2.82,1.0,1.0,1.0,true,general body bracket bolt (M6)
1681,ALTIMA2000_BODY_HexBolt_Bracket_015,Body_Panels,BD,Bracket,HexBolt_Bracket,MAT_Steel_Phosphate_Fastener,steel_phos,TPL_Bolt_M6,-0.640541,0.559865,0.947764,0.0,0.0,0.38,1.0,1.0,1.0,true,general body bracket bolt (M6)
1682,ALTIMA2000_BODY_HexBolt_Bracket_016,Body_Panels,BD,Bracket,HexBolt_Bracket,MAT_Steel_Phosphate_Fastener,steel_phos,TPL_Bolt_M6,1.097323,0.197084,0.517604,0.0,0.0,1.08,1.0,1.0,1.0,true,general body bracket bolt (M6)
1683,ALTIMA2000_BODY_HexBolt_Bracket_017,Body_Panels,BD,Bracket,HexBolt_Bracket,MAT_Steel_Phosphate_Fastener,steel_phos,TPL_Bolt_M6,-1.7146,-0.165697,1.087445,0.0,0.0,1.78,1.0,1.0,1.0,true,general body bracket bolt (M6)
1684,ALTIMA2000_BODY_HexBolt_Bracket_018,Body_Panels,BD,Bracket,HexBolt_Bracket,MAT_Steel_Phosphate_Fastener,steel_phos,TPL_Bolt_M6,0.023264,-0.528478,0.657285,0.0,0.0,2.48,1.0,1.0,1.0,true,general body bracket bolt (M6)
1685,ALTIMA2000_BODY_HexBolt_Bracket_019,Body_Panels,BD,Bracket,HexBolt_Bracket,MAT_Steel_Phosphate_Fastener,steel_phos,TPL_Bolt_M6,1.761128,0.588741,1.227125,0.0,0.0,0.04,1.0,1.0,1.0,true,general body bracket bolt (M6)
1686,ALTIMA2000_BODY_HexBolt_Bracket_020,Body_Panels,BD,Bracket,HexBolt_Bracket,MAT_Steel_Phosphate_Fastener,steel_phos,TPL_Bolt_M6,-1.050795,0.22596,0.796966,0.0,0.0,0.74,1.0,1.0,1.0,true,general body bracket bolt (M6)
1687,ALTIMA2000_BODY_HexBolt_Bracket_021,Body_Panels,BD,Bracket,HexBolt_Bracket,MAT_Steel_Phosphate_Fastener,steel_phos,TPL_Bolt_M6,0.687069,-0.136821,0.366806,0.0,0.0,1.44,1.0,1.0,1.0,true,general body bracket bolt (M6)
1688,ALTIMA2000_BODY_HexBolt_Bracket_022,Body_Panels,BD,Bracket,HexBolt_Bracket,MAT_Steel_Phosphate_Fastener,steel_phos,TPL_Bolt_M6,-2.124854,-0.499602,0.936646,0.0,0.0,2.14,1.0,1.0,1.0,true,general body bracket bolt (M6)
1689,ALTIMA2000_SHEL_HexBolt_Subframe_001,Body_Structure,SH,Subframe,HexBolt_Subframe,MAT_Steel_Phosphate_Fastener,steel_phos,TPL_Bolt_M12,2.328085,-0.2812,0.97,0.0,0.0,0.0,1.0,1.0,1.0,true,front crossmember / subframe bolt (M12)
1690,ALTIMA2000_SHEL_HexBolt_Subframe_002,Body_Structure,SH,Subframe,HexBolt_Subframe,MAT_Steel_Phosphate_Fastener,steel_phos,TPL_Bolt_M12,-0.483838,-0.643981,0.53984,0.0,0.0,0.7,1.0,1.0,1.0,true,front crossmember / subframe bolt (M12)
1691,ALTIMA2000_SHEL_HexBolt_Subframe_003,Body_Structure,SH,Subframe,HexBolt_Subframe,MAT_Steel_Phosphate_Fastener,steel_phos,TPL_Bolt_M12,1.254026,0.473238,1.109681,0.0,0.0,1.4,1.0,1.0,1.0,true,front crossmember / subframe bolt (M12)
1692,ALTIMA2000_SHEL_HexBolt_Subframe_004,Body_Structure,SH,Subframe,HexBolt_Subframe,MAT_Steel_Phosphate_Fastener,steel_phos,TPL_Bolt_M12,-1.557897,0.110457,0.679521,0.0,0.0,2.1,1.0,1.0,1.0,true,front crossmember / subframe bolt (M12)
1693,ALTIMA2000_SHEL_HexBolt_Subframe_005,Body_Structure,SH,Subframe,HexBolt_Subframe,MAT_Steel_Phosphate_Fastener,steel_phos,TPL_Bolt_M12,0.179967,-0.252324,1.249361,0.0,0.0,2.8,1.0,1.0,1.0,true,front crossmember / subframe bolt (M12)
1694,ALTIMA2000_SHEL_HexBolt_Subframe_006,Body_Structure,SH,Subframe,HexBolt_Subframe,MAT_Steel_Phosphate_Fastener,steel_phos,TPL_Bolt_M12,1.917831,-0.615105,0.819201,0.0,0.0,0.36,1.0,1.0,1.0,true,front crossmember / subframe bolt (M12)
1695,ALTIMA2000_SHEL_HexBolt_Subframe_007,Body_Structure,SH,Subframe,HexBolt_Subframe,MAT_Steel_Phosphate_Fastener,steel_phos,TPL_Bolt_M12,-0.894092,0.502114,0.389042,0.0,0.0,1.06,1.0,1.0,1.0,true,front crossmember / subframe bolt (M12)
1696,ALTIMA2000_SHEL_HexBolt_Subframe_008,Body_Structure,SH,Subframe,HexBolt_Subframe,MAT_Steel_Phosphate_Fastener,steel_phos,TPL_Bolt_M12,0.843772,0.139333,0.958882,0.0,0.0,1.76,1.0,1.0,1.0,true,front crossmember / subframe bolt (M12)
1697,ALTIMA2000_SHEL_HexBolt_Subframe_009,Body_Structure,SH,Subframe,HexBolt_Subframe,MAT_Steel_Phosphate_Fastener,steel_phos,TPL_Bolt_M12,-1.968151,-0.223448,0.528722,0.0,0.0,2.46,1.0,1.0,1.0,true,front crossmember / subframe bolt (M12)
1698,ALTIMA2000_SHEL_HexBolt_Subframe_010,Body_Structure,SH,Subframe,HexBolt_Subframe,MAT_Steel_Phosphate_Fastener,steel_phos,TPL_Bolt_M12,-0.230287,-0.58623,1.098563,0.0,0.0,0.02,1.0,1.0,1.0,true,front crossmember / subframe bolt (M12)
1699,ALTIMA2000_SHEL_HexBolt_Subframe_011,Body_Structure,SH,Subframe,HexBolt_Subframe,MAT_Steel_Phosphate_Fastener,steel_phos,TPL_Bolt_M12,1.507577,0.530989,0.668403,0.0,0.0,0.72,1.0,1.0,1.0,true,front crossmember / subframe bolt (M12)
1700,ALTIMA2000_SHEL_HexBolt_Subframe_012,Body_Structure,SH,Subframe,HexBolt_Subframe,MAT_Steel_Phosphate_Fastener,steel_phos,TPL_Bolt_M12,-1.304346,0.168208,1.238243,0.0,0.0,1.42,1.0,1.0,1.0,true,front crossmember / subframe bolt (M12)
1701,ALTIMA2000_SHEL_HexBolt_Subframe_013,Body_Structure,SH,Subframe,HexBolt_Subframe,MAT_Steel_Phosphate_Fastener,steel_phos,TPL_Bolt_M12,0.433518,-0.194573,0.808083,0.0,0.0,2.12,1.0,1.0,1.0,true,front crossmember / subframe bolt (M12)
1702,ALTIMA2000_SHEL_HexBolt_Subframe_014,Body_Structure,SH,Subframe,HexBolt_Subframe,MAT_Steel_Phosphate_Fastener,steel_phos,TPL_Bolt_M12,2.171382,-0.557354,0.377924,0.0,0.0,2.82,1.0,1.0,1.0,true,front crossmember / subframe bolt (M12)
1703,ALTIMA2000_SHEL_HexBolt_Subframe_015,Body_Structure,SH,Subframe,HexBolt_Subframe,MAT_Steel_Phosphate_Fastener,steel_phos,TPL_Bolt_M12,-0.640541,0.559865,0.947764,0.0,0.0,0.38,1.0,1.0,1.0,true,front crossmember / subframe bolt (M12)
1704,ALTIMA2000_SHEL_HexBolt_Subframe_016,Body_Structure,SH,Subframe,HexBolt_Subframe,MAT_Steel_Phosphate_Fastener,steel_phos,TPL_Bolt_M12,1.097323,0.197084,0.517604,0.0,0.0,1.08,1.0,1.0,1.0,true,front crossmember / subframe bolt (M12)
1705,ALTIMA2000_SHEL_HexBolt_Subframe_017,Body_Structure,SH,Subframe,HexBolt_Subframe,MAT_Steel_Phosphate_Fastener,steel_phos,TPL_Bolt_M12,-1.7146,-0.165697,1.087445,0.0,0.0,1.78,1.0,1.0,1.0,true,front crossmember / subframe bolt (M12)
1706,ALTIMA2000_SHEL_HexBolt_Subframe_018,Body_Structure,SH,Subframe,HexBolt_Subframe,MAT_Steel_Phosphate_Fastener,steel_phos,TPL_Bolt_M12,0.023264,-0.528478,0.657285,0.0,0.0,2.48,1.0,1.0,1.0,true,front crossmember / subframe bolt (M12)
1707,ALTIMA2000_SHEL_HexBolt_Subframe_019,Body_Structure,SH,Subframe,HexBolt_Subframe,MAT_Steel_Phosphate_Fastener,steel_phos,TPL_Bolt_M12,1.761128,0.588741,1.227125,0.0,0.0,0.04,1.0,1.0,1.0,true,front crossmember / subframe bolt (M12)
1708,ALTIMA2000_SHEL_HexBolt_Subframe_020,Body_Structure,SH,Subframe,HexBolt_Subframe,MAT_Steel_Phosphate_Fastener,steel_phos,TPL_Bolt_M12,-1.050795,0.22596,0.796966,0.0,0.0,0.74,1.0,1.0,1.0,true,front crossmember / subframe bolt (M12)
1709,ALTIMA2000_SHEL_HexBolt_Subframe_021,Body_Structure,SH,Subframe,HexBolt_Subframe,MAT_Steel_Phosphate_Fastener,steel_phos,TPL_Bolt_M12,0.687069,-0.136821,0.366806,0.0,0.0,1.44,1.0,1.0,1.0,true,front crossmember / subframe bolt (M12)
1710,ALTIMA2000_SHEL_HexBolt_Subframe_022,Body_Structure,SH,Subframe,HexBolt_Subframe,MAT_Steel_Phosphate_Fastener,steel_phos,TPL_Bolt_M12,-2.124854,-0.499602,0.936646,0.0,0.0,2.14,1.0,1.0,1.0,true,front crossmember / subframe bolt (M12)
1711,ALTIMA2000_SHEL_HexBolt_Subframe_023,Body_Structure,SH,Subframe,HexBolt_Subframe,MAT_Steel_Phosphate_Fastener,steel_phos,TPL_Bolt_M12,-0.38699,0.617617,0.506486,0.0,0.0,2.84,1.0,1.0,1.0,true,front crossmember / subframe bolt (M12)
1712,ALTIMA2000_SHEL_HexBolt_Subframe_024,Body_Structure,SH,Subframe,HexBolt_Subframe,MAT_Steel_Phosphate_Fastener,steel_phos,TPL_Bolt_M12,1.350874,0.254836,1.076327,0.0,0.0,0.4,1.0,1.0,1.0,true,front crossmember / subframe bolt (M12)
1713,ALTIMA2000_SHEL_HexBolt_SeatRiser_001,Body_Structure,SH,SeatRiser,HexBolt_SeatRiser,MAT_Steel_Phosphate_Fastener,steel_phos,TPL_Bolt_M10,2.328085,-0.2812,0.97,0.0,0.0,0.0,1.0,1.0,1.0,true,seat riser to floor bolt (M10)
1714,ALTIMA2000_SHEL_HexBolt_SeatRiser_002,Body_Structure,SH,SeatRiser,HexBolt_SeatRiser,MAT_Steel_Phosphate_Fastener,steel_phos,TPL_Bolt_M10,-0.483838,-0.643981,0.53984,0.0,0.0,0.7,1.0,1.0,1.0,true,seat riser to floor bolt (M10)
1715,ALTIMA2000_SHEL_HexBolt_SeatRiser_003,Body_Structure,SH,SeatRiser,HexBolt_SeatRiser,MAT_Steel_Phosphate_Fastener,steel_phos,TPL_Bolt_M10,1.254026,0.473238,1.109681,0.0,0.0,1.4,1.0,1.0,1.0,true,seat riser to floor bolt (M10)
1716,ALTIMA2000_SHEL_HexBolt_SeatRiser_004,Body_Structure,SH,SeatRiser,HexBolt_SeatRiser,MAT_Steel_Phosphate_Fastener,steel_phos,TPL_Bolt_M10,-1.557897,0.110457,0.679521,0.0,0.0,2.1,1.0,1.0,1.0,true,seat riser to floor bolt (M10)
1717,ALTIMA2000_SHEL_HexBolt_SeatRiser_005,Body_Structure,SH,SeatRiser,HexBolt_SeatRiser,MAT_Steel_Phosphate_Fastener,steel_phos,TPL_Bolt_M10,0.179967,-0.252324,1.249361,0.0,0.0,2.8,1.0,1.0,1.0,true,seat riser to floor bolt (M10)
1718,ALTIMA2000_SHEL_HexBolt_SeatRiser_006,Body_Structure,SH,SeatRiser,HexBolt_SeatRiser,MAT_Steel_Phosphate_Fastener,steel_phos,TPL_Bolt_M10,1.917831,-0.615105,0.819201,0.0,0.0,0.36,1.0,1.0,1.0,true,seat riser to floor bolt (M10)
1719,ALTIMA2000_SHEL_HexBolt_SeatRiser_007,Body_Structure,SH,SeatRiser,HexBolt_SeatRiser,MAT_Steel_Phosphate_Fastener,steel_phos,TPL_Bolt_M10,-0.894092,0.502114,0.389042,0.0,0.0,1.06,1.0,1.0,1.0,true,seat riser to floor bolt (M10)
1720,ALTIMA2000_SHEL_HexBolt_SeatRiser_008,Body_Structure,SH,SeatRiser,HexBolt_SeatRiser,MAT_Steel_Phosphate_Fastener,steel_phos,TPL_Bolt_M10,0.843772,0.139333,0.958882,0.0,0.0,1.76,1.0,1.0,1.0,true,seat riser to floor bolt (M10)
1721,ALTIMA2000_SHEL_HexBolt_SeatRiser_009,Body_Structure,SH,SeatRiser,HexBolt_SeatRiser,MAT_Steel_Phosphate_Fastener,steel_phos,TPL_Bolt_M10,-1.968151,-0.223448,0.528722,0.0,0.0,2.46,1.0,1.0,1.0,true,seat riser to floor bolt (M10)
1722,ALTIMA2000_SHEL_HexBolt_SeatRiser_010,Body_Structure,SH,SeatRiser,HexBolt_SeatRiser,MAT_Steel_Phosphate_Fastener,steel_phos,TPL_Bolt_M10,-0.230287,-0.58623,1.098563,0.0,0.0,0.02,1.0,1.0,1.0,true,seat riser to floor bolt (M10)
1723,ALTIMA2000_SHEL_HexBolt_SeatRiser_011,Body_Structure,SH,SeatRiser,HexBolt_SeatRiser,MAT_Steel_Phosphate_Fastener,steel_phos,TPL_Bolt_M10,1.507577,0.530989,0.668403,0.0,0.0,0.72,1.0,1.0,1.0,true,seat riser to floor bolt (M10)
1724,ALTIMA2000_SHEL_HexBolt_SeatRiser_012,Body_Structure,SH,SeatRiser,HexBolt_SeatRiser,MAT_Steel_Phosphate_Fastener,steel_phos,TPL_Bolt_M10,-1.304346,0.168208,1.238243,0.0,0.0,1.42,1.0,1.0,1.0,true,seat riser to floor bolt (M10)
1725,ALTIMA2000_SHEL_HexBolt_SeatRiser_013,Body_Structure,SH,SeatRiser,HexBolt_SeatRiser,MAT_Steel_Phosphate_Fastener,steel_phos,TPL_Bolt_M10,0.433518,-0.194573,0.808083,0.0,0.0,2.12,1.0,1.0,1.0,true,seat riser to floor bolt (M10)
1726,ALTIMA2000_SHEL_HexBolt_SeatRiser_014,Body_Structure,SH,SeatRiser,HexBolt_SeatRiser,MAT_Steel_Phosphate_Fastener,steel_phos,TPL_Bolt_M10,2.171382,-0.557354,0.377924,0.0,0.0,2.82,1.0,1.0,1.0,true,seat riser to floor bolt (M10)
1727,ALTIMA2000_SHEL_HexBolt_SeatRiser_015,Body_Structure,SH,SeatRiser,HexBolt_SeatRiser,MAT_Steel_Phosphate_Fastener,steel_phos,TPL_Bolt_M10,-0.640541,0.559865,0.947764,0.0,0.0,0.38,1.0,1.0,1.0,true,seat riser to floor bolt (M10)
1728,ALTIMA2000_SHEL_HexBolt_SeatRiser_016,Body_Structure,SH,SeatRiser,HexBolt_SeatRiser,MAT_Steel_Phosphate_Fastener,steel_phos,TPL_Bolt_M10,1.097323,0.197084,0.517604,0.0,0.0,1.08,1.0,1.0,1.0,true,seat riser to floor bolt (M10)
1729,ALTIMA2000_SHEL_HexBolt_SeatBelt_001,Body_Structure,SH,SeatBelt,HexBolt_SeatBelt,MAT_Steel_Phosphate_Fastener,steel_phos,TPL_Bolt_M11,2.328085,-0.2812,0.97,0.0,0.0,0.0,1.0,1.0,1.0,true,seat belt anchor bolt (M11)
1730,ALTIMA2000_SHEL_HexBolt_SeatBelt_002,Body_Structure,SH,SeatBelt,HexBolt_SeatBelt,MAT_Steel_Phosphate_Fastener,steel_phos,TPL_Bolt_M11,-0.483838,-0.643981,0.53984,0.0,0.0,0.7,1.0,1.0,1.0,true,seat belt anchor bolt (M11)
1731,ALTIMA2000_SHEL_HexBolt_SeatBelt_003,Body_Structure,SH,SeatBelt,HexBolt_SeatBelt,MAT_Steel_Phosphate_Fastener,steel_phos,TPL_Bolt_M11,1.254026,0.473238,1.109681,0.0,0.0,1.4,1.0,1.0,1.0,true,seat belt anchor bolt (M11)
1732,ALTIMA2000_SHEL_HexBolt_SeatBelt_004,Body_Structure,SH,SeatBelt,HexBolt_SeatBelt,MAT_Steel_Phosphate_Fastener,steel_phos,TPL_Bolt_M11,-1.557897,0.110457,0.679521,0.0,0.0,2.1,1.0,1.0,1.0,true,seat belt anchor bolt (M11)
1733,ALTIMA2000_SHEL_HexBolt_SeatBelt_005,Body_Structure,SH,SeatBelt,HexBolt_SeatBelt,MAT_Steel_Phosphate_Fastener,steel_phos,TPL_Bolt_M11,0.179967,-0.252324,1.249361,0.0,0.0,2.8,1.0,1.0,1.0,true,seat belt anchor bolt (M11)
1734,ALTIMA2000_SHEL_HexBolt_SeatBelt_006,Body_Structure,SH,SeatBelt,HexBolt_SeatBelt,MAT_Steel_Phosphate_Fastener,steel_phos,TPL_Bolt_M11,1.917831,-0.615105,0.819201,0.0,0.0,0.36,1.0,1.0,1.0,true,seat belt anchor bolt (M11)
1735,ALTIMA2000_SHEL_HexBolt_SeatBelt_007,Body_Structure,SH,SeatBelt,HexBolt_SeatBelt,MAT_Steel_Phosphate_Fastener,steel_phos,TPL_Bolt_M11,-0.894092,0.502114,0.389042,0.0,0.0,1.06,1.0,1.0,1.0,true,seat belt anchor bolt (M11)
1736,ALTIMA2000_SHEL_HexBolt_SeatBelt_008,Body_Structure,SH,SeatBelt,HexBolt_SeatBelt,MAT_Steel_Phosphate_Fastener,steel_phos,TPL_Bolt_M11,0.843772,0.139333,0.958882,0.0,0.0,1.76,1.0,1.0,1.0,true,seat belt anchor bolt (M11)
1737,ALTIMA2000_SHEL_HexBolt_SeatBelt_009,Body_Structure,SH,SeatBelt,HexBolt_SeatBelt,MAT_Steel_Phosphate_Fastener,steel_phos,TPL_Bolt_M11,-1.968151,-0.223448,0.528722,0.0,0.0,2.46,1.0,1.0,1.0,true,seat belt anchor bolt (M11)
1738,ALTIMA2000_SHEL_HexBolt_SeatBelt_010,Body_Structure,SH,SeatBelt,HexBolt_SeatBelt,MAT_Steel_Phosphate_Fastener,steel_phos,TPL_Bolt_M11,-0.230287,-0.58623,1.098563,0.0,0.0,0.02,1.0,1.0,1.0,true,seat belt anchor bolt (M11)
1739,ALTIMA2000_SHEL_HexBolt_SeatBelt_011,Body_Structure,SH,SeatBelt,HexBolt_SeatBelt,MAT_Steel_Phosphate_Fastener,steel_phos,TPL_Bolt_M11,1.507577,0.530989,0.668403,0.0,0.0,0.72,1.0,1.0,1.0,true,seat belt anchor bolt (M11)
1740,ALTIMA2000_SHEL_HexBolt_SeatBelt_012,Body_Structure,SH,SeatBelt,HexBolt_SeatBelt,MAT_Steel_Phosphate_Fastener,steel_phos,TPL_Bolt_M11,-1.304346,0.168208,1.238243,0.0,0.0,1.42,1.0,1.0,1.0,true,seat belt anchor bolt (M11)
1741,ALTIMA2000_INTR_HexBolt_DashBeam_001,Interior_Dash,IN,DashBeam,HexBolt_DashBeam,MAT_Steel_Phosphate_Fastener,steel_phos,TPL_Bolt_M8,2.328085,-0.2812,0.97,0.0,0.0,0.0,1.0,1.0,1.0,true,instrument panel beam bolt (M8)
1742,ALTIMA2000_INTR_HexBolt_DashBeam_002,Interior_Dash,IN,DashBeam,HexBolt_DashBeam,MAT_Steel_Phosphate_Fastener,steel_phos,TPL_Bolt_M8,-0.483838,-0.643981,0.53984,0.0,0.0,0.7,1.0,1.0,1.0,true,instrument panel beam bolt (M8)
1743,ALTIMA2000_INTR_HexBolt_DashBeam_003,Interior_Dash,IN,DashBeam,HexBolt_DashBeam,MAT_Steel_Phosphate_Fastener,steel_phos,TPL_Bolt_M8,1.254026,0.473238,1.109681,0.0,0.0,1.4,1.0,1.0,1.0,true,instrument panel beam bolt (M8)
1744,ALTIMA2000_INTR_HexBolt_DashBeam_004,Interior_Dash,IN,DashBeam,HexBolt_DashBeam,MAT_Steel_Phosphate_Fastener,steel_phos,TPL_Bolt_M8,-1.557897,0.110457,0.679521,0.0,0.0,2.1,1.0,1.0,1.0,true,instrument panel beam bolt (M8)
1745,ALTIMA2000_INTR_HexBolt_DashBeam_005,Interior_Dash,IN,DashBeam,HexBolt_DashBeam,MAT_Steel_Phosphate_Fastener,steel_phos,TPL_Bolt_M8,0.179967,-0.252324,1.249361,0.0,0.0,2.8,1.0,1.0,1.0,true,instrument panel beam bolt (M8)
1746,ALTIMA2000_INTR_HexBolt_DashBeam_006,Interior_Dash,IN,DashBeam,HexBolt_DashBeam,MAT_Steel_Phosphate_Fastener,steel_phos,TPL_Bolt_M8,1.917831,-0.615105,0.819201,0.0,0.0,0.36,1.0,1.0,1.0,true,instrument panel beam bolt (M8)
1747,ALTIMA2000_INTR_HexBolt_DashBeam_007,Interior_Dash,IN,DashBeam,HexBolt_DashBeam,MAT_Steel_Phosphate_Fastener,steel_phos,TPL_Bolt_M8,-0.894092,0.502114,0.389042,0.0,0.0,1.06,1.0,1.0,1.0,true,instrument panel beam bolt (M8)
1748,ALTIMA2000_INTR_HexBolt_DashBeam_008,Interior_Dash,IN,DashBeam,HexBolt_DashBeam,MAT_Steel_Phosphate_Fastener,steel_phos,TPL_Bolt_M8,0.843772,0.139333,0.958882,0.0,0.0,1.76,1.0,1.0,1.0,true,instrument panel beam bolt (M8)
1749,ALTIMA2000_INTR_HexBolt_Console_001,Interior_Console,IN,Console,HexBolt_Console,MAT_Steel_Phosphate_Fastener,steel_phos,TPL_Bolt_M6,2.328085,-0.2812,0.97,0.0,0.0,0.0,1.0,1.0,1.0,true,console mounting screw (M6)
1750,ALTIMA2000_INTR_HexBolt_Console_002,Interior_Console,IN,Console,HexBolt_Console,MAT_Steel_Phosphate_Fastener,steel_phos,TPL_Bolt_M6,-0.483838,-0.643981,0.53984,0.0,0.0,0.7,1.0,1.0,1.0,true,console mounting screw (M6)
1751,ALTIMA2000_INTR_HexBolt_Console_003,Interior_Console,IN,Console,HexBolt_Console,MAT_Steel_Phosphate_Fastener,steel_phos,TPL_Bolt_M6,1.254026,0.473238,1.109681,0.0,0.0,1.4,1.0,1.0,1.0,true,console mounting screw (M6)
1752,ALTIMA2000_INTR_HexBolt_Console_004,Interior_Console,IN,Console,HexBolt_Console,MAT_Steel_Phosphate_Fastener,steel_phos,TPL_Bolt_M6,-1.557897,0.110457,0.679521,0.0,0.0,2.1,1.0,1.0,1.0,true,console mounting screw (M6)
1753,ALTIMA2000_INTR_HexBolt_Console_005,Interior_Console,IN,Console,HexBolt_Console,MAT_Steel_Phosphate_Fastener,steel_phos,TPL_Bolt_M6,0.179967,-0.252324,1.249361,0.0,0.0,2.8,1.0,1.0,1.0,true,console mounting screw (M6)
1754,ALTIMA2000_INTR_HexBolt_Console_006,Interior_Console,IN,Console,HexBolt_Console,MAT_Steel_Phosphate_Fastener,steel_phos,TPL_Bolt_M6,1.917831,-0.615105,0.819201,0.0,0.0,0.36,1.0,1.0,1.0,true,console mounting screw (M6)
1755,ALTIMA2000_ELEC_HexBolt_Ground_001,Electrical_Harness,EL,Ground,HexBolt_Ground,MAT_Steel_Phosphate_Fastener,steel_phos,TPL_Bolt_M6,2.328085,-0.2812,0.97,0.0,0.0,0.0,1.0,1.0,1.0,true,ground strap bolt (M6)
1756,ALTIMA2000_ELEC_HexBolt_Ground_002,Electrical_Harness,EL,Ground,HexBolt_Ground,MAT_Steel_Phosphate_Fastener,steel_phos,TPL_Bolt_M6,-0.483838,-0.643981,0.53984,0.0,0.0,0.7,1.0,1.0,1.0,true,ground strap bolt (M6)
1757,ALTIMA2000_ELEC_HexBolt_Ground_003,Electrical_Harness,EL,Ground,HexBolt_Ground,MAT_Steel_Phosphate_Fastener,steel_phos,TPL_Bolt_M6,1.254026,0.473238,1.109681,0.0,0.0,1.4,1.0,1.0,1.0,true,ground strap bolt (M6)
1758,ALTIMA2000_ELEC_HexBolt_Ground_004,Electrical_Harness,EL,Ground,HexBolt_Ground,MAT_Steel_Phosphate_Fastener,steel_phos,TPL_Bolt_M6,-1.557897,0.110457,0.679521,0.0,0.0,2.1,1.0,1.0,1.0,true,ground strap bolt (M6)
1759,ALTIMA2000_ELEC_HexBolt_Ground_005,Electrical_Harness,EL,Ground,HexBolt_Ground,MAT_Steel_Phosphate_Fastener,steel_phos,TPL_Bolt_M6,0.179967,-0.252324,1.249361,0.0,0.0,2.8,1.0,1.0,1.0,true,ground strap bolt (M6)
1760,ALTIMA2000_ELEC_HexBolt_Ground_006,Electrical_Harness,EL,Ground,HexBolt_Ground,MAT_Steel_Phosphate_Fastener,steel_phos,TPL_Bolt_M6,1.917831,-0.615105,0.819201,0.0,0.0,0.36,1.0,1.0,1.0,true,ground strap bolt (M6)
1761,ALTIMA2000_ELEC_HexBolt_Ground_007,Electrical_Harness,EL,Ground,HexBolt_Ground,MAT_Steel_Phosphate_Fastener,steel_phos,TPL_Bolt_M6,-0.894092,0.502114,0.389042,0.0,0.0,1.06,1.0,1.0,1.0,true,ground strap bolt (M6)
1762,ALTIMA2000_ELEC_HexBolt_Ground_008,Electrical_Harness,EL,Ground,HexBolt_Ground,MAT_Steel_Phosphate_Fastener,steel_phos,TPL_Bolt_M6,0.843772,0.139333,0.958882,0.0,0.0,1.76,1.0,1.0,1.0,true,ground strap bolt (M6)
1763,ALTIMA2000_ELEC_HexBolt_Ground_009,Electrical_Harness,EL,Ground,HexBolt_Ground,MAT_Steel_Phosphate_Fastener,steel_phos,TPL_Bolt_M6,-1.968151,-0.223448,0.528722,0.0,0.0,2.46,1.0,1.0,1.0,true,ground strap bolt (M6)
1764,ALTIMA2000_ELEC_HexBolt_Ground_010,Electrical_Harness,EL,Ground,HexBolt_Ground,MAT_Steel_Phosphate_Fastener,steel_phos,TPL_Bolt_M6,-0.230287,-0.58623,1.098563,0.0,0.0,0.02,1.0,1.0,1.0,true,ground strap bolt (M6)
1765,ALTIMA2000_BATT_HexBolt_Terminal_001,Electrical_Battery,BA,Terminal,HexBolt_Terminal,MAT_Steel_Phosphate_Fastener,steel_phos,TPL_Bolt_M6,2.328085,-0.2812,0.97,0.0,0.0,0.0,1.0,1.0,1.0,true,battery terminal bolt (M6)
1766,ALTIMA2000_BATT_HexBolt_Terminal_002,Electrical_Battery,BA,Terminal,HexBolt_Terminal,MAT_Steel_Phosphate_Fastener,steel_phos,TPL_Bolt_M6,-0.483838,-0.643981,0.53984,0.0,0.0,0.7,1.0,1.0,1.0,true,battery terminal bolt (M6)
1767,ALTIMA2000_BATT_HexBolt_Terminal_003,Electrical_Battery,BA,Terminal,HexBolt_Terminal,MAT_Steel_Phosphate_Fastener,steel_phos,TPL_Bolt_M6,1.254026,0.473238,1.109681,0.0,0.0,1.4,1.0,1.0,1.0,true,battery terminal bolt (M6)
1768,ALTIMA2000_BATT_HexBolt_Terminal_004,Electrical_Battery,BA,Terminal,HexBolt_Terminal,MAT_Steel_Phosphate_Fastener,steel_phos,TPL_Bolt_M6,-1.557897,0.110457,0.679521,0.0,0.0,2.1,1.0,1.0,1.0,true,battery terminal bolt (M6)
1769,ALTIMA2000_FAST_HexBolt_BodyMisc_001,Fasteners_Bolts,FT,BodyMisc,HexBolt_BodyMisc,MAT_Steel_Phosphate_Fastener,steel_phos,TPL_Bolt_M6,2.328085,-0.2812,0.97,0.0,0.0,0.0,1.0,1.0,1.0,true,body hardware bolt (M6)
1770,ALTIMA2000_FAST_HexBolt_BodyMisc_002,Fasteners_Bolts,FT,BodyMisc,HexBolt_BodyMisc,MAT_Steel_Phosphate_Fastener,steel_phos,TPL_Bolt_M6,-0.483838,-0.643981,0.53984,0.0,0.0,0.7,1.0,1.0,1.0,true,body hardware bolt (M6)
1771,ALTIMA2000_FAST_HexBolt_BodyMisc_003,Fasteners_Bolts,FT,BodyMisc,HexBolt_BodyMisc,MAT_Steel_Phosphate_Fastener,steel_phos,TPL_Bolt_M6,1.254026,0.473238,1.109681,0.0,0.0,1.4,1.0,1.0,1.0,true,body hardware bolt (M6)
1772,ALTIMA2000_FAST_HexBolt_BodyMisc_004,Fasteners_Bolts,FT,BodyMisc,HexBolt_BodyMisc,MAT_Steel_Phosphate_Fastener,steel_phos,TPL_Bolt_M6,-1.557897,0.110457,0.679521,0.0,0.0,2.1,1.0,1.0,1.0,true,body hardware bolt (M6)
1773,ALTIMA2000_FAST_HexBolt_BodyMisc_005,Fasteners_Bolts,FT,BodyMisc,HexBolt_BodyMisc,MAT_Steel_Phosphate_Fastener,steel_phos,TPL_Bolt_M6,0.179967,-0.252324,1.249361,0.0,0.0,2.8,1.0,1.0,1.0,true,body hardware bolt (M6)
1774,ALTIMA2000_FAST_HexBolt_BodyMisc_006,Fasteners_Bolts,FT,BodyMisc,HexBolt_BodyMisc,MAT_Steel_Phosphate_Fastener,steel_phos,TPL_Bolt_M6,1.917831,-0.615105,0.819201,0.0,0.0,0.36,1.0,1.0,1.0,true,body hardware bolt (M6)
1775,ALTIMA2000_FAST_HexBolt_BodyMisc_007,Fasteners_Bolts,FT,BodyMisc,HexBolt_BodyMisc,MAT_Steel_Phosphate_Fastener,steel_phos,TPL_Bolt_M6,-0.894092,0.502114,0.389042,0.0,0.0,1.06,1.0,1.0,1.0,true,body hardware bolt (M6)
1776,ALTIMA2000_FAST_HexBolt_BodyMisc_008,Fasteners_Bolts,FT,BodyMisc,HexBolt_BodyMisc,MAT_Steel_Phosphate_Fastener,steel_phos,TPL_Bolt_M6,0.843772,0.139333,0.958882,0.0,0.0,1.76,1.0,1.0,1.0,true,body hardware bolt (M6)
1777,ALTIMA2000_FAST_HexBolt_BodyMisc_009,Fasteners_Bolts,FT,BodyMisc,HexBolt_BodyMisc,MAT_Steel_Phosphate_Fastener,steel_phos,TPL_Bolt_M6,-1.968151,-0.223448,0.528722,0.0,0.0,2.46,1.0,1.0,1.0,true,body hardware bolt (M6)
1778,ALTIMA2000_FAST_HexBolt_BodyMisc_010,Fasteners_Bolts,FT,BodyMisc,HexBolt_BodyMisc,MAT_Steel_Phosphate_Fastener,steel_phos,TPL_Bolt_M6,-0.230287,-0.58623,1.098563,0.0,0.0,0.02,1.0,1.0,1.0,true,body hardware bolt (M6)
1779,ALTIMA2000_FAST_HexBolt_BodyMisc_011,Fasteners_Bolts,FT,BodyMisc,HexBolt_BodyMisc,MAT_Steel_Phosphate_Fastener,steel_phos,TPL_Bolt_M6,1.507577,0.530989,0.668403,0.0,0.0,0.72,1.0,1.0,1.0,true,body hardware bolt (M6)
1780,ALTIMA2000_FAST_HexBolt_BodyMisc_012,Fasteners_Bolts,FT,BodyMisc,HexBolt_BodyMisc,MAT_Steel_Phosphate_Fastener,steel_phos,TPL_Bolt_M6,-1.304346,0.168208,1.238243,0.0,0.0,1.42,1.0,1.0,1.0,true,body hardware bolt (M6)
1781,ALTIMA2000_FAST_HexBolt_BodyMisc_013,Fasteners_Bolts,FT,BodyMisc,HexBolt_BodyMisc,MAT_Steel_Phosphate_Fastener,steel_phos,TPL_Bolt_M6,0.433518,-0.194573,0.808083,0.0,0.0,2.12,1.0,1.0,1.0,true,body hardware bolt (M6)
1782,ALTIMA2000_FAST_HexBolt_BodyMisc_014,Fasteners_Bolts,FT,BodyMisc,HexBolt_BodyMisc,MAT_Steel_Phosphate_Fastener,steel_phos,TPL_Bolt_M6,2.171382,-0.557354,0.377924,0.0,0.0,2.82,1.0,1.0,1.0,true,body hardware bolt (M6)
1783,ALTIMA2000_FAST_HexBolt_BodyMisc_015,Fasteners_Bolts,FT,BodyMisc,HexBolt_BodyMisc,MAT_Steel_Phosphate_Fastener,steel_phos,TPL_Bolt_M6,-0.640541,0.559865,0.947764,0.0,0.0,0.38,1.0,1.0,1.0,true,body hardware bolt (M6)
1784,ALTIMA2000_FAST_HexBolt_BodyMisc_016,Fasteners_Bolts,FT,BodyMisc,HexBolt_BodyMisc,MAT_Steel_Phosphate_Fastener,steel_phos,TPL_Bolt_M6,1.097323,0.197084,0.517604,0.0,0.0,1.08,1.0,1.0,1.0,true,body hardware bolt (M6)
1785,ALTIMA2000_FAST_HexBolt_BodyMisc_017,Fasteners_Bolts,FT,BodyMisc,HexBolt_BodyMisc,MAT_Steel_Phosphate_Fastener,steel_phos,TPL_Bolt_M6,-1.7146,-0.165697,1.087445,0.0,0.0,1.78,1.0,1.0,1.0,true,body hardware bolt (M6)
1786,ALTIMA2000_FAST_HexBolt_BodyMisc_018,Fasteners_Bolts,FT,BodyMisc,HexBolt_BodyMisc,MAT_Steel_Phosphate_Fastener,steel_phos,TPL_Bolt_M6,0.023264,-0.528478,0.657285,0.0,0.0,2.48,1.0,1.0,1.0,true,body hardware bolt (M6)
1787,ALTIMA2000_FAST_HexBolt_BodyMisc_019,Fasteners_Bolts,FT,BodyMisc,HexBolt_BodyMisc,MAT_Steel_Phosphate_Fastener,steel_phos,TPL_Bolt_M6,1.761128,0.588741,1.227125,0.0,0.0,0.04,1.0,1.0,1.0,true,body hardware bolt (M6)
1788,ALTIMA2000_FAST_HexBolt_BodyMisc_020,Fasteners_Bolts,FT,BodyMisc,HexBolt_BodyMisc,MAT_Steel_Phosphate_Fastener,steel_phos,TPL_Bolt_M6,-1.050795,0.22596,0.796966,0.0,0.0,0.74,1.0,1.0,1.0,true,body hardware bolt (M6)
1789,ALTIMA2000_FAST_HexBolt_BodyMisc_021,Fasteners_Bolts,FT,BodyMisc,HexBolt_BodyMisc,MAT_Steel_Phosphate_Fastener,steel_phos,TPL_Bolt_M6,0.687069,-0.136821,0.366806,0.0,0.0,1.44,1.0,1.0,1.0,true,body hardware bolt (M6)
1790,ALTIMA2000_FAST_HexBolt_BodyMisc_022,Fasteners_Bolts,FT,BodyMisc,HexBolt_BodyMisc,MAT_Steel_Phosphate_Fastener,steel_phos,TPL_Bolt_M6,-2.124854,-0.499602,0.936646,0.0,0.0,2.14,1.0,1.0,1.0,true,body hardware bolt (M6)
1791,ALTIMA2000_FAST_HexBolt_BodyMisc_023,Fasteners_Bolts,FT,BodyMisc,HexBolt_BodyMisc,MAT_Steel_Phosphate_Fastener,steel_phos,TPL_Bolt_M6,-0.38699,0.617617,0.506486,0.0,0.0,2.84,1.0,1.0,1.0,true,body hardware bolt (M6)
1792,ALTIMA2000_FAST_HexBolt_BodyMisc_024,Fasteners_Bolts,FT,BodyMisc,HexBolt_BodyMisc,MAT_Steel_Phosphate_Fastener,steel_phos,TPL_Bolt_M6,1.350874,0.254836,1.076327,0.0,0.0,0.4,1.0,1.0,1.0,true,body hardware bolt (M6)
1793,ALTIMA2000_FAST_HexBolt_BodyMisc_025,Fasteners_Bolts,FT,BodyMisc,HexBolt_BodyMisc,MAT_Steel_Phosphate_Fastener,steel_phos,TPL_Bolt_M6,-1.461049,-0.107945,0.646167,0.0,0.0,1.1,1.0,1.0,1.0,true,body hardware bolt (M6)
1794,ALTIMA2000_FAST_HexBolt_BodyMisc_026,Fasteners_Bolts,FT,BodyMisc,HexBolt_BodyMisc,MAT_Steel_Phosphate_Fastener,steel_phos,TPL_Bolt_M6,0.276815,-0.470726,1.216007,0.0,0.0,1.8,1.0,1.0,1.0,true,body hardware bolt (M6)
1795,ALTIMA2000_FAST_HexBolt_BodyMisc_027,Fasteners_Bolts,FT,BodyMisc,HexBolt_BodyMisc,MAT_Steel_Phosphate_Fastener,steel_phos,TPL_Bolt_M6,2.014679,0.646493,0.785848,0.0,0.0,2.5,1.0,1.0,1.0,true,body hardware bolt (M6)
1796,ALTIMA2000_FAST_HexBolt_BodyMisc_028,Fasteners_Bolts,FT,BodyMisc,HexBolt_BodyMisc,MAT_Steel_Phosphate_Fastener,steel_phos,TPL_Bolt_M6,-0.797244,0.283712,0.355688,0.0,0.0,0.06,1.0,1.0,1.0,true,body hardware bolt (M6)
1797,ALTIMA2000_FAST_HexBolt_BodyMisc_029,Fasteners_Bolts,FT,BodyMisc,HexBolt_BodyMisc,MAT_Steel_Phosphate_Fastener,steel_phos,TPL_Bolt_M6,0.94062,-0.07907,0.925528,0.0,0.0,0.76,1.0,1.0,1.0,true,body hardware bolt (M6)
1798,ALTIMA2000_FAST_HexBolt_BodyMisc_030,Fasteners_Bolts,FT,BodyMisc,HexBolt_BodyMisc,MAT_Steel_Phosphate_Fastener,steel_phos,TPL_Bolt_M6,-1.871303,-0.441851,0.495368,0.0,0.0,1.46,1.0,1.0,1.0,true,body hardware bolt (M6)
1799,ALTIMA2000_FAST_HexBolt_BodyMisc_031,Fasteners_Bolts,FT,BodyMisc,HexBolt_BodyMisc,MAT_Steel_Phosphate_Fastener,steel_phos,TPL_Bolt_M6,-0.133439,0.675368,1.065209,0.0,0.0,2.16,1.0,1.0,1.0,true,body hardware bolt (M6)
1800,ALTIMA2000_FAST_HexBolt_BodyMisc_032,Fasteners_Bolts,FT,BodyMisc,HexBolt_BodyMisc,MAT_Steel_Phosphate_Fastener,steel_phos,TPL_Bolt_M6,1.604425,0.312587,0.635049,0.0,0.0,2.86,1.0,1.0,1.0,true,body hardware bolt (M6)
1801,ALTIMA2000_FAST_HexBolt_BodyMisc_033,Fasteners_Bolts,FT,BodyMisc,HexBolt_BodyMisc,MAT_Steel_Phosphate_Fastener,steel_phos,TPL_Bolt_M6,-1.207498,-0.050194,1.204889,0.0,0.0,0.42,1.0,1.0,1.0,true,body hardware bolt (M6)
1802,ALTIMA2000_FAST_HexBolt_BodyMisc_034,Fasteners_Bolts,FT,BodyMisc,HexBolt_BodyMisc,MAT_Steel_Phosphate_Fastener,steel_phos,TPL_Bolt_M6,0.530366,-0.412975,0.77473,0.0,0.0,1.12,1.0,1.0,1.0,true,body hardware bolt (M6)
1803,ALTIMA2000_FAST_HexBolt_BodyMisc_035,Fasteners_Bolts,FT,BodyMisc,HexBolt_BodyMisc,MAT_Steel_Phosphate_Fastener,steel_phos,TPL_Bolt_M6,2.26823,0.704244,0.34457,0.0,0.0,1.82,1.0,1.0,1.0,true,body hardware bolt (M6)
1804,ALTIMA2000_FAST_HexBolt_BodyMisc_036,Fasteners_Bolts,FT,BodyMisc,HexBolt_BodyMisc,MAT_Steel_Phosphate_Fastener,steel_phos,TPL_Bolt_M6,-0.543693,0.341463,0.91441,0.0,0.0,2.52,1.0,1.0,1.0,true,body hardware bolt (M6)
1805,ALTIMA2000_FAST_HexBolt_BodyMisc_037,Fasteners_Bolts,FT,BodyMisc,HexBolt_BodyMisc,MAT_Steel_Phosphate_Fastener,steel_phos,TPL_Bolt_M6,1.194171,-0.021318,0.48425,0.0,0.0,0.08,1.0,1.0,1.0,true,body hardware bolt (M6)
1806,ALTIMA2000_FAST_HexBolt_BodyMisc_038,Fasteners_Bolts,FT,BodyMisc,HexBolt_BodyMisc,MAT_Steel_Phosphate_Fastener,steel_phos,TPL_Bolt_M6,-1.617752,-0.384099,1.054091,0.0,0.0,0.78,1.0,1.0,1.0,true,body hardware bolt (M6)
1807,ALTIMA2000_FAST_HexBolt_BodyMisc_039,Fasteners_Bolts,FT,BodyMisc,HexBolt_BodyMisc,MAT_Steel_Phosphate_Fastener,steel_phos,TPL_Bolt_M6,0.120112,0.73312,0.623931,0.0,0.0,1.48,1.0,1.0,1.0,true,body hardware bolt (M6)
1808,ALTIMA2000_FAST_HexBolt_BodyMisc_040,Fasteners_Bolts,FT,BodyMisc,HexBolt_BodyMisc,MAT_Steel_Phosphate_Fastener,steel_phos,TPL_Bolt_M6,1.857976,0.370339,1.193771,0.0,0.0,2.18,1.0,1.0,1.0,true,body hardware bolt (M6)
1809,ALTIMA2000_FAST_HexBolt_TrimMisc_001,Fasteners_Bolts,FT,TrimMisc,HexBolt_TrimMisc,MAT_Steel_Phosphate_Fastener,steel_phos,TPL_Bolt_M5,2.328085,-0.2812,0.97,0.0,0.0,0.0,1.0,1.0,1.0,true,trim fastener bolt (M5)
1810,ALTIMA2000_FAST_HexBolt_TrimMisc_002,Fasteners_Bolts,FT,TrimMisc,HexBolt_TrimMisc,MAT_Steel_Phosphate_Fastener,steel_phos,TPL_Bolt_M5,-0.483838,-0.643981,0.53984,0.0,0.0,0.7,1.0,1.0,1.0,true,trim fastener bolt (M5)
1811,ALTIMA2000_FAST_HexBolt_TrimMisc_003,Fasteners_Bolts,FT,TrimMisc,HexBolt_TrimMisc,MAT_Steel_Phosphate_Fastener,steel_phos,TPL_Bolt_M5,1.254026,0.473238,1.109681,0.0,0.0,1.4,1.0,1.0,1.0,true,trim fastener bolt (M5)
1812,ALTIMA2000_FAST_HexBolt_TrimMisc_004,Fasteners_Bolts,FT,TrimMisc,HexBolt_TrimMisc,MAT_Steel_Phosphate_Fastener,steel_phos,TPL_Bolt_M5,-1.557897,0.110457,0.679521,0.0,0.0,2.1,1.0,1.0,1.0,true,trim fastener bolt (M5)
1813,ALTIMA2000_FAST_HexBolt_TrimMisc_005,Fasteners_Bolts,FT,TrimMisc,HexBolt_TrimMisc,MAT_Steel_Phosphate_Fastener,steel_phos,TPL_Bolt_M5,0.179967,-0.252324,1.249361,0.0,0.0,2.8,1.0,1.0,1.0,true,trim fastener bolt (M5)
1814,ALTIMA2000_FAST_HexBolt_TrimMisc_006,Fasteners_Bolts,FT,TrimMisc,HexBolt_TrimMisc,MAT_Steel_Phosphate_Fastener,steel_phos,TPL_Bolt_M5,1.917831,-0.615105,0.819201,0.0,0.0,0.36,1.0,1.0,1.0,true,trim fastener bolt (M5)
1815,ALTIMA2000_FAST_HexBolt_TrimMisc_007,Fasteners_Bolts,FT,TrimMisc,HexBolt_TrimMisc,MAT_Steel_Phosphate_Fastener,steel_phos,TPL_Bolt_M5,-0.894092,0.502114,0.389042,0.0,0.0,1.06,1.0,1.0,1.0,true,trim fastener bolt (M5)
1816,ALTIMA2000_FAST_HexBolt_TrimMisc_008,Fasteners_Bolts,FT,TrimMisc,HexBolt_TrimMisc,MAT_Steel_Phosphate_Fastener,steel_phos,TPL_Bolt_M5,0.843772,0.139333,0.958882,0.0,0.0,1.76,1.0,1.0,1.0,true,trim fastener bolt (M5)
1817,ALTIMA2000_FAST_HexBolt_TrimMisc_009,Fasteners_Bolts,FT,TrimMisc,HexBolt_TrimMisc,MAT_Steel_Phosphate_Fastener,steel_phos,TPL_Bolt_M5,-1.968151,-0.223448,0.528722,0.0,0.0,2.46,1.0,1.0,1.0,true,trim fastener bolt (M5)
1818,ALTIMA2000_FAST_HexBolt_TrimMisc_010,Fasteners_Bolts,FT,TrimMisc,HexBolt_TrimMisc,MAT_Steel_Phosphate_Fastener,steel_phos,TPL_Bolt_M5,-0.230287,-0.58623,1.098563,0.0,0.0,0.02,1.0,1.0,1.0,true,trim fastener bolt (M5)
1819,ALTIMA2000_FAST_HexBolt_TrimMisc_011,Fasteners_Bolts,FT,TrimMisc,HexBolt_TrimMisc,MAT_Steel_Phosphate_Fastener,steel_phos,TPL_Bolt_M5,1.507577,0.530989,0.668403,0.0,0.0,0.72,1.0,1.0,1.0,true,trim fastener bolt (M5)
1820,ALTIMA2000_FAST_HexBolt_TrimMisc_012,Fasteners_Bolts,FT,TrimMisc,HexBolt_TrimMisc,MAT_Steel_Phosphate_Fastener,steel_phos,TPL_Bolt_M5,-1.304346,0.168208,1.238243,0.0,0.0,1.42,1.0,1.0,1.0,true,trim fastener bolt (M5)
1821,ALTIMA2000_FAST_HexBolt_TrimMisc_013,Fasteners_Bolts,FT,TrimMisc,HexBolt_TrimMisc,MAT_Steel_Phosphate_Fastener,steel_phos,TPL_Bolt_M5,0.433518,-0.194573,0.808083,0.0,0.0,2.12,1.0,1.0,1.0,true,trim fastener bolt (M5)
1822,ALTIMA2000_FAST_HexBolt_TrimMisc_014,Fasteners_Bolts,FT,TrimMisc,HexBolt_TrimMisc,MAT_Steel_Phosphate_Fastener,steel_phos,TPL_Bolt_M5,2.171382,-0.557354,0.377924,0.0,0.0,2.82,1.0,1.0,1.0,true,trim fastener bolt (M5)
1823,ALTIMA2000_FAST_HexBolt_TrimMisc_015,Fasteners_Bolts,FT,TrimMisc,HexBolt_TrimMisc,MAT_Steel_Phosphate_Fastener,steel_phos,TPL_Bolt_M5,-0.640541,0.559865,0.947764,0.0,0.0,0.38,1.0,1.0,1.0,true,trim fastener bolt (M5)
1824,ALTIMA2000_FAST_HexBolt_TrimMisc_016,Fasteners_Bolts,FT,TrimMisc,HexBolt_TrimMisc,MAT_Steel_Phosphate_Fastener,steel_phos,TPL_Bolt_M5,1.097323,0.197084,0.517604,0.0,0.0,1.08,1.0,1.0,1.0,true,trim fastener bolt (M5)
1825,ALTIMA2000_FAST_HexBolt_TrimMisc_017,Fasteners_Bolts,FT,TrimMisc,HexBolt_TrimMisc,MAT_Steel_Phosphate_Fastener,steel_phos,TPL_Bolt_M5,-1.7146,-0.165697,1.087445,0.0,0.0,1.78,1.0,1.0,1.0,true,trim fastener bolt (M5)
1826,ALTIMA2000_FAST_HexBolt_TrimMisc_018,Fasteners_Bolts,FT,TrimMisc,HexBolt_TrimMisc,MAT_Steel_Phosphate_Fastener,steel_phos,TPL_Bolt_M5,0.023264,-0.528478,0.657285,0.0,0.0,2.48,1.0,1.0,1.0,true,trim fastener bolt (M5)
1827,ALTIMA2000_FAST_HexBolt_TrimMisc_019,Fasteners_Bolts,FT,TrimMisc,HexBolt_TrimMisc,MAT_Steel_Phosphate_Fastener,steel_phos,TPL_Bolt_M5,1.761128,0.588741,1.227125,0.0,0.0,0.04,1.0,1.0,1.0,true,trim fastener bolt (M5)
1828,ALTIMA2000_FAST_HexBolt_TrimMisc_020,Fasteners_Bolts,FT,TrimMisc,HexBolt_TrimMisc,MAT_Steel_Phosphate_Fastener,steel_phos,TPL_Bolt_M5,-1.050795,0.22596,0.796966,0.0,0.0,0.74,1.0,1.0,1.0,true,trim fastener bolt (M5)
1829,ALTIMA2000_FAST_HexBolt_TrimMisc_021,Fasteners_Bolts,FT,TrimMisc,HexBolt_TrimMisc,MAT_Steel_Phosphate_Fastener,steel_phos,TPL_Bolt_M5,0.687069,-0.136821,0.366806,0.0,0.0,1.44,1.0,1.0,1.0,true,trim fastener bolt (M5)
1830,ALTIMA2000_FAST_HexBolt_TrimMisc_022,Fasteners_Bolts,FT,TrimMisc,HexBolt_TrimMisc,MAT_Steel_Phosphate_Fastener,steel_phos,TPL_Bolt_M5,-2.124854,-0.499602,0.936646,0.0,0.0,2.14,1.0,1.0,1.0,true,trim fastener bolt (M5)
1831,ALTIMA2000_FAST_HexBolt_TrimMisc_023,Fasteners_Bolts,FT,TrimMisc,HexBolt_TrimMisc,MAT_Steel_Phosphate_Fastener,steel_phos,TPL_Bolt_M5,-0.38699,0.617617,0.506486,0.0,0.0,2.84,1.0,1.0,1.0,true,trim fastener bolt (M5)
1832,ALTIMA2000_FAST_HexBolt_TrimMisc_024,Fasteners_Bolts,FT,TrimMisc,HexBolt_TrimMisc,MAT_Steel_Phosphate_Fastener,steel_phos,TPL_Bolt_M5,1.350874,0.254836,1.076327,0.0,0.0,0.4,1.0,1.0,1.0,true,trim fastener bolt (M5)
1833,ALTIMA2000_FAST_HexBolt_TrimMisc_025,Fasteners_Bolts,FT,TrimMisc,HexBolt_TrimMisc,MAT_Steel_Phosphate_Fastener,steel_phos,TPL_Bolt_M5,-1.461049,-0.107945,0.646167,0.0,0.0,1.1,1.0,1.0,1.0,true,trim fastener bolt (M5)
1834,ALTIMA2000_FAST_HexBolt_TrimMisc_026,Fasteners_Bolts,FT,TrimMisc,HexBolt_TrimMisc,MAT_Steel_Phosphate_Fastener,steel_phos,TPL_Bolt_M5,0.276815,-0.470726,1.216007,0.0,0.0,1.8,1.0,1.0,1.0,true,trim fastener bolt (M5)
1835,ALTIMA2000_FAST_HexBolt_TrimMisc_027,Fasteners_Bolts,FT,TrimMisc,HexBolt_TrimMisc,MAT_Steel_Phosphate_Fastener,steel_phos,TPL_Bolt_M5,2.014679,0.646493,0.785848,0.0,0.0,2.5,1.0,1.0,1.0,true,trim fastener bolt (M5)
1836,ALTIMA2000_FAST_HexBolt_TrimMisc_028,Fasteners_Bolts,FT,TrimMisc,HexBolt_TrimMisc,MAT_Steel_Phosphate_Fastener,steel_phos,TPL_Bolt_M5,-0.797244,0.283712,0.355688,0.0,0.0,0.06,1.0,1.0,1.0,true,trim fastener bolt (M5)
1837,ALTIMA2000_FAST_HexBolt_TrimMisc_029,Fasteners_Bolts,FT,TrimMisc,HexBolt_TrimMisc,MAT_Steel_Phosphate_Fastener,steel_phos,TPL_Bolt_M5,0.94062,-0.07907,0.925528,0.0,0.0,0.76,1.0,1.0,1.0,true,trim fastener bolt (M5)
1838,ALTIMA2000_FAST_HexBolt_TrimMisc_030,Fasteners_Bolts,FT,TrimMisc,HexBolt_TrimMisc,MAT_Steel_Phosphate_Fastener,steel_phos,TPL_Bolt_M5,-1.871303,-0.441851,0.495368,0.0,0.0,1.46,1.0,1.0,1.0,true,trim fastener bolt (M5)
1839,ALTIMA2000_FAST_HexBolt_TrimMisc_031,Fasteners_Bolts,FT,TrimMisc,HexBolt_TrimMisc,MAT_Steel_Phosphate_Fastener,steel_phos,TPL_Bolt_M5,-0.133439,0.675368,1.065209,0.0,0.0,2.16,1.0,1.0,1.0,true,trim fastener bolt (M5)
1840,ALTIMA2000_FAST_HexBolt_TrimMisc_032,Fasteners_Bolts,FT,TrimMisc,HexBolt_TrimMisc,MAT_Steel_Phosphate_Fastener,steel_phos,TPL_Bolt_M5,1.604425,0.312587,0.635049,0.0,0.0,2.86,1.0,1.0,1.0,true,trim fastener bolt (M5)
1841,ALTIMA2000_FAST_HexBolt_TrimMisc_033,Fasteners_Bolts,FT,TrimMisc,HexBolt_TrimMisc,MAT_Steel_Phosphate_Fastener,steel_phos,TPL_Bolt_M5,-1.207498,-0.050194,1.204889,0.0,0.0,0.42,1.0,1.0,1.0,true,trim fastener bolt (M5)
1842,ALTIMA2000_FAST_HexBolt_TrimMisc_034,Fasteners_Bolts,FT,TrimMisc,HexBolt_TrimMisc,MAT_Steel_Phosphate_Fastener,steel_phos,TPL_Bolt_M5,0.530366,-0.412975,0.77473,0.0,0.0,1.12,1.0,1.0,1.0,true,trim fastener bolt (M5)
1843,ALTIMA2000_FAST_HexBolt_TrimMisc_035,Fasteners_Bolts,FT,TrimMisc,HexBolt_TrimMisc,MAT_Steel_Phosphate_Fastener,steel_phos,TPL_Bolt_M5,2.26823,0.704244,0.34457,0.0,0.0,1.82,1.0,1.0,1.0,true,trim fastener bolt (M5)
1844,ALTIMA2000_FAST_HexBolt_TrimMisc_036,Fasteners_Bolts,FT,TrimMisc,HexBolt_TrimMisc,MAT_Steel_Phosphate_Fastener,steel_phos,TPL_Bolt_M5,-0.543693,0.341463,0.91441,0.0,0.0,2.52,1.0,1.0,1.0,true,trim fastener bolt (M5)
1845,ALTIMA2000_FAST_HexBolt_TrimMisc_037,Fasteners_Bolts,FT,TrimMisc,HexBolt_TrimMisc,MAT_Steel_Phosphate_Fastener,steel_phos,TPL_Bolt_M5,1.194171,-0.021318,0.48425,0.0,0.0,0.08,1.0,1.0,1.0,true,trim fastener bolt (M5)
1846,ALTIMA2000_FAST_HexBolt_TrimMisc_038,Fasteners_Bolts,FT,TrimMisc,HexBolt_TrimMisc,MAT_Steel_Phosphate_Fastener,steel_phos,TPL_Bolt_M5,-1.617752,-0.384099,1.054091,0.0,0.0,0.78,1.0,1.0,1.0,true,trim fastener bolt (M5)
1847,ALTIMA2000_FAST_HexBolt_TrimMisc_039,Fasteners_Bolts,FT,TrimMisc,HexBolt_TrimMisc,MAT_Steel_Phosphate_Fastener,steel_phos,TPL_Bolt_M5,0.120112,0.73312,0.623931,0.0,0.0,1.48,1.0,1.0,1.0,true,trim fastener bolt (M5)
1848,ALTIMA2000_FAST_HexBolt_TrimMisc_040,Fasteners_Bolts,FT,TrimMisc,HexBolt_TrimMisc,MAT_Steel_Phosphate_Fastener,steel_phos,TPL_Bolt_M5,1.857976,0.370339,1.193771,0.0,0.0,2.18,1.0,1.0,1.0,true,trim fastener bolt (M5)
1849,ALTIMA2000_FAST_HexNut_BodyPanel_001,Fasteners_Nuts,FT,BodyPanel,HexNut_BodyPanel,MAT_Steel_Phosphate_Fastener,steel_phos,TPL_Nut_M6,2.221702,-0.266,0.903,0.0,0.0,0.0,1.0,1.0,1.0,true,body panel nut (M6)
1850,ALTIMA2000_FAST_HexNut_BodyPanel_002,Fasteners_Nuts,FT,BodyPanel,HexNut_BodyPanel,MAT_Steel_Phosphate_Fastener,steel_phos,TPL_Nut_M6,-0.458724,-0.609171,0.515856,0.0,0.0,0.0,1.0,1.0,1.0,true,body panel nut (M6)
1851,ALTIMA2000_FAST_HexNut_BodyPanel_003,Fasteners_Nuts,FT,BodyPanel,HexNut_BodyPanel,MAT_Steel_Phosphate_Fastener,steel_phos,TPL_Nut_M6,1.19787,0.447657,1.028713,0.0,0.0,0.0,1.0,1.0,1.0,true,body panel nut (M6)
1852,ALTIMA2000_FAST_HexNut_BodyPanel_004,Fasteners_Nuts,FT,BodyPanel,HexNut_BodyPanel,MAT_Steel_Phosphate_Fastener,steel_phos,TPL_Nut_M6,-1.482556,0.104486,0.641569,0.0,0.0,0.0,1.0,1.0,1.0,true,body panel nut (M6)
1853,ALTIMA2000_FAST_HexNut_BodyPanel_005,Fasteners_Nuts,FT,BodyPanel,HexNut_BodyPanel,MAT_Steel_Phosphate_Fastener,steel_phos,TPL_Nut_M6,0.174038,-0.238685,1.154425,0.0,0.0,0.0,1.0,1.0,1.0,true,body panel nut (M6)
1854,ALTIMA2000_FAST_HexNut_BodyPanel_006,Fasteners_Nuts,FT,BodyPanel,HexNut_BodyPanel,MAT_Steel_Phosphate_Fastener,steel_phos,TPL_Nut_M6,1.830633,-0.581856,0.767281,0.0,0.0,0.0,1.0,1.0,1.0,true,body panel nut (M6)
1855,ALTIMA2000_FAST_HexNut_BodyPanel_007,Fasteners_Nuts,FT,BodyPanel,HexNut_BodyPanel,MAT_Steel_Phosphate_Fastener,steel_phos,TPL_Nut_M6,-0.849793,0.474972,0.380138,0.0,0.0,0.0,1.0,1.0,1.0,true,body panel nut (M6)
1856,ALTIMA2000_FAST_HexNut_BodyPanel_008,Fasteners_Nuts,FT,BodyPanel,HexNut_BodyPanel,MAT_Steel_Phosphate_Fastener,steel_phos,TPL_Nut_M6,0.806801,0.131801,0.892994,0.0,0.0,0.0,1.0,1.0,1.0,true,body panel nut (M6)
1857,ALTIMA2000_FAST_HexNut_BodyPanel_009,Fasteners_Nuts,FT,BodyPanel,HexNut_BodyPanel,MAT_Steel_Phosphate_Fastener,steel_phos,TPL_Nut_M6,-1.873625,-0.21137,0.50585,0.0,0.0,0.0,1.0,1.0,1.0,true,body panel nut (M6)
1858,ALTIMA2000_FAST_HexNut_BodyPanel_010,Fasteners_Nuts,FT,BodyPanel,HexNut_BodyPanel,MAT_Steel_Phosphate_Fastener,steel_phos,TPL_Nut_M6,-0.217031,-0.554541,1.018706,0.0,0.0,0.0,1.0,1.0,1.0,true,body panel nut (M6)
1859,ALTIMA2000_FAST_HexNut_BodyPanel_011,Fasteners_Nuts,FT,BodyPanel,HexNut_BodyPanel,MAT_Steel_Phosphate_Fastener,steel_phos,TPL_Nut_M6,1.439564,0.502287,0.631563,0.0,0.0,0.0,1.0,1.0,1.0,true,body panel nut (M6)
1860,ALTIMA2000_FAST_HexNut_BodyPanel_012,Fasteners_Nuts,FT,BodyPanel,HexNut_BodyPanel,MAT_Steel_Phosphate_Fastener,steel_phos,TPL_Nut_M6,-1.240862,0.159116,1.144419,0.0,0.0,0.0,1.0,1.0,1.0,true,body panel nut (M6)
1861,ALTIMA2000_FAST_HexNut_HeadStud_001,Fasteners_Nuts,FT,HeadStud,HexNut_HeadStud,MAT_Steel_Phosphate_Fastener,steel_phos,TPL_Nut_M10,2.221702,-0.266,0.903,0.0,0.0,0.0,1.0,1.0,1.0,true,exhaust stud nut (M10)
1862,ALTIMA2000_FAST_HexNut_HeadStud_002,Fasteners_Nuts,FT,HeadStud,HexNut_HeadStud,MAT_Steel_Phosphate_Fastener,steel_phos,TPL_Nut_M10,-0.458724,-0.609171,0.515856,0.0,0.0,0.0,1.0,1.0,1.0,true,exhaust stud nut (M10)
1863,ALTIMA2000_FAST_HexNut_HeadStud_003,Fasteners_Nuts,FT,HeadStud,HexNut_HeadStud,MAT_Steel_Phosphate_Fastener,steel_phos,TPL_Nut_M10,1.19787,0.447657,1.028713,0.0,0.0,0.0,1.0,1.0,1.0,true,exhaust stud nut (M10)
1864,ALTIMA2000_FAST_HexNut_HeadStud_004,Fasteners_Nuts,FT,HeadStud,HexNut_HeadStud,MAT_Steel_Phosphate_Fastener,steel_phos,TPL_Nut_M10,-1.482556,0.104486,0.641569,0.0,0.0,0.0,1.0,1.0,1.0,true,exhaust stud nut (M10)
1865,ALTIMA2000_FAST_HexNut_HeadStud_005,Fasteners_Nuts,FT,HeadStud,HexNut_HeadStud,MAT_Steel_Phosphate_Fastener,steel_phos,TPL_Nut_M10,0.174038,-0.238685,1.154425,0.0,0.0,0.0,1.0,1.0,1.0,true,exhaust stud nut (M10)
1866,ALTIMA2000_FAST_HexNut_HeadStud_006,Fasteners_Nuts,FT,HeadStud,HexNut_HeadStud,MAT_Steel_Phosphate_Fastener,steel_phos,TPL_Nut_M10,1.830633,-0.581856,0.767281,0.0,0.0,0.0,1.0,1.0,1.0,true,exhaust stud nut (M10)
1867,ALTIMA2000_FAST_HexNut_HeadStud_007,Fasteners_Nuts,FT,HeadStud,HexNut_HeadStud,MAT_Steel_Phosphate_Fastener,steel_phos,TPL_Nut_M10,-0.849793,0.474972,0.380138,0.0,0.0,0.0,1.0,1.0,1.0,true,exhaust stud nut (M10)
1868,ALTIMA2000_FAST_HexNut_HeadStud_008,Fasteners_Nuts,FT,HeadStud,HexNut_HeadStud,MAT_Steel_Phosphate_Fastener,steel_phos,TPL_Nut_M10,0.806801,0.131801,0.892994,0.0,0.0,0.0,1.0,1.0,1.0,true,exhaust stud nut (M10)
1869,ALTIMA2000_FAST_HexNut_StrutTop_001,Fasteners_Nuts,FT,StrutTop,HexNut_StrutTop,MAT_Steel_Phosphate_Fastener,steel_phos,TPL_Nut_M10,2.221702,-0.266,0.903,0.0,0.0,0.0,1.0,1.0,1.0,true,strut top nut (M10)
1870,ALTIMA2000_FAST_HexNut_StrutTop_002,Fasteners_Nuts,FT,StrutTop,HexNut_StrutTop,MAT_Steel_Phosphate_Fastener,steel_phos,TPL_Nut_M10,-0.458724,-0.609171,0.515856,0.0,0.0,0.0,1.0,1.0,1.0,true,strut top nut (M10)
1871,ALTIMA2000_FAST_HexNut_StrutTop_003,Fasteners_Nuts,FT,StrutTop,HexNut_StrutTop,MAT_Steel_Phosphate_Fastener,steel_phos,TPL_Nut_M10,1.19787,0.447657,1.028713,0.0,0.0,0.0,1.0,1.0,1.0,true,strut top nut (M10)
1872,ALTIMA2000_FAST_HexNut_StrutTop_004,Fasteners_Nuts,FT,StrutTop,HexNut_StrutTop,MAT_Steel_Phosphate_Fastener,steel_phos,TPL_Nut_M10,-1.482556,0.104486,0.641569,0.0,0.0,0.0,1.0,1.0,1.0,true,strut top nut (M10)
1873,ALTIMA2000_FAST_HexNut_StrutTop_005,Fasteners_Nuts,FT,StrutTop,HexNut_StrutTop,MAT_Steel_Phosphate_Fastener,steel_phos,TPL_Nut_M10,0.174038,-0.238685,1.154425,0.0,0.0,0.0,1.0,1.0,1.0,true,strut top nut (M10)
1874,ALTIMA2000_FAST_HexNut_StrutTop_006,Fasteners_Nuts,FT,StrutTop,HexNut_StrutTop,MAT_Steel_Phosphate_Fastener,steel_phos,TPL_Nut_M10,1.830633,-0.581856,0.767281,0.0,0.0,0.0,1.0,1.0,1.0,true,strut top nut (M10)
1875,ALTIMA2000_SUSP_HexNut_BallJointCastle_001,Suspension_Front,SU,BallJointCastle,HexNut_BallJointCastle,MAT_Steel_Phosphate_Fastener,steel_phos,TPL_Nut_M10,2.221702,-0.266,0.903,0.0,0.0,0.0,1.0,1.0,1.0,true,ball joint castle nut (M10)
1876,ALTIMA2000_SUSP_HexNut_BallJointCastle_002,Suspension_Front,SU,BallJointCastle,HexNut_BallJointCastle,MAT_Steel_Phosphate_Fastener,steel_phos,TPL_Nut_M10,-0.458724,-0.609171,0.515856,0.0,0.0,0.0,1.0,1.0,1.0,true,ball joint castle nut (M10)
1877,ALTIMA2000_SUSP_HexNut_BallJointCastle_003,Suspension_Front,SU,BallJointCastle,HexNut_BallJointCastle,MAT_Steel_Phosphate_Fastener,steel_phos,TPL_Nut_M10,1.19787,0.447657,1.028713,0.0,0.0,0.0,1.0,1.0,1.0,true,ball joint castle nut (M10)
1878,ALTIMA2000_SUSP_HexNut_BallJointCastle_004,Suspension_Front,SU,BallJointCastle,HexNut_BallJointCastle,MAT_Steel_Phosphate_Fastener,steel_phos,TPL_Nut_M10,-1.482556,0.104486,0.641569,0.0,0.0,0.0,1.0,1.0,1.0,true,ball joint castle nut (M10)
1879,ALTIMA2000_STR_HexNut_TieRod_001,Suspension_Steering,SR,TieRod,HexNut_TieRod,MAT_Steel_Phosphate_Fastener,steel_phos,TPL_Nut_M12,2.221702,-0.266,0.903,0.0,0.0,0.0,1.0,1.0,1.0,true,tie rod end nut (M12)
1880,ALTIMA2000_STR_HexNut_TieRod_002,Suspension_Steering,SR,TieRod,HexNut_TieRod,MAT_Steel_Phosphate_Fastener,steel_phos,TPL_Nut_M12,-0.458724,-0.609171,0.515856,0.0,0.0,0.0,1.0,1.0,1.0,true,tie rod end nut (M12)
1881,ALTIMA2000_STR_HexNut_TieRod_003,Suspension_Steering,SR,TieRod,HexNut_TieRod,MAT_Steel_Phosphate_Fastener,steel_phos,TPL_Nut_M12,1.19787,0.447657,1.028713,0.0,0.0,0.0,1.0,1.0,1.0,true,tie rod end nut (M12)
1882,ALTIMA2000_STR_HexNut_TieRod_004,Suspension_Steering,SR,TieRod,HexNut_TieRod,MAT_Steel_Phosphate_Fastener,steel_phos,TPL_Nut_M12,-1.482556,0.104486,0.641569,0.0,0.0,0.0,1.0,1.0,1.0,true,tie rod end nut (M12)
1883,ALTIMA2000_WHL_HexNut_SpindleNut_001,Wheels,WH,SpindleNut,HexNut_SpindleNut,MAT_Steel_Phosphate_Fastener,steel_phos,TPL_Nut_M14,2.221702,-0.266,0.903,0.0,0.0,0.0,1.0,1.0,1.0,true,front spindle nut (M14)
1884,ALTIMA2000_WHL_HexNut_SpindleNut_002,Wheels,WH,SpindleNut,HexNut_SpindleNut,MAT_Steel_Phosphate_Fastener,steel_phos,TPL_Nut_M14,-0.458724,-0.609171,0.515856,0.0,0.0,0.0,1.0,1.0,1.0,true,front spindle nut (M14)
1885,ALTIMA2000_WHL_HexNut_SpindleNut_003,Wheels,WH,SpindleNut,HexNut_SpindleNut,MAT_Steel_Phosphate_Fastener,steel_phos,TPL_Nut_M14,1.19787,0.447657,1.028713,0.0,0.0,0.0,1.0,1.0,1.0,true,front spindle nut (M14)
1886,ALTIMA2000_WHL_HexNut_SpindleNut_004,Wheels,WH,SpindleNut,HexNut_SpindleNut,MAT_Steel_Phosphate_Fastener,steel_phos,TPL_Nut_M14,-1.482556,0.104486,0.641569,0.0,0.0,0.0,1.0,1.0,1.0,true,front spindle nut (M14)
1887,ALTIMA2000_CLIP_TrimClip_Door_001,Fasteners_Clips,CL,Door,TrimClip_Door,MAT_Plastic_Black_Matte,plastic_blk_m,TPL_TrimClip,2.221702,-0.3192,0.964,0.0,0.0,0.0,1.0,1.0,1.0,true,door trim panel push clip
1888,ALTIMA2000_CLIP_TrimClip_Door_002,Fasteners_Clips,CL,Door,TrimClip_Door,MAT_Plastic_Black_Matte,plastic_blk_m,TPL_TrimClip,-0.458724,-0.731006,0.447808,0.0,0.0,0.0,1.0,1.0,1.0,true,door trim panel push clip
1889,ALTIMA2000_CLIP_TrimClip_Door_003,Fasteners_Clips,CL,Door,TrimClip_Door,MAT_Plastic_Black_Matte,plastic_blk_m,TPL_TrimClip,1.19787,0.537189,1.131617,0.0,0.0,0.0,1.0,1.0,1.0,true,door trim panel push clip
1890,ALTIMA2000_CLIP_TrimClip_Door_004,Fasteners_Clips,CL,Door,TrimClip_Door,MAT_Plastic_Black_Matte,plastic_blk_m,TPL_TrimClip,-1.482556,0.125383,0.615425,0.0,0.0,0.0,1.0,1.0,1.0,true,door trim panel push clip
1891,ALTIMA2000_CLIP_TrimClip_Door_005,Fasteners_Clips,CL,Door,TrimClip_Door,MAT_Plastic_Black_Matte,plastic_blk_m,TPL_TrimClip,0.174038,-0.286422,1.299233,0.0,0.0,0.0,1.0,1.0,1.0,true,door trim panel push clip
1892,ALTIMA2000_CLIP_TrimClip_Door_006,Fasteners_Clips,CL,Door,TrimClip_Door,MAT_Plastic_Black_Matte,plastic_blk_m,TPL_TrimClip,1.830633,-0.698228,0.783042,0.0,0.0,0.0,1.0,1.0,1.0,true,door trim panel push clip
1893,ALTIMA2000_CLIP_TrimClip_Door_007,Fasteners_Clips,CL,Door,TrimClip_Door,MAT_Plastic_Black_Matte,plastic_blk_m,TPL_TrimClip,-0.849793,0.569967,0.26685,0.0,0.0,0.0,1.0,1.0,1.0,true,door trim panel push clip
1894,ALTIMA2000_CLIP_TrimClip_Door_008,Fasteners_Clips,CL,Door,TrimClip_Door,MAT_Plastic_Black_Matte,plastic_blk_m,TPL_TrimClip,0.806801,0.158161,0.950658,0.0,0.0,0.0,1.0,1.0,1.0,true,door trim panel push clip
1895,ALTIMA2000_CLIP_TrimClip_Door_009,Fasteners_Clips,CL,Door,TrimClip_Door,MAT_Plastic_Black_Matte,plastic_blk_m,TPL_TrimClip,-1.873625,-0.253644,0.434467,0.0,0.0,0.0,1.0,1.0,1.0,true,door trim panel push clip
1896,ALTIMA2000_CLIP_TrimClip_Door_010,Fasteners_Clips,CL,Door,TrimClip_Door,MAT_Plastic_Black_Matte,plastic_blk_m,TPL_TrimClip,-0.217031,-0.66545,1.118275,0.0,0.0,0.0,1.0,1.0,1.0,true,door trim panel push clip
1897,ALTIMA2000_CLIP_TrimClip_Door_011,Fasteners_Clips,CL,Door,TrimClip_Door,MAT_Plastic_Black_Matte,plastic_blk_m,TPL_TrimClip,1.439564,0.602745,0.602084,0.0,0.0,0.0,1.0,1.0,1.0,true,door trim panel push clip
1898,ALTIMA2000_CLIP_TrimClip_Door_012,Fasteners_Clips,CL,Door,TrimClip_Door,MAT_Plastic_Black_Matte,plastic_blk_m,TPL_TrimClip,-1.240862,0.190939,1.285892,0.0,0.0,0.0,1.0,1.0,1.0,true,door trim panel push clip
1899,ALTIMA2000_CLIP_TrimClip_Door_013,Fasteners_Clips,CL,Door,TrimClip_Door,MAT_Plastic_Black_Matte,plastic_blk_m,TPL_TrimClip,0.415732,-0.220866,0.7697,0.0,0.0,0.0,1.0,1.0,1.0,true,door trim panel push clip
1900,ALTIMA2000_CLIP_TrimClip_Door_014,Fasteners_Clips,CL,Door,TrimClip_Door,MAT_Plastic_Black_Matte,plastic_blk_m,TPL_TrimClip,2.072327,-0.632672,0.253509,0.0,0.0,0.0,1.0,1.0,1.0,true,door trim panel push clip
1901,ALTIMA2000_CLIP_TrimClip_Door_015,Fasteners_Clips,CL,Door,TrimClip_Door,MAT_Plastic_Black_Matte,plastic_blk_m,TPL_TrimClip,-0.608099,0.635523,0.937317,0.0,0.0,0.0,1.0,1.0,1.0,true,door trim panel push clip
1902,ALTIMA2000_CLIP_TrimClip_Door_016,Fasteners_Clips,CL,Door,TrimClip_Door,MAT_Plastic_Black_Matte,plastic_blk_m,TPL_TrimClip,1.048495,0.223717,0.421125,0.0,0.0,0.0,1.0,1.0,1.0,true,door trim panel push clip
1903,ALTIMA2000_CLIP_TrimClip_Door_017,Fasteners_Clips,CL,Door,TrimClip_Door,MAT_Plastic_Black_Matte,plastic_blk_m,TPL_TrimClip,-1.631931,-0.188088,1.104934,0.0,0.0,0.0,1.0,1.0,1.0,true,door trim panel push clip
1904,ALTIMA2000_CLIP_TrimClip_Door_018,Fasteners_Clips,CL,Door,TrimClip_Door,MAT_Plastic_Black_Matte,plastic_blk_m,TPL_TrimClip,0.024663,-0.599894,0.588742,0.0,0.0,0.0,1.0,1.0,1.0,true,door trim panel push clip
1905,ALTIMA2000_CLIP_TrimClip_Door_019,Fasteners_Clips,CL,Door,TrimClip_Door,MAT_Plastic_Black_Matte,plastic_blk_m,TPL_TrimClip,1.681258,0.668301,1.27255,0.0,0.0,0.0,1.0,1.0,1.0,true,door trim panel push clip
1906,ALTIMA2000_CLIP_TrimClip_Door_020,Fasteners_Clips,CL,Door,TrimClip_Door,MAT_Plastic_Black_Matte,plastic_blk_m,TPL_TrimClip,-0.999168,0.256495,0.756359,0.0,0.0,0.0,1.0,1.0,1.0,true,door trim panel push clip
1907,ALTIMA2000_CLIP_TrimClip_Door_021,Fasteners_Clips,CL,Door,TrimClip_Door,MAT_Plastic_Black_Matte,plastic_blk_m,TPL_TrimClip,0.657426,-0.15531,0.240167,0.0,0.0,0.0,1.0,1.0,1.0,true,door trim panel push clip
1908,ALTIMA2000_CLIP_TrimClip_Door_022,Fasteners_Clips,CL,Door,TrimClip_Door,MAT_Plastic_Black_Matte,plastic_blk_m,TPL_TrimClip,-2.023,-0.567116,0.923975,0.0,0.0,0.0,1.0,1.0,1.0,true,door trim panel push clip
1909,ALTIMA2000_CLIP_TrimClip_Door_023,Fasteners_Clips,CL,Door,TrimClip_Door,MAT_Plastic_Black_Matte,plastic_blk_m,TPL_TrimClip,-0.366406,0.701079,0.407784,0.0,0.0,0.0,1.0,1.0,1.0,true,door trim panel push clip
1910,ALTIMA2000_CLIP_TrimClip_Door_024,Fasteners_Clips,CL,Door,TrimClip_Door,MAT_Plastic_Black_Matte,plastic_blk_m,TPL_TrimClip,1.290189,0.289273,1.091592,0.0,0.0,0.0,1.0,1.0,1.0,true,door trim panel push clip
1911,ALTIMA2000_CLIP_TrimClip_Bumper_001,Fasteners_Clips,CL,Bumper,TrimClip_Bumper,MAT_Plastic_Black_Matte,plastic_blk_m,TPL_TrimClip,2.221702,-0.3192,0.964,0.0,0.0,0.0,1.0,1.0,1.0,true,bumper cover push clip
1912,ALTIMA2000_CLIP_TrimClip_Bumper_002,Fasteners_Clips,CL,Bumper,TrimClip_Bumper,MAT_Plastic_Black_Matte,plastic_blk_m,TPL_TrimClip,-0.458724,-0.731006,0.447808,0.0,0.0,0.0,1.0,1.0,1.0,true,bumper cover push clip
1913,ALTIMA2000_CLIP_TrimClip_Bumper_003,Fasteners_Clips,CL,Bumper,TrimClip_Bumper,MAT_Plastic_Black_Matte,plastic_blk_m,TPL_TrimClip,1.19787,0.537189,1.131617,0.0,0.0,0.0,1.0,1.0,1.0,true,bumper cover push clip
1914,ALTIMA2000_CLIP_TrimClip_Bumper_004,Fasteners_Clips,CL,Bumper,TrimClip_Bumper,MAT_Plastic_Black_Matte,plastic_blk_m,TPL_TrimClip,-1.482556,0.125383,0.615425,0.0,0.0,0.0,1.0,1.0,1.0,true,bumper cover push clip
1915,ALTIMA2000_CLIP_TrimClip_Bumper_005,Fasteners_Clips,CL,Bumper,TrimClip_Bumper,MAT_Plastic_Black_Matte,plastic_blk_m,TPL_TrimClip,0.174038,-0.286422,1.299233,0.0,0.0,0.0,1.0,1.0,1.0,true,bumper cover push clip
1916,ALTIMA2000_CLIP_TrimClip_Bumper_006,Fasteners_Clips,CL,Bumper,TrimClip_Bumper,MAT_Plastic_Black_Matte,plastic_blk_m,TPL_TrimClip,1.830633,-0.698228,0.783042,0.0,0.0,0.0,1.0,1.0,1.0,true,bumper cover push clip
1917,ALTIMA2000_CLIP_TrimClip_Bumper_007,Fasteners_Clips,CL,Bumper,TrimClip_Bumper,MAT_Plastic_Black_Matte,plastic_blk_m,TPL_TrimClip,-0.849793,0.569967,0.26685,0.0,0.0,0.0,1.0,1.0,1.0,true,bumper cover push clip
1918,ALTIMA2000_CLIP_TrimClip_Bumper_008,Fasteners_Clips,CL,Bumper,TrimClip_Bumper,MAT_Plastic_Black_Matte,plastic_blk_m,TPL_TrimClip,0.806801,0.158161,0.950658,0.0,0.0,0.0,1.0,1.0,1.0,true,bumper cover push clip
1919,ALTIMA2000_CLIP_TrimClip_Bumper_009,Fasteners_Clips,CL,Bumper,TrimClip_Bumper,MAT_Plastic_Black_Matte,plastic_blk_m,TPL_TrimClip,-1.873625,-0.253644,0.434467,0.0,0.0,0.0,1.0,1.0,1.0,true,bumper cover push clip
1920,ALTIMA2000_CLIP_TrimClip_Bumper_010,Fasteners_Clips,CL,Bumper,TrimClip_Bumper,MAT_Plastic_Black_Matte,plastic_blk_m,TPL_TrimClip,-0.217031,-0.66545,1.118275,0.0,0.0,0.0,1.0,1.0,1.0,true,bumper cover push clip
1921,ALTIMA2000_CLIP_TrimClip_Bumper_011,Fasteners_Clips,CL,Bumper,TrimClip_Bumper,MAT_Plastic_Black_Matte,plastic_blk_m,TPL_TrimClip,1.439564,0.602745,0.602084,0.0,0.0,0.0,1.0,1.0,1.0,true,bumper cover push clip
1922,ALTIMA2000_CLIP_TrimClip_Bumper_012,Fasteners_Clips,CL,Bumper,TrimClip_Bumper,MAT_Plastic_Black_Matte,plastic_blk_m,TPL_TrimClip,-1.240862,0.190939,1.285892,0.0,0.0,0.0,1.0,1.0,1.0,true,bumper cover push clip
1923,ALTIMA2000_CLIP_TrimClip_Bumper_013,Fasteners_Clips,CL,Bumper,TrimClip_Bumper,MAT_Plastic_Black_Matte,plastic_blk_m,TPL_TrimClip,0.415732,-0.220866,0.7697,0.0,0.0,0.0,1.0,1.0,1.0,true,bumper cover push clip
1924,ALTIMA2000_CLIP_TrimClip_Bumper_014,Fasteners_Clips,CL,Bumper,TrimClip_Bumper,MAT_Plastic_Black_Matte,plastic_blk_m,TPL_TrimClip,2.072327,-0.632672,0.253509,0.0,0.0,0.0,1.0,1.0,1.0,true,bumper cover push clip
1925,ALTIMA2000_CLIP_TrimClip_Bumper_015,Fasteners_Clips,CL,Bumper,TrimClip_Bumper,MAT_Plastic_Black_Matte,plastic_blk_m,TPL_TrimClip,-0.608099,0.635523,0.937317,0.0,0.0,0.0,1.0,1.0,1.0,true,bumper cover push clip
1926,ALTIMA2000_CLIP_TrimClip_Bumper_016,Fasteners_Clips,CL,Bumper,TrimClip_Bumper,MAT_Plastic_Black_Matte,plastic_blk_m,TPL_TrimClip,1.048495,0.223717,0.421125,0.0,0.0,0.0,1.0,1.0,1.0,true,bumper cover push clip
1927,ALTIMA2000_CLIP_TrimClip_Bumper_017,Fasteners_Clips,CL,Bumper,TrimClip_Bumper,MAT_Plastic_Black_Matte,plastic_blk_m,TPL_TrimClip,-1.631931,-0.188088,1.104934,0.0,0.0,0.0,1.0,1.0,1.0,true,bumper cover push clip
1928,ALTIMA2000_CLIP_TrimClip_Bumper_018,Fasteners_Clips,CL,Bumper,TrimClip_Bumper,MAT_Plastic_Black_Matte,plastic_blk_m,TPL_TrimClip,0.024663,-0.599894,0.588742,0.0,0.0,0.0,1.0,1.0,1.0,true,bumper cover push clip
1929,ALTIMA2000_CLIP_TrimClip_Bumper_019,Fasteners_Clips,CL,Bumper,TrimClip_Bumper,MAT_Plastic_Black_Matte,plastic_blk_m,TPL_TrimClip,1.681258,0.668301,1.27255,0.0,0.0,0.0,1.0,1.0,1.0,true,bumper cover push clip
1930,ALTIMA2000_CLIP_TrimClip_Bumper_020,Fasteners_Clips,CL,Bumper,TrimClip_Bumper,MAT_Plastic_Black_Matte,plastic_blk_m,TPL_TrimClip,-0.999168,0.256495,0.756359,0.0,0.0,0.0,1.0,1.0,1.0,true,bumper cover push clip
1931,ALTIMA2000_CLIP_TrimClip_WheelArch_001,Fasteners_Clips,CL,WheelArch,TrimClip_WheelArch,MAT_Plastic_Black_Matte,plastic_blk_m,TPL_TrimClip,2.221702,-0.3192,0.964,0.0,0.0,0.0,1.0,1.0,1.0,true,wheel arch liner clip
1932,ALTIMA2000_CLIP_TrimClip_WheelArch_002,Fasteners_Clips,CL,WheelArch,TrimClip_WheelArch,MAT_Plastic_Black_Matte,plastic_blk_m,TPL_TrimClip,-0.458724,-0.731006,0.447808,0.0,0.0,0.0,1.0,1.0,1.0,true,wheel arch liner clip
1933,ALTIMA2000_CLIP_TrimClip_WheelArch_003,Fasteners_Clips,CL,WheelArch,TrimClip_WheelArch,MAT_Plastic_Black_Matte,plastic_blk_m,TPL_TrimClip,1.19787,0.537189,1.131617,0.0,0.0,0.0,1.0,1.0,1.0,true,wheel arch liner clip
1934,ALTIMA2000_CLIP_TrimClip_WheelArch_004,Fasteners_Clips,CL,WheelArch,TrimClip_WheelArch,MAT_Plastic_Black_Matte,plastic_blk_m,TPL_TrimClip,-1.482556,0.125383,0.615425,0.0,0.0,0.0,1.0,1.0,1.0,true,wheel arch liner clip
1935,ALTIMA2000_CLIP_TrimClip_WheelArch_005,Fasteners_Clips,CL,WheelArch,TrimClip_WheelArch,MAT_Plastic_Black_Matte,plastic_blk_m,TPL_TrimClip,0.174038,-0.286422,1.299233,0.0,0.0,0.0,1.0,1.0,1.0,true,wheel arch liner clip
1936,ALTIMA2000_CLIP_TrimClip_WheelArch_006,Fasteners_Clips,CL,WheelArch,TrimClip_WheelArch,MAT_Plastic_Black_Matte,plastic_blk_m,TPL_TrimClip,1.830633,-0.698228,0.783042,0.0,0.0,0.0,1.0,1.0,1.0,true,wheel arch liner clip
1937,ALTIMA2000_CLIP_TrimClip_WheelArch_007,Fasteners_Clips,CL,WheelArch,TrimClip_WheelArch,MAT_Plastic_Black_Matte,plastic_blk_m,TPL_TrimClip,-0.849793,0.569967,0.26685,0.0,0.0,0.0,1.0,1.0,1.0,true,wheel arch liner clip
1938,ALTIMA2000_CLIP_TrimClip_WheelArch_008,Fasteners_Clips,CL,WheelArch,TrimClip_WheelArch,MAT_Plastic_Black_Matte,plastic_blk_m,TPL_TrimClip,0.806801,0.158161,0.950658,0.0,0.0,0.0,1.0,1.0,1.0,true,wheel arch liner clip
1939,ALTIMA2000_CLIP_TrimClip_WheelArch_009,Fasteners_Clips,CL,WheelArch,TrimClip_WheelArch,MAT_Plastic_Black_Matte,plastic_blk_m,TPL_TrimClip,-1.873625,-0.253644,0.434467,0.0,0.0,0.0,1.0,1.0,1.0,true,wheel arch liner clip
1940,ALTIMA2000_CLIP_TrimClip_WheelArch_010,Fasteners_Clips,CL,WheelArch,TrimClip_WheelArch,MAT_Plastic_Black_Matte,plastic_blk_m,TPL_TrimClip,-0.217031,-0.66545,1.118275,0.0,0.0,0.0,1.0,1.0,1.0,true,wheel arch liner clip
1941,ALTIMA2000_CLIP_TrimClip_WheelArch_011,Fasteners_Clips,CL,WheelArch,TrimClip_WheelArch,MAT_Plastic_Black_Matte,plastic_blk_m,TPL_TrimClip,1.439564,0.602745,0.602084,0.0,0.0,0.0,1.0,1.0,1.0,true,wheel arch liner clip
1942,ALTIMA2000_CLIP_TrimClip_WheelArch_012,Fasteners_Clips,CL,WheelArch,TrimClip_WheelArch,MAT_Plastic_Black_Matte,plastic_blk_m,TPL_TrimClip,-1.240862,0.190939,1.285892,0.0,0.0,0.0,1.0,1.0,1.0,true,wheel arch liner clip
1943,ALTIMA2000_CLIP_TrimClip_WheelArch_013,Fasteners_Clips,CL,WheelArch,TrimClip_WheelArch,MAT_Plastic_Black_Matte,plastic_blk_m,TPL_TrimClip,0.415732,-0.220866,0.7697,0.0,0.0,0.0,1.0,1.0,1.0,true,wheel arch liner clip
1944,ALTIMA2000_CLIP_TrimClip_WheelArch_014,Fasteners_Clips,CL,WheelArch,TrimClip_WheelArch,MAT_Plastic_Black_Matte,plastic_blk_m,TPL_TrimClip,2.072327,-0.632672,0.253509,0.0,0.0,0.0,1.0,1.0,1.0,true,wheel arch liner clip
1945,ALTIMA2000_CLIP_TrimClip_WheelArch_015,Fasteners_Clips,CL,WheelArch,TrimClip_WheelArch,MAT_Plastic_Black_Matte,plastic_blk_m,TPL_TrimClip,-0.608099,0.635523,0.937317,0.0,0.0,0.0,1.0,1.0,1.0,true,wheel arch liner clip
1946,ALTIMA2000_CLIP_TrimClip_WheelArch_016,Fasteners_Clips,CL,WheelArch,TrimClip_WheelArch,MAT_Plastic_Black_Matte,plastic_blk_m,TPL_TrimClip,1.048495,0.223717,0.421125,0.0,0.0,0.0,1.0,1.0,1.0,true,wheel arch liner clip
1947,ALTIMA2000_CLIP_TrimClip_Underbody_001,Fasteners_Clips,CL,Underbody,TrimClip_Underbody,MAT_Plastic_Black_Matte,plastic_blk_m,TPL_TrimClip_Large,2.221702,-0.3192,0.964,0.0,0.0,0.0,1.0,1.0,1.0,true,underbody shield clip
1948,ALTIMA2000_CLIP_TrimClip_Underbody_002,Fasteners_Clips,CL,Underbody,TrimClip_Underbody,MAT_Plastic_Black_Matte,plastic_blk_m,TPL_TrimClip_Large,-0.458724,-0.731006,0.447808,0.0,0.0,0.0,1.0,1.0,1.0,true,underbody shield clip
1949,ALTIMA2000_CLIP_TrimClip_Underbody_003,Fasteners_Clips,CL,Underbody,TrimClip_Underbody,MAT_Plastic_Black_Matte,plastic_blk_m,TPL_TrimClip_Large,1.19787,0.537189,1.131617,0.0,0.0,0.0,1.0,1.0,1.0,true,underbody shield clip
1950,ALTIMA2000_CLIP_TrimClip_Underbody_004,Fasteners_Clips,CL,Underbody,TrimClip_Underbody,MAT_Plastic_Black_Matte,plastic_blk_m,TPL_TrimClip_Large,-1.482556,0.125383,0.615425,0.0,0.0,0.0,1.0,1.0,1.0,true,underbody shield clip
1951,ALTIMA2000_CLIP_TrimClip_Underbody_005,Fasteners_Clips,CL,Underbody,TrimClip_Underbody,MAT_Plastic_Black_Matte,plastic_blk_m,TPL_TrimClip_Large,0.174038,-0.286422,1.299233,0.0,0.0,0.0,1.0,1.0,1.0,true,underbody shield clip
1952,ALTIMA2000_CLIP_TrimClip_Underbody_006,Fasteners_Clips,CL,Underbody,TrimClip_Underbody,MAT_Plastic_Black_Matte,plastic_blk_m,TPL_TrimClip_Large,1.830633,-0.698228,0.783042,0.0,0.0,0.0,1.0,1.0,1.0,true,underbody shield clip
1953,ALTIMA2000_CLIP_TrimClip_Underbody_007,Fasteners_Clips,CL,Underbody,TrimClip_Underbody,MAT_Plastic_Black_Matte,plastic_blk_m,TPL_TrimClip_Large,-0.849793,0.569967,0.26685,0.0,0.0,0.0,1.0,1.0,1.0,true,underbody shield clip
1954,ALTIMA2000_CLIP_TrimClip_Underbody_008,Fasteners_Clips,CL,Underbody,TrimClip_Underbody,MAT_Plastic_Black_Matte,plastic_blk_m,TPL_TrimClip_Large,0.806801,0.158161,0.950658,0.0,0.0,0.0,1.0,1.0,1.0,true,underbody shield clip
1955,ALTIMA2000_CLIP_TrimClip_Underbody_009,Fasteners_Clips,CL,Underbody,TrimClip_Underbody,MAT_Plastic_Black_Matte,plastic_blk_m,TPL_TrimClip_Large,-1.873625,-0.253644,0.434467,0.0,0.0,0.0,1.0,1.0,1.0,true,underbody shield clip
1956,ALTIMA2000_CLIP_TrimClip_Underbody_010,Fasteners_Clips,CL,Underbody,TrimClip_Underbody,MAT_Plastic_Black_Matte,plastic_blk_m,TPL_TrimClip_Large,-0.217031,-0.66545,1.118275,0.0,0.0,0.0,1.0,1.0,1.0,true,underbody shield clip
1957,ALTIMA2000_CLIP_TrimClip_Underbody_011,Fasteners_Clips,CL,Underbody,TrimClip_Underbody,MAT_Plastic_Black_Matte,plastic_blk_m,TPL_TrimClip_Large,1.439564,0.602745,0.602084,0.0,0.0,0.0,1.0,1.0,1.0,true,underbody shield clip
1958,ALTIMA2000_CLIP_TrimClip_Underbody_012,Fasteners_Clips,CL,Underbody,TrimClip_Underbody,MAT_Plastic_Black_Matte,plastic_blk_m,TPL_TrimClip_Large,-1.240862,0.190939,1.285892,0.0,0.0,0.0,1.0,1.0,1.0,true,underbody shield clip
1959,ALTIMA2000_CLIP_TrimClip_Underbody_013,Fasteners_Clips,CL,Underbody,TrimClip_Underbody,MAT_Plastic_Black_Matte,plastic_blk_m,TPL_TrimClip_Large,0.415732,-0.220866,0.7697,0.0,0.0,0.0,1.0,1.0,1.0,true,underbody shield clip
1960,ALTIMA2000_CLIP_TrimClip_Underbody_014,Fasteners_Clips,CL,Underbody,TrimClip_Underbody,MAT_Plastic_Black_Matte,plastic_blk_m,TPL_TrimClip_Large,2.072327,-0.632672,0.253509,0.0,0.0,0.0,1.0,1.0,1.0,true,underbody shield clip
1961,ALTIMA2000_CLIP_TrimClip_Underbody_015,Fasteners_Clips,CL,Underbody,TrimClip_Underbody,MAT_Plastic_Black_Matte,plastic_blk_m,TPL_TrimClip_Large,-0.608099,0.635523,0.937317,0.0,0.0,0.0,1.0,1.0,1.0,true,underbody shield clip
1962,ALTIMA2000_CLIP_TrimClip_Underbody_016,Fasteners_Clips,CL,Underbody,TrimClip_Underbody,MAT_Plastic_Black_Matte,plastic_blk_m,TPL_TrimClip_Large,1.048495,0.223717,0.421125,0.0,0.0,0.0,1.0,1.0,1.0,true,underbody shield clip
1963,ALTIMA2000_CLIP_TrimClip_Underbody_017,Fasteners_Clips,CL,Underbody,TrimClip_Underbody,MAT_Plastic_Black_Matte,plastic_blk_m,TPL_TrimClip_Large,-1.631931,-0.188088,1.104934,0.0,0.0,0.0,1.0,1.0,1.0,true,underbody shield clip
1964,ALTIMA2000_CLIP_TrimClip_Underbody_018,Fasteners_Clips,CL,Underbody,TrimClip_Underbody,MAT_Plastic_Black_Matte,plastic_blk_m,TPL_TrimClip_Large,0.024663,-0.599894,0.588742,0.0,0.0,0.0,1.0,1.0,1.0,true,underbody shield clip
1965,ALTIMA2000_CLIP_TrimClip_Headliner_001,Fasteners_Clips,CL,Headliner,TrimClip_Headliner,MAT_Plastic_Black_Matte,plastic_blk_m,TPL_TrimClip,0.6,-0.2508,1.03,0.0,0.0,0.0,1.0,1.0,1.0,true,headliner retaining clip
1966,ALTIMA2000_CLIP_TrimClip_Headliner_002,Fasteners_Clips,CL,Headliner,TrimClip_Headliner,MAT_Plastic_Black_Matte,plastic_blk_m,TPL_TrimClip,-0.946663,-0.574362,0.59984,0.0,0.0,0.0,1.0,1.0,1.0,true,headliner retaining clip
1967,ALTIMA2000_CLIP_TrimClip_Headliner_003,Fasteners_Clips,CL,Headliner,TrimClip_Headliner,MAT_Plastic_Black_Matte,plastic_blk_m,TPL_TrimClip,0.009227,0.422077,1.169681,0.0,0.0,0.0,1.0,1.0,1.0,true,headliner retaining clip
1968,ALTIMA2000_CLIP_TrimClip_Headliner_004,Fasteners_Clips,CL,Headliner,TrimClip_Headliner,MAT_Plastic_Black_Matte,plastic_blk_m,TPL_TrimClip,-1.537436,0.098516,0.739521,0.0,0.0,0.0,1.0,1.0,1.0,true,headliner retaining clip
1969,ALTIMA2000_CLIP_TrimClip_Headliner_005,Fasteners_Clips,CL,Headliner,TrimClip_Headliner,MAT_Plastic_Black_Matte,plastic_blk_m,TPL_TrimClip,-0.581545,-0.225046,1.309361,0.0,0.0,0.0,1.0,1.0,1.0,true,headliner retaining clip
1970,ALTIMA2000_CLIP_TrimClip_Headliner_006,Fasteners_Clips,CL,Headliner,TrimClip_Headliner,MAT_Plastic_Black_Matte,plastic_blk_m,TPL_TrimClip,0.374345,-0.548607,0.879201,0.0,0.0,0.0,1.0,1.0,1.0,true,headliner retaining clip
1971,ALTIMA2000_CLIP_TrimClip_Headliner_007,Fasteners_Clips,CL,Headliner,TrimClip_Headliner,MAT_Plastic_Black_Matte,plastic_blk_m,TPL_TrimClip,-1.172318,0.447831,0.449042,0.0,0.0,0.0,1.0,1.0,1.0,true,headliner retaining clip
1972,ALTIMA2000_CLIP_TrimClip_Headliner_008,Fasteners_Clips,CL,Headliner,TrimClip_Headliner,MAT_Plastic_Black_Matte,plastic_blk_m,TPL_TrimClip,-0.216428,0.12427,1.018882,0.0,0.0,0.0,1.0,1.0,1.0,true,headliner retaining clip
1973,ALTIMA2000_CLIP_TrimClip_Headliner_009,Fasteners_Clips,CL,Headliner,TrimClip_Headliner,MAT_Plastic_Black_Matte,plastic_blk_m,TPL_TrimClip,-1.763091,-0.199292,0.588722,0.0,0.0,0.0,1.0,1.0,1.0,true,headliner retaining clip
1974,ALTIMA2000_CLIP_TrimClip_Headliner_010,Fasteners_Clips,CL,Headliner,TrimClip_Headliner,MAT_Plastic_Black_Matte,plastic_blk_m,TPL_TrimClip,-0.8072,-0.522853,1.158563,0.0,0.0,0.0,1.0,1.0,1.0,true,headliner retaining clip
1975,ALTIMA2000_CLIP_TrimClip_Headliner_011,Fasteners_Clips,CL,Headliner,TrimClip_Headliner,MAT_Plastic_Black_Matte,plastic_blk_m,TPL_TrimClip,0.14869,0.473585,0.728403,0.0,0.0,0.0,1.0,1.0,1.0,true,headliner retaining clip
1976,ALTIMA2000_CLIP_TrimClip_Headliner_012,Fasteners_Clips,CL,Headliner,TrimClip_Headliner,MAT_Plastic_Black_Matte,plastic_blk_m,TPL_TrimClip,-1.397973,0.150024,1.298243,0.0,0.0,0.0,1.0,1.0,1.0,true,headliner retaining clip
1977,ALTIMA2000_CLIP_TrimClip_Headliner_013,Fasteners_Clips,CL,Headliner,TrimClip_Headliner,MAT_Plastic_Black_Matte,plastic_blk_m,TPL_TrimClip,-0.442083,-0.173538,0.868083,0.0,0.0,0.0,1.0,1.0,1.0,true,headliner retaining clip
1978,ALTIMA2000_CLIP_TrimClip_Headliner_014,Fasteners_Clips,CL,Headliner,TrimClip_Headliner,MAT_Plastic_Black_Matte,plastic_blk_m,TPL_TrimClip,0.513807,-0.497099,0.437924,0.0,0.0,0.0,1.0,1.0,1.0,true,headliner retaining clip
1979,ALTIMA2000_CLIP_TrimClip_Carpet_001,Fasteners_Clips,CL,Carpet,TrimClip_Carpet,MAT_Plastic_Black_Matte,plastic_blk_m,TPL_TrimClip,0.6,-0.2508,1.03,0.0,0.0,0.0,1.0,1.0,1.0,true,carpet retaining clip
1980,ALTIMA2000_CLIP_TrimClip_Carpet_002,Fasteners_Clips,CL,Carpet,TrimClip_Carpet,MAT_Plastic_Black_Matte,plastic_blk_m,TPL_TrimClip,-0.946663,-0.574362,0.59984,0.0,0.0,0.0,1.0,1.0,1.0,true,carpet retaining clip
1981,ALTIMA2000_CLIP_TrimClip_Carpet_003,Fasteners_Clips,CL,Carpet,TrimClip_Carpet,MAT_Plastic_Black_Matte,plastic_blk_m,TPL_TrimClip,0.009227,0.422077,1.169681,0.0,0.0,0.0,1.0,1.0,1.0,true,carpet retaining clip
1982,ALTIMA2000_CLIP_TrimClip_Carpet_004,Fasteners_Clips,CL,Carpet,TrimClip_Carpet,MAT_Plastic_Black_Matte,plastic_blk_m,TPL_TrimClip,-1.537436,0.098516,0.739521,0.0,0.0,0.0,1.0,1.0,1.0,true,carpet retaining clip
1983,ALTIMA2000_CLIP_TrimClip_Carpet_005,Fasteners_Clips,CL,Carpet,TrimClip_Carpet,MAT_Plastic_Black_Matte,plastic_blk_m,TPL_TrimClip,-0.581545,-0.225046,1.309361,0.0,0.0,0.0,1.0,1.0,1.0,true,carpet retaining clip
1984,ALTIMA2000_CLIP_TrimClip_Carpet_006,Fasteners_Clips,CL,Carpet,TrimClip_Carpet,MAT_Plastic_Black_Matte,plastic_blk_m,TPL_TrimClip,0.374345,-0.548607,0.879201,0.0,0.0,0.0,1.0,1.0,1.0,true,carpet retaining clip
1985,ALTIMA2000_CLIP_TrimClip_Carpet_007,Fasteners_Clips,CL,Carpet,TrimClip_Carpet,MAT_Plastic_Black_Matte,plastic_blk_m,TPL_TrimClip,-1.172318,0.447831,0.449042,0.0,0.0,0.0,1.0,1.0,1.0,true,carpet retaining clip
1986,ALTIMA2000_CLIP_TrimClip_Carpet_008,Fasteners_Clips,CL,Carpet,TrimClip_Carpet,MAT_Plastic_Black_Matte,plastic_blk_m,TPL_TrimClip,-0.216428,0.12427,1.018882,0.0,0.0,0.0,1.0,1.0,1.0,true,carpet retaining clip
1987,ALTIMA2000_CLIP_TrimClip_Carpet_009,Fasteners_Clips,CL,Carpet,TrimClip_Carpet,MAT_Plastic_Black_Matte,plastic_blk_m,TPL_TrimClip,-1.763091,-0.199292,0.588722,0.0,0.0,0.0,1.0,1.0,1.0,true,carpet retaining clip
1988,ALTIMA2000_CLIP_TrimClip_Carpet_010,Fasteners_Clips,CL,Carpet,TrimClip_Carpet,MAT_Plastic_Black_Matte,plastic_blk_m,TPL_TrimClip,-0.8072,-0.522853,1.158563,0.0,0.0,0.0,1.0,1.0,1.0,true,carpet retaining clip
1989,ALTIMA2000_CLIP_TrimClip_Carpet_011,Fasteners_Clips,CL,Carpet,TrimClip_Carpet,MAT_Plastic_Black_Matte,plastic_blk_m,TPL_TrimClip,0.14869,0.473585,0.728403,0.0,0.0,0.0,1.0,1.0,1.0,true,carpet retaining clip
1990,ALTIMA2000_CLIP_TrimClip_Carpet_012,Fasteners_Clips,CL,Carpet,TrimClip_Carpet,MAT_Plastic_Black_Matte,plastic_blk_m,TPL_TrimClip,-1.397973,0.150024,1.298243,0.0,0.0,0.0,1.0,1.0,1.0,true,carpet retaining clip
1991,ALTIMA2000_CLIP_HoseClamp_Coolant_001,Fasteners_Clips,CL,Coolant,HoseClamp_Coolant,MAT_Plastic_Black_Matte,plastic_blk_m,TPL_TrimClip,2.008936,-0.266,0.7355,0.0,0.0,0.0,1.0,1.0,1.0,true,spring hose clamp
1992,ALTIMA2000_CLIP_HoseClamp_Coolant_002,Fasteners_Clips,CL,Coolant,HoseClamp_Coolant,MAT_Plastic_Black_Matte,plastic_blk_m,TPL_TrimClip,-0.474245,-0.609171,0.455896,0.0,0.0,0.0,1.0,1.0,1.0,true,spring hose clamp
1993,ALTIMA2000_CLIP_HoseClamp_Coolant_003,Fasteners_Clips,CL,Coolant,HoseClamp_Coolant,MAT_Plastic_Black_Matte,plastic_blk_m,TPL_TrimClip,1.060445,0.447657,0.826292,0.0,0.0,0.0,1.0,1.0,1.0,true,spring hose clamp
1994,ALTIMA2000_CLIP_HoseClamp_Coolant_004,Fasteners_Clips,CL,Coolant,HoseClamp_Coolant,MAT_Plastic_Black_Matte,plastic_blk_m,TPL_TrimClip,-1.422737,0.104486,0.546689,0.0,0.0,0.0,1.0,1.0,1.0,true,spring hose clamp
1995,ALTIMA2000_CLIP_HoseClamp_Coolant_005,Fasteners_Clips,CL,Coolant,HoseClamp_Coolant,MAT_Plastic_Black_Matte,plastic_blk_m,TPL_TrimClip,0.111954,-0.238685,0.917085,0.0,0.0,0.0,1.0,1.0,1.0,true,spring hose clamp
1996,ALTIMA2000_CLIP_HoseClamp_Coolant_006,Fasteners_Clips,CL,Coolant,HoseClamp_Coolant,MAT_Plastic_Black_Matte,plastic_blk_m,TPL_TrimClip,1.646645,-0.581856,0.637481,0.0,0.0,0.0,1.0,1.0,1.0,true,spring hose clamp
1997,ALTIMA2000_CLIP_HoseClamp_Coolant_007,Fasteners_Clips,CL,Coolant,HoseClamp_Coolant,MAT_Plastic_Black_Matte,plastic_blk_m,TPL_TrimClip,-0.836537,0.474972,0.357877,0.0,0.0,0.0,1.0,1.0,1.0,true,spring hose clamp
1998,ALTIMA2000_CLIP_HoseClamp_Coolant_008,Fasteners_Clips,CL,Coolant,HoseClamp_Coolant,MAT_Plastic_Black_Matte,plastic_blk_m,TPL_TrimClip,0.698154,0.131801,0.728273,0.0,0.0,0.0,1.0,1.0,1.0,true,spring hose clamp
1999,ALTIMA2000_CLIP_HoseClamp_Fuel_001,Fasteners_Clips,CL,Fuel,HoseClamp_Fuel,MAT_Plastic_Black_Matte,plastic_blk_m,TPL_TrimClip,2.008936,-0.266,0.7355,0.0,0.0,0.0,1.0,1.0,1.0,true,fuel line spring clamp
2000,ALTIMA2000_CLIP_HoseClamp_Fuel_002,Fasteners_Clips,CL,Fuel,HoseClamp_Fuel,MAT_Plastic_Black_Matte,plastic_blk_m,TPL_TrimClip,-0.474245,-0.609171,0.455896,0.0,0.0,0.0,1.0,1.0,1.0,true,fuel line spring clamp
2001,ALTIMA2000_CLIP_HoseClamp_Fuel_003,Fasteners_Clips,CL,Fuel,HoseClamp_Fuel,MAT_Plastic_Black_Matte,plastic_blk_m,TPL_TrimClip,1.060445,0.447657,0.826292,0.0,0.0,0.0,1.0,1.0,1.0,true,fuel line spring clamp
2002,ALTIMA2000_CLIP_HoseClamp_Fuel_004,Fasteners_Clips,CL,Fuel,HoseClamp_Fuel,MAT_Plastic_Black_Matte,plastic_blk_m,TPL_TrimClip,-1.422737,0.104486,0.546689,0.0,0.0,0.0,1.0,1.0,1.0,true,fuel line spring clamp
2003,ALTIMA2000_CLIP_HoseClamp_Fuel_005,Fasteners_Clips,CL,Fuel,HoseClamp_Fuel,MAT_Plastic_Black_Matte,plastic_blk_m,TPL_TrimClip,0.111954,-0.238685,0.917085,0.0,0.0,0.0,1.0,1.0,1.0,true,fuel line spring clamp
2004,ALTIMA2000_CLIP_HoseClamp_Fuel_006,Fasteners_Clips,CL,Fuel,HoseClamp_Fuel,MAT_Plastic_Black_Matte,plastic_blk_m,TPL_TrimClip,1.646645,-0.581856,0.637481,0.0,0.0,0.0,1.0,1.0,1.0,true,fuel line spring clamp
2005,ALTIMA2000_CLIP_Retainer_Harness_001,Fasteners_Clips,CL,Harness,Retainer_Harness,MAT_Plastic_Black_Matte,plastic_blk_m,TPL_TrimClip,2.221702,-0.3192,0.964,0.0,0.0,0.0,1.0,1.0,1.0,true,wire harness retainer
2006,ALTIMA2000_CLIP_Retainer_Harness_002,Fasteners_Clips,CL,Harness,Retainer_Harness,MAT_Plastic_Black_Matte,plastic_blk_m,TPL_TrimClip,-0.458724,-0.731006,0.447808,0.0,0.0,0.0,1.0,1.0,1.0,true,wire harness retainer
2007,ALTIMA2000_CLIP_Retainer_Harness_003,Fasteners_Clips,CL,Harness,Retainer_Harness,MAT_Plastic_Black_Matte,plastic_blk_m,TPL_TrimClip,1.19787,0.537189,1.131617,0.0,0.0,0.0,1.0,1.0,1.0,true,wire harness retainer
2008,ALTIMA2000_CLIP_Retainer_Harness_004,Fasteners_Clips,CL,Harness,Retainer_Harness,MAT_Plastic_Black_Matte,plastic_blk_m,TPL_TrimClip,-1.482556,0.125383,0.615425,0.0,0.0,0.0,1.0,1.0,1.0,true,wire harness retainer
2009,ALTIMA2000_CLIP_Retainer_Harness_005,Fasteners_Clips,CL,Harness,Retainer_Harness,MAT_Plastic_Black_Matte,plastic_blk_m,TPL_TrimClip,0.174038,-0.286422,1.299233,0.0,0.0,0.0,1.0,1.0,1.0,true,wire harness retainer
2010,ALTIMA2000_CLIP_Retainer_Harness_006,Fasteners_Clips,CL,Harness,Retainer_Harness,MAT_Plastic_Black_Matte,plastic_blk_m,TPL_TrimClip,1.830633,-0.698228,0.783042,0.0,0.0,0.0,1.0,1.0,1.0,true,wire harness retainer
2011,ALTIMA2000_CLIP_Retainer_Harness_007,Fasteners_Clips,CL,Harness,Retainer_Harness,MAT_Plastic_Black_Matte,plastic_blk_m,TPL_TrimClip,-0.849793,0.569967,0.26685,0.0,0.0,0.0,1.0,1.0,1.0,true,wire harness retainer
2012,ALTIMA2000_CLIP_Retainer_Harness_008,Fasteners_Clips,CL,Harness,Retainer_Harness,MAT_Plastic_Black_Matte,plastic_blk_m,TPL_TrimClip,0.806801,0.158161,0.950658,0.0,0.0,0.0,1.0,1.0,1.0,true,wire harness retainer
2013,ALTIMA2000_CLIP_Retainer_Harness_009,Fasteners_Clips,CL,Harness,Retainer_Harness,MAT_Plastic_Black_Matte,plastic_blk_m,TPL_TrimClip,-1.873625,-0.253644,0.434467,0.0,0.0,0.0,1.0,1.0,1.0,true,wire harness retainer
2014,ALTIMA2000_CLIP_Retainer_Harness_010,Fasteners_Clips,CL,Harness,Retainer_Harness,MAT_Plastic_Black_Matte,plastic_blk_m,TPL_TrimClip,-0.217031,-0.66545,1.118275,0.0,0.0,0.0,1.0,1.0,1.0,true,wire harness retainer
2015,ALTIMA2000_CLIP_Retainer_Harness_011,Fasteners_Clips,CL,Harness,Retainer_Harness,MAT_Plastic_Black_Matte,plastic_blk_m,TPL_TrimClip,1.439564,0.602745,0.602084,0.0,0.0,0.0,1.0,1.0,1.0,true,wire harness retainer
2016,ALTIMA2000_CLIP_Retainer_Harness_012,Fasteners_Clips,CL,Harness,Retainer_Harness,MAT_Plastic_Black_Matte,plastic_blk_m,TPL_TrimClip,-1.240862,0.190939,1.285892,0.0,0.0,0.0,1.0,1.0,1.0,true,wire harness retainer
2017,ALTIMA2000_CLIP_Retainer_Harness_013,Fasteners_Clips,CL,Harness,Retainer_Harness,MAT_Plastic_Black_Matte,plastic_blk_m,TPL_TrimClip,0.415732,-0.220866,0.7697,0.0,0.0,0.0,1.0,1.0,1.0,true,wire harness retainer
2018,ALTIMA2000_CLIP_Retainer_Harness_014,Fasteners_Clips,CL,Harness,Retainer_Harness,MAT_Plastic_Black_Matte,plastic_blk_m,TPL_TrimClip,2.072327,-0.632672,0.253509,0.0,0.0,0.0,1.0,1.0,1.0,true,wire harness retainer
2019,ALTIMA2000_CLIP_Retainer_Harness_015,Fasteners_Clips,CL,Harness,Retainer_Harness,MAT_Plastic_Black_Matte,plastic_blk_m,TPL_TrimClip,-0.608099,0.635523,0.937317,0.0,0.0,0.0,1.0,1.0,1.0,true,wire harness retainer
2020,ALTIMA2000_CLIP_Retainer_Harness_016,Fasteners_Clips,CL,Harness,Retainer_Harness,MAT_Plastic_Black_Matte,plastic_blk_m,TPL_TrimClip,1.048495,0.223717,0.421125,0.0,0.0,0.0,1.0,1.0,1.0,true,wire harness retainer
2021,ALTIMA2000_CLIP_Retainer_Harness_017,Fasteners_Clips,CL,Harness,Retainer_Harness,MAT_Plastic_Black_Matte,plastic_blk_m,TPL_TrimClip,-1.631931,-0.188088,1.104934,0.0,0.0,0.0,1.0,1.0,1.0,true,wire harness retainer
2022,ALTIMA2000_CLIP_Retainer_Harness_018,Fasteners_Clips,CL,Harness,Retainer_Harness,MAT_Plastic_Black_Matte,plastic_blk_m,TPL_TrimClip,0.024663,-0.599894,0.588742,0.0,0.0,0.0,1.0,1.0,1.0,true,wire harness retainer
2023,ALTIMA2000_CLIP_Retainer_Harness_019,Fasteners_Clips,CL,Harness,Retainer_Harness,MAT_Plastic_Black_Matte,plastic_blk_m,TPL_TrimClip,1.681258,0.668301,1.27255,0.0,0.0,0.0,1.0,1.0,1.0,true,wire harness retainer
2024,ALTIMA2000_CLIP_Retainer_Harness_020,Fasteners_Clips,CL,Harness,Retainer_Harness,MAT_Plastic_Black_Matte,plastic_blk_m,TPL_TrimClip,-0.999168,0.256495,0.756359,0.0,0.0,0.0,1.0,1.0,1.0,true,wire harness retainer
2025,ALTIMA2000_CLIP_Retainer_BrakeLine_001,Fasteners_Clips,CL,BrakeLine,Retainer_BrakeLine,MAT_Plastic_Black_Matte,plastic_blk_m,TPL_TrimClip,2.008936,-0.266,0.7355,0.0,0.0,0.0,1.0,1.0,1.0,true,brake line retaining clip
2026,ALTIMA2000_CLIP_Retainer_BrakeLine_002,Fasteners_Clips,CL,BrakeLine,Retainer_BrakeLine,MAT_Plastic_Black_Matte,plastic_blk_m,TPL_TrimClip,-0.474245,-0.609171,0.455896,0.0,0.0,0.0,1.0,1.0,1.0,true,brake line retaining clip
2027,ALTIMA2000_CLIP_Retainer_BrakeLine_003,Fasteners_Clips,CL,BrakeLine,Retainer_BrakeLine,MAT_Plastic_Black_Matte,plastic_blk_m,TPL_TrimClip,1.060445,0.447657,0.826292,0.0,0.0,0.0,1.0,1.0,1.0,true,brake line retaining clip
2028,ALTIMA2000_CLIP_Retainer_BrakeLine_004,Fasteners_Clips,CL,BrakeLine,Retainer_BrakeLine,MAT_Plastic_Black_Matte,plastic_blk_m,TPL_TrimClip,-1.422737,0.104486,0.546689,0.0,0.0,0.0,1.0,1.0,1.0,true,brake line retaining clip
2029,ALTIMA2000_CLIP_Retainer_BrakeLine_005,Fasteners_Clips,CL,BrakeLine,Retainer_BrakeLine,MAT_Plastic_Black_Matte,plastic_blk_m,TPL_TrimClip,0.111954,-0.238685,0.917085,0.0,0.0,0.0,1.0,1.0,1.0,true,brake line retaining clip
2030,ALTIMA2000_CLIP_Retainer_BrakeLine_006,Fasteners_Clips,CL,BrakeLine,Retainer_BrakeLine,MAT_Plastic_Black_Matte,plastic_blk_m,TPL_TrimClip,1.646645,-0.581856,0.637481,0.0,0.0,0.0,1.0,1.0,1.0,true,brake line retaining clip
2031,ALTIMA2000_CLIP_Retainer_BrakeLine_007,Fasteners_Clips,CL,BrakeLine,Retainer_BrakeLine,MAT_Plastic_Black_Matte,plastic_blk_m,TPL_TrimClip,-0.836537,0.474972,0.357877,0.0,0.0,0.0,1.0,1.0,1.0,true,brake line retaining clip
2032,ALTIMA2000_CLIP_Retainer_BrakeLine_008,Fasteners_Clips,CL,BrakeLine,Retainer_BrakeLine,MAT_Plastic_Black_Matte,plastic_blk_m,TPL_TrimClip,0.698154,0.131801,0.728273,0.0,0.0,0.0,1.0,1.0,1.0,true,brake line retaining clip
2033,ALTIMA2000_CLIP_Retainer_BrakeLine_009,Fasteners_Clips,CL,BrakeLine,Retainer_BrakeLine,MAT_Plastic_Black_Matte,plastic_blk_m,TPL_TrimClip,-1.785028,-0.21137,0.44867,0.0,0.0,0.0,1.0,1.0,1.0,true,brake line retaining clip
2034,ALTIMA2000_CLIP_Retainer_BrakeLine_010,Fasteners_Clips,CL,BrakeLine,Retainer_BrakeLine,MAT_Plastic_Black_Matte,plastic_blk_m,TPL_TrimClip,-0.250337,-0.554541,0.819066,0.0,0.0,0.0,1.0,1.0,1.0,true,brake line retaining clip
2035,ALTIMA2000_ELEC_Bracket_Module_001,Electrical_Modules,EL,Module,Bracket_Module,MAT_Steel_Structural,steel,TPL_Bracket,2.115319,-0.2812,1.0034,0.0,0.0,0.0,1.0,1.0,1.0,true,module mounting bracket
2036,ALTIMA2000_ELEC_Bracket_Module_002,Electrical_Modules,EL,Module,Bracket_Module,MAT_Steel_Structural,steel,TPL_Bracket,-0.499359,-0.643981,0.564637,0.0,0.0,0.0,1.0,1.0,1.0,true,module mounting bracket
2037,ALTIMA2000_ELEC_Bracket_Module_003,Electrical_Modules,EL,Module,Bracket_Module,MAT_Steel_Structural,steel,TPL_Bracket,1.116601,0.473238,1.145874,0.0,0.0,0.0,1.0,1.0,1.0,true,module mounting bracket
2038,ALTIMA2000_ELEC_Bracket_Module_004,Electrical_Modules,EL,Module,Bracket_Module,MAT_Steel_Structural,steel,TPL_Bracket,-1.498077,0.110457,0.707111,0.0,0.0,0.0,1.0,1.0,1.0,true,module mounting bracket
2039,ALTIMA2000_ELEC_Bracket_Module_005,Electrical_Modules,EL,Module,Bracket_Module,MAT_Steel_Structural,steel,TPL_Bracket,0.117883,-0.252324,1.288348,0.0,0.0,0.0,1.0,1.0,1.0,true,module mounting bracket
2040,ALTIMA2000_ELEC_Bracket_Module_006,Electrical_Modules,EL,Module,Bracket_Module,MAT_Steel_Structural,steel,TPL_Bracket,1.733843,-0.615105,0.849585,0.0,0.0,0.0,1.0,1.0,1.0,true,module mounting bracket
2041,ALTIMA2000_ELEC_Bracket_Module_007,Electrical_Modules,EL,Module,Bracket_Module,MAT_Steel_Structural,steel,TPL_Bracket,-0.880836,0.502114,0.410823,0.0,0.0,0.0,1.0,1.0,1.0,true,module mounting bracket
2042,ALTIMA2000_ELEC_Bracket_Module_008,Electrical_Modules,EL,Module,Bracket_Module,MAT_Steel_Structural,steel,TPL_Bracket,0.735125,0.139333,0.99206,0.0,0.0,0.0,1.0,1.0,1.0,true,module mounting bracket
2043,ALTIMA2000_ELEC_Bracket_Module_009,Electrical_Modules,EL,Module,Bracket_Module,MAT_Steel_Structural,steel,TPL_Bracket,-1.879554,-0.223448,0.553297,0.0,0.0,0.0,1.0,1.0,1.0,true,module mounting bracket
2044,ALTIMA2000_ELEC_Bracket_Module_010,Electrical_Modules,EL,Module,Bracket_Module,MAT_Steel_Structural,steel,TPL_Bracket,-0.263594,-0.58623,1.134534,0.0,0.0,0.0,1.0,1.0,1.0,true,module mounting bracket
2045,ALTIMA2000_ELEC_Bracket_Module_011,Electrical_Modules,EL,Module,Bracket_Module,MAT_Steel_Structural,steel,TPL_Bracket,1.352366,0.530989,0.695771,0.0,0.0,0.0,1.0,1.0,1.0,true,module mounting bracket
2046,ALTIMA2000_ELEC_Bracket_Module_012,Electrical_Modules,EL,Module,Bracket_Module,MAT_Steel_Structural,steel,TPL_Bracket,-1.262312,0.168208,1.277008,0.0,0.0,0.0,1.0,1.0,1.0,true,module mounting bracket
2047,ALTIMA2000_INTR_Damper_Floor_001,Interior_Insulation,IN,Floor,Damper_Floor,MAT_Thermal_Insulation,insulation,TPL_Damper_Pad,2.115319,-0.2812,1.0034,0.0,0.0,0.0,1.0,1.0,1.0,true,sound deadening pad
2048,ALTIMA2000_INTR_Damper_Floor_002,Interior_Insulation,IN,Floor,Damper_Floor,MAT_Thermal_Insulation,insulation,TPL_Damper_Pad,-0.499359,-0.643981,0.564637,0.0,0.0,0.0,1.0,1.0,1.0,true,sound deadening pad
2049,ALTIMA2000_INTR_Damper_Floor_003,Interior_Insulation,IN,Floor,Damper_Floor,MAT_Thermal_Insulation,insulation,TPL_Damper_Pad,1.116601,0.473238,1.145874,0.0,0.0,0.0,1.0,1.0,1.0,true,sound deadening pad
2050,ALTIMA2000_INTR_Damper_Floor_004,Interior_Insulation,IN,Floor,Damper_Floor,MAT_Thermal_Insulation,insulation,TPL_Damper_Pad,-1.498077,0.110457,0.707111,0.0,0.0,0.0,1.0,1.0,1.0,true,sound deadening pad
2051,ALTIMA2000_INTR_Damper_Floor_005,Interior_Insulation,IN,Floor,Damper_Floor,MAT_Thermal_Insulation,insulation,TPL_Damper_Pad,0.117883,-0.252324,1.288348,0.0,0.0,0.0,1.0,1.0,1.0,true,sound deadening pad
2052,ALTIMA2000_INTR_Damper_Floor_006,Interior_Insulation,IN,Floor,Damper_Floor,MAT_Thermal_Insulation,insulation,TPL_Damper_Pad,1.733843,-0.615105,0.849585,0.0,0.0,0.0,1.0,1.0,1.0,true,sound deadening pad
2053,ALTIMA2000_INTR_Damper_Floor_007,Interior_Insulation,IN,Floor,Damper_Floor,MAT_Thermal_Insulation,insulation,TPL_Damper_Pad,-0.880836,0.502114,0.410823,0.0,0.0,0.0,1.0,1.0,1.0,true,sound deadening pad
2054,ALTIMA2000_INTR_Damper_Floor_008,Interior_Insulation,IN,Floor,Damper_Floor,MAT_Thermal_Insulation,insulation,TPL_Damper_Pad,0.735125,0.139333,0.99206,0.0,0.0,0.0,1.0,1.0,1.0,true,sound deadening pad
2055,ALTIMA2000_INTR_Damper_Floor_009,Interior_Insulation,IN,Floor,Damper_Floor,MAT_Thermal_Insulation,insulation,TPL_Damper_Pad,-1.879554,-0.223448,0.553297,0.0,0.0,0.0,1.0,1.0,1.0,true,sound deadening pad
2056,ALTIMA2000_INTR_Damper_Floor_010,Interior_Insulation,IN,Floor,Damper_Floor,MAT_Thermal_Insulation,insulation,TPL_Damper_Pad,-0.263594,-0.58623,1.134534,0.0,0.0,0.0,1.0,1.0,1.0,true,sound deadening pad
2057,ALTIMA2000_INTR_Damper_Floor_011,Interior_Insulation,IN,Floor,Damper_Floor,MAT_Thermal_Insulation,insulation,TPL_Damper_Pad,1.352366,0.530989,0.695771,0.0,0.0,0.0,1.0,1.0,1.0,true,sound deadening pad
2058,ALTIMA2000_INTR_Damper_Floor_012,Interior_Insulation,IN,Floor,Damper_Floor,MAT_Thermal_Insulation,insulation,TPL_Damper_Pad,-1.262312,0.168208,1.277008,0.0,0.0,0.0,1.0,1.0,1.0,true,sound deadening pad
2059,ALTIMA2000_INTR_Damper_Floor_013,Interior_Insulation,IN,Floor,Damper_Floor,MAT_Thermal_Insulation,insulation,TPL_Damper_Pad,0.353648,-0.194573,0.838245,0.0,0.0,0.0,1.0,1.0,1.0,true,sound deadening pad
2060,ALTIMA2000_INTR_Damper_Floor_014,Interior_Insulation,IN,Floor,Damper_Floor,MAT_Thermal_Insulation,insulation,TPL_Damper_Pad,1.969608,-0.557354,0.399482,0.0,0.0,0.0,1.0,1.0,1.0,true,sound deadening pad
2061,ALTIMA2000_INTR_Damper_Door_001,Interior_Insulation,IN,Door,Damper_Door,MAT_Thermal_Insulation,insulation,TPL_Damper_Pad,2.115319,-0.2812,1.0034,0.0,0.0,0.0,1.0,1.0,1.0,true,door sound deadening pad
2062,ALTIMA2000_INTR_Damper_Door_002,Interior_Insulation,IN,Door,Damper_Door,MAT_Thermal_Insulation,insulation,TPL_Damper_Pad,-0.499359,-0.643981,0.564637,0.0,0.0,0.0,1.0,1.0,1.0,true,door sound deadening pad
2063,ALTIMA2000_INTR_Damper_Door_003,Interior_Insulation,IN,Door,Damper_Door,MAT_Thermal_Insulation,insulation,TPL_Damper_Pad,1.116601,0.473238,1.145874,0.0,0.0,0.0,1.0,1.0,1.0,true,door sound deadening pad
2064,ALTIMA2000_INTR_Damper_Door_004,Interior_Insulation,IN,Door,Damper_Door,MAT_Thermal_Insulation,insulation,TPL_Damper_Pad,-1.498077,0.110457,0.707111,0.0,0.0,0.0,1.0,1.0,1.0,true,door sound deadening pad
2065,ALTIMA2000_INTR_Damper_Door_005,Interior_Insulation,IN,Door,Damper_Door,MAT_Thermal_Insulation,insulation,TPL_Damper_Pad,0.117883,-0.252324,1.288348,0.0,0.0,0.0,1.0,1.0,1.0,true,door sound deadening pad
2066,ALTIMA2000_INTR_Damper_Door_006,Interior_Insulation,IN,Door,Damper_Door,MAT_Thermal_Insulation,insulation,TPL_Damper_Pad,1.733843,-0.615105,0.849585,0.0,0.0,0.0,1.0,1.0,1.0,true,door sound deadening pad
2067,ALTIMA2000_INTR_Damper_Door_007,Interior_Insulation,IN,Door,Damper_Door,MAT_Thermal_Insulation,insulation,TPL_Damper_Pad,-0.880836,0.502114,0.410823,0.0,0.0,0.0,1.0,1.0,1.0,true,door sound deadening pad
2068,ALTIMA2000_INTR_Damper_Door_008,Interior_Insulation,IN,Door,Damper_Door,MAT_Thermal_Insulation,insulation,TPL_Damper_Pad,0.735125,0.139333,0.99206,0.0,0.0,0.0,1.0,1.0,1.0,true,door sound deadening pad
2069,ALTIMA2000_SHEL_Brace_Gusset_001,Body_Structure,SH,Gusset,Brace_Gusset,MAT_Steel_Structural,steel,TPL_Bracket,2.115319,-0.2812,1.0034,0.0,0.0,0.0,1.0,1.0,1.0,true,body gusset brace
2070,ALTIMA2000_SHEL_Brace_Gusset_002,Body_Structure,SH,Gusset,Brace_Gusset,MAT_Steel_Structural,steel,TPL_Bracket,-0.499359,-0.643981,0.564637,0.0,0.0,0.0,1.0,1.0,1.0,true,body gusset brace
2071,ALTIMA2000_SHEL_Brace_Gusset_003,Body_Structure,SH,Gusset,Brace_Gusset,MAT_Steel_Structural,steel,TPL_Bracket,1.116601,0.473238,1.145874,0.0,0.0,0.0,1.0,1.0,1.0,true,body gusset brace
2072,ALTIMA2000_SHEL_Brace_Gusset_004,Body_Structure,SH,Gusset,Brace_Gusset,MAT_Steel_Structural,steel,TPL_Bracket,-1.498077,0.110457,0.707111,0.0,0.0,0.0,1.0,1.0,1.0,true,body gusset brace
2073,ALTIMA2000_SHEL_Brace_Gusset_005,Body_Structure,SH,Gusset,Brace_Gusset,MAT_Steel_Structural,steel,TPL_Bracket,0.117883,-0.252324,1.288348,0.0,0.0,0.0,1.0,1.0,1.0,true,body gusset brace
2074,ALTIMA2000_SHEL_Brace_Gusset_006,Body_Structure,SH,Gusset,Brace_Gusset,MAT_Steel_Structural,steel,TPL_Bracket,1.733843,-0.615105,0.849585,0.0,0.0,0.0,1.0,1.0,1.0,true,body gusset brace
2075,ALTIMA2000_SHEL_Brace_Gusset_007,Body_Structure,SH,Gusset,Brace_Gusset,MAT_Steel_Structural,steel,TPL_Bracket,-0.880836,0.502114,0.410823,0.0,0.0,0.0,1.0,1.0,1.0,true,body gusset brace
2076,ALTIMA2000_SHEL_Brace_Gusset_008,Body_Structure,SH,Gusset,Brace_Gusset,MAT_Steel_Structural,steel,TPL_Bracket,0.735125,0.139333,0.99206,0.0,0.0,0.0,1.0,1.0,1.0,true,body gusset brace
2077,ALTIMA2000_SHEL_Brace_Gusset_009,Body_Structure,SH,Gusset,Brace_Gusset,MAT_Steel_Structural,steel,TPL_Bracket,-1.879554,-0.223448,0.553297,0.0,0.0,0.0,1.0,1.0,1.0,true,body gusset brace
2078,ALTIMA2000_SHEL_Brace_Gusset_010,Body_Structure,SH,Gusset,Brace_Gusset,MAT_Steel_Structural,steel,TPL_Bracket,-0.263594,-0.58623,1.134534,0.0,0.0,0.0,1.0,1.0,1.0,true,body gusset brace
2079,ALTIMA2000_SHEL_Rib_Floor_001,Body_Structure,SH,Floor,Rib_Floor,MAT_Underbody_SeamSealer,paint_under,TPL_Floor_Rib,2.115319,-0.2812,1.0034,0.0,0.0,0.0,1.0,1.0,1.0,true,floor pan reinforcement rib
2080,ALTIMA2000_SHEL_Rib_Floor_002,Body_Structure,SH,Floor,Rib_Floor,MAT_Underbody_SeamSealer,paint_under,TPL_Floor_Rib,-0.499359,-0.643981,0.564637,0.0,0.0,0.0,1.0,1.0,1.0,true,floor pan reinforcement rib
2081,ALTIMA2000_SHEL_Rib_Floor_003,Body_Structure,SH,Floor,Rib_Floor,MAT_Underbody_SeamSealer,paint_under,TPL_Floor_Rib,1.116601,0.473238,1.145874,0.0,0.0,0.0,1.0,1.0,1.0,true,floor pan reinforcement rib
2082,ALTIMA2000_SHEL_Rib_Floor_004,Body_Structure,SH,Floor,Rib_Floor,MAT_Underbody_SeamSealer,paint_under,TPL_Floor_Rib,-1.498077,0.110457,0.707111,0.0,0.0,0.0,1.0,1.0,1.0,true,floor pan reinforcement rib
2083,ALTIMA2000_SHEL_Rib_Floor_005,Body_Structure,SH,Floor,Rib_Floor,MAT_Underbody_SeamSealer,paint_under,TPL_Floor_Rib,0.117883,-0.252324,1.288348,0.0,0.0,0.0,1.0,1.0,1.0,true,floor pan reinforcement rib
2084,ALTIMA2000_SHEL_Rib_Floor_006,Body_Structure,SH,Floor,Rib_Floor,MAT_Underbody_SeamSealer,paint_under,TPL_Floor_Rib,1.733843,-0.615105,0.849585,0.0,0.0,0.0,1.0,1.0,1.0,true,floor pan reinforcement rib
2085,ALTIMA2000_SHEL_Rib_Floor_007,Body_Structure,SH,Floor,Rib_Floor,MAT_Underbody_SeamSealer,paint_under,TPL_Floor_Rib,-0.880836,0.502114,0.410823,0.0,0.0,0.0,1.0,1.0,1.0,true,floor pan reinforcement rib
2086,ALTIMA2000_SHEL_Rib_Floor_008,Body_Structure,SH,Floor,Rib_Floor,MAT_Underbody_SeamSealer,paint_under,TPL_Floor_Rib,0.735125,0.139333,0.99206,0.0,0.0,0.0,1.0,1.0,1.0,true,floor pan reinforcement rib
2087,ALTIMA2000_SHEL_Rib_Floor_009,Body_Structure,SH,Floor,Rib_Floor,MAT_Underbody_SeamSealer,paint_under,TPL_Floor_Rib,-1.879554,-0.223448,0.553297,0.0,0.0,0.0,1.0,1.0,1.0,true,floor pan reinforcement rib
2088,ALTIMA2000_SHEL_Rib_Floor_010,Body_Structure,SH,Floor,Rib_Floor,MAT_Underbody_SeamSealer,paint_under,TPL_Floor_Rib,-0.263594,-0.58623,1.134534,0.0,0.0,0.0,1.0,1.0,1.0,true,floor pan reinforcement rib
2089,ALTIMA2000_SHEL_Rib_Floor_011,Body_Structure,SH,Floor,Rib_Floor,MAT_Underbody_SeamSealer,paint_under,TPL_Floor_Rib,1.352366,0.530989,0.695771,0.0,0.0,0.0,1.0,1.0,1.0,true,floor pan reinforcement rib
2090,ALTIMA2000_SHEL_Rib_Floor_012,Body_Structure,SH,Floor,Rib_Floor,MAT_Underbody_SeamSealer,paint_under,TPL_Floor_Rib,-1.262312,0.168208,1.277008,0.0,0.0,0.0,1.0,1.0,1.0,true,floor pan reinforcement rib
2091,ALTIMA2000_FAST_Washer_Flat_001,Fasteners_Bolts,FT,Flat,Washer_Flat,MAT_Steel_Phosphate_Fastener,steel_phos,TPL_Washer,2.115319,-0.2812,1.0034,0.0,0.0,0.0,1.0,1.0,1.0,true,flat washer
2092,ALTIMA2000_FAST_Washer_Flat_002,Fasteners_Bolts,FT,Flat,Washer_Flat,MAT_Steel_Phosphate_Fastener,steel_phos,TPL_Washer,-0.499359,-0.643981,0.564637,0.0,0.0,0.0,1.0,1.0,1.0,true,flat washer
2093,ALTIMA2000_FAST_Washer_Flat_003,Fasteners_Bolts,FT,Flat,Washer_Flat,MAT_Steel_Phosphate_Fastener,steel_phos,TPL_Washer,1.116601,0.473238,1.145874,0.0,0.0,0.0,1.0,1.0,1.0,true,flat washer
2094,ALTIMA2000_FAST_Washer_Flat_004,Fasteners_Bolts,FT,Flat,Washer_Flat,MAT_Steel_Phosphate_Fastener,steel_phos,TPL_Washer,-1.498077,0.110457,0.707111,0.0,0.0,0.0,1.0,1.0,1.0,true,flat washer
2095,ALTIMA2000_FAST_Washer_Flat_005,Fasteners_Bolts,FT,Flat,Washer_Flat,MAT_Steel_Phosphate_Fastener,steel_phos,TPL_Washer,0.117883,-0.252324,1.288348,0.0,0.0,0.0,1.0,1.0,1.0,true,flat washer
2096,ALTIMA2000_FAST_Washer_Flat_006,Fasteners_Bolts,FT,Flat,Washer_Flat,MAT_Steel_Phosphate_Fastener,steel_phos,TPL_Washer,1.733843,-0.615105,0.849585,0.0,0.0,0.0,1.0,1.0,1.0,true,flat washer
2097,ALTIMA2000_FAST_Washer_Flat_007,Fasteners_Bolts,FT,Flat,Washer_Flat,MAT_Steel_Phosphate_Fastener,steel_phos,TPL_Washer,-0.880836,0.502114,0.410823,0.0,0.0,0.0,1.0,1.0,1.0,true,flat washer
2098,ALTIMA2000_FAST_Washer_Flat_008,Fasteners_Bolts,FT,Flat,Washer_Flat,MAT_Steel_Phosphate_Fastener,steel_phos,TPL_Washer,0.735125,0.139333,0.99206,0.0,0.0,0.0,1.0,1.0,1.0,true,flat washer
2099,ALTIMA2000_FAST_Washer_Flat_009,Fasteners_Bolts,FT,Flat,Washer_Flat,MAT_Steel_Phosphate_Fastener,steel_phos,TPL_Washer,-1.879554,-0.223448,0.553297,0.0,0.0,0.0,1.0,1.0,1.0,true,flat washer
2100,ALTIMA2000_FAST_Washer_Flat_010,Fasteners_Bolts,FT,Flat,Washer_Flat,MAT_Steel_Phosphate_Fastener,steel_phos,TPL_Washer,-0.263594,-0.58623,1.134534,0.0,0.0,0.0,1.0,1.0,1.0,true,flat washer
2101,ALTIMA2000_FAST_Washer_Flat_011,Fasteners_Bolts,FT,Flat,Washer_Flat,MAT_Steel_Phosphate_Fastener,steel_phos,TPL_Washer,1.352366,0.530989,0.695771,0.0,0.0,0.0,1.0,1.0,1.0,true,flat washer
2102,ALTIMA2000_FAST_Washer_Flat_012,Fasteners_Bolts,FT,Flat,Washer_Flat,MAT_Steel_Phosphate_Fastener,steel_phos,TPL_Washer,-1.262312,0.168208,1.277008,0.0,0.0,0.0,1.0,1.0,1.0,true,flat washer
2103,ALTIMA2000_FAST_Washer_Flat_013,Fasteners_Bolts,FT,Flat,Washer_Flat,MAT_Steel_Phosphate_Fastener,steel_phos,TPL_Washer,0.353648,-0.194573,0.838245,0.0,0.0,0.0,1.0,1.0,1.0,true,flat washer
2104,ALTIMA2000_FAST_Washer_Flat_014,Fasteners_Bolts,FT,Flat,Washer_Flat,MAT_Steel_Phosphate_Fastener,steel_phos,TPL_Washer,1.969608,-0.557354,0.399482,0.0,0.0,0.0,1.0,1.0,1.0,true,flat washer
2105,ALTIMA2000_FAST_Washer_Flat_015,Fasteners_Bolts,FT,Flat,Washer_Flat,MAT_Steel_Phosphate_Fastener,steel_phos,TPL_Washer,-0.64507,0.559865,0.980719,0.0,0.0,0.0,1.0,1.0,1.0,true,flat washer
2106,ALTIMA2000_FAST_Washer_Flat_016,Fasteners_Bolts,FT,Flat,Washer_Flat,MAT_Steel_Phosphate_Fastener,steel_phos,TPL_Washer,0.97089,0.197084,0.541956,0.0,0.0,0.0,1.0,1.0,1.0,true,flat washer
2107,ALTIMA2000_FAST_Washer_Flat_017,Fasteners_Bolts,FT,Flat,Washer_Flat,MAT_Steel_Phosphate_Fastener,steel_phos,TPL_Washer,-1.643788,-0.165697,1.123194,0.0,0.0,0.0,1.0,1.0,1.0,true,flat washer
2108,ALTIMA2000_FAST_Washer_Flat_018,Fasteners_Bolts,FT,Flat,Washer_Flat,MAT_Steel_Phosphate_Fastener,steel_phos,TPL_Washer,-0.027828,-0.528478,0.684431,0.0,0.0,0.0,1.0,1.0,1.0,true,flat washer
2109,ALTIMA2000_FAST_Washer_Flat_019,Fasteners_Bolts,FT,Flat,Washer_Flat,MAT_Steel_Phosphate_Fastener,steel_phos,TPL_Washer,1.588132,0.588741,1.265668,0.0,0.0,0.0,1.0,1.0,1.0,true,flat washer
2110,ALTIMA2000_FAST_Washer_Flat_020,Fasteners_Bolts,FT,Flat,Washer_Flat,MAT_Steel_Phosphate_Fastener,steel_phos,TPL_Washer,-1.026547,0.22596,0.826905,0.0,0.0,0.0,1.0,1.0,1.0,true,flat washer
2111,ALTIMA2000_FAST_Washer_Flat_021,Fasteners_Bolts,FT,Flat,Washer_Flat,MAT_Steel_Phosphate_Fastener,steel_phos,TPL_Washer,0.589413,-0.136821,0.388142,0.0,0.0,0.0,1.0,1.0,1.0,true,flat washer
2112,ALTIMA2000_FAST_Washer_Flat_022,Fasteners_Bolts,FT,Flat,Washer_Flat,MAT_Steel_Phosphate_Fastener,steel_phos,TPL_Washer,-2.025265,-0.499602,0.969379,0.0,0.0,0.0,1.0,1.0,1.0,true,flat washer
2113,ALTIMA2000_FAST_Washer_Flat_023,Fasteners_Bolts,FT,Flat,Washer_Flat,MAT_Steel_Phosphate_Fastener,steel_phos,TPL_Washer,-0.409305,0.617617,0.530616,0.0,0.0,0.0,1.0,1.0,1.0,true,flat washer
2114,ALTIMA2000_FAST_Washer_Flat_024,Fasteners_Bolts,FT,Flat,Washer_Flat,MAT_Steel_Phosphate_Fastener,steel_phos,TPL_Washer,1.206655,0.254836,1.111853,0.0,0.0,0.0,1.0,1.0,1.0,true,flat washer
2115,ALTIMA2000_FAST_Washer_Flat_025,Fasteners_Bolts,FT,Flat,Washer_Flat,MAT_Steel_Phosphate_Fastener,steel_phos,TPL_Washer,-1.408023,-0.107945,0.67309,0.0,0.0,0.0,1.0,1.0,1.0,true,flat washer
2116,ALTIMA2000_FAST_Washer_Flat_026,Fasteners_Bolts,FT,Flat,Washer_Flat,MAT_Steel_Phosphate_Fastener,steel_phos,TPL_Washer,0.207937,-0.470726,1.254327,0.0,0.0,0.0,1.0,1.0,1.0,true,flat washer
2117,ALTIMA2000_FAST_Washer_Flat_027,Fasteners_Bolts,FT,Flat,Washer_Flat,MAT_Steel_Phosphate_Fastener,steel_phos,TPL_Washer,1.823897,0.646493,0.815565,0.0,0.0,0.0,1.0,1.0,1.0,true,flat washer
2118,ALTIMA2000_FAST_Washer_Flat_028,Fasteners_Bolts,FT,Flat,Washer_Flat,MAT_Steel_Phosphate_Fastener,steel_phos,TPL_Washer,-0.790781,0.283712,0.376802,0.0,0.0,0.0,1.0,1.0,1.0,true,flat washer
2119,ALTIMA2000_FAST_Washer_Flat_029,Fasteners_Bolts,FT,Flat,Washer_Flat,MAT_Steel_Phosphate_Fastener,steel_phos,TPL_Washer,0.825179,-0.07907,0.958039,0.0,0.0,0.0,1.0,1.0,1.0,true,flat washer
2120,ALTIMA2000_FAST_Washer_Flat_030,Fasteners_Bolts,FT,Flat,Washer_Flat,MAT_Steel_Phosphate_Fastener,steel_phos,TPL_Washer,-1.789499,-0.441851,0.519276,0.0,0.0,0.0,1.0,1.0,1.0,true,flat washer
2121,ALTIMA2000_FAST_Washer_Flat_031,Fasteners_Bolts,FT,Flat,Washer_Flat,MAT_Steel_Phosphate_Fastener,steel_phos,TPL_Washer,-0.173539,0.675368,1.100513,0.0,0.0,0.0,1.0,1.0,1.0,true,flat washer
2122,ALTIMA2000_FAST_Washer_Flat_032,Fasteners_Bolts,FT,Flat,Washer_Flat,MAT_Steel_Phosphate_Fastener,steel_phos,TPL_Washer,1.442421,0.312587,0.66175,0.0,0.0,0.0,1.0,1.0,1.0,true,flat washer
2123,ALTIMA2000_FAST_Washer_Flat_033,Fasteners_Bolts,FT,Flat,Washer_Flat,MAT_Steel_Phosphate_Fastener,steel_phos,TPL_Washer,-1.172258,-0.050194,1.242987,0.0,0.0,0.0,1.0,1.0,1.0,true,flat washer
2124,ALTIMA2000_FAST_Washer_Flat_034,Fasteners_Bolts,FT,Flat,Washer_Flat,MAT_Steel_Phosphate_Fastener,steel_phos,TPL_Washer,0.443702,-0.412975,0.804224,0.0,0.0,0.0,1.0,1.0,1.0,true,flat washer
2125,ALTIMA2000_FAST_Washer_Flat_035,Fasteners_Bolts,FT,Flat,Washer_Flat,MAT_Steel_Phosphate_Fastener,steel_phos,TPL_Washer,2.059663,0.704244,0.365461,0.0,0.0,0.0,1.0,1.0,1.0,true,flat washer
2126,ALTIMA2000_FAST_Washer_Flat_036,Fasteners_Bolts,FT,Flat,Washer_Flat,MAT_Steel_Phosphate_Fastener,steel_phos,TPL_Washer,-0.555016,0.341463,0.946698,0.0,0.0,0.0,1.0,1.0,1.0,true,flat washer
2127,ALTIMA2000_FAST_Washer_Flat_037,Fasteners_Bolts,FT,Flat,Washer_Flat,MAT_Steel_Phosphate_Fastener,steel_phos,TPL_Washer,1.060944,-0.021318,0.507935,0.0,0.0,0.0,1.0,1.0,1.0,true,flat washer
2128,ALTIMA2000_FAST_Washer_Flat_038,Fasteners_Bolts,FT,Flat,Washer_Flat,MAT_Steel_Phosphate_Fastener,steel_phos,TPL_Washer,-1.553734,-0.384099,1.089173,0.0,0.0,0.0,1.0,1.0,1.0,true,flat washer
2129,ALTIMA2000_FAST_Washer_Flat_039,Fasteners_Bolts,FT,Flat,Washer_Flat,MAT_Steel_Phosphate_Fastener,steel_phos,TPL_Washer,0.062226,0.73312,0.65041,0.0,0.0,0.0,1.0,1.0,1.0,true,flat washer
2130,ALTIMA2000_FAST_Washer_Flat_040,Fasteners_Bolts,FT,Flat,Washer_Flat,MAT_Steel_Phosphate_Fastener,steel_phos,TPL_Washer,1.678186,0.370339,1.231647,0.0,0.0,0.0,1.0,1.0,1.0,true,flat washer
